﻿employee_url,name,current_job_title,current_location,connections,schools,durations,degree_name,field_of_study,industrial_skills
https://www.linkedin.com/in/ingridchiam/,Ingrid Chiam,Googler | INSEAD-er | Coach,Singapore,500+ connections,INSEAD (SG)|New Ventures West|Carnegie Mellon University - H. John Heinz III College,2014 - 2014|2018 - 2019|2008 - 2009,Master of Business Administration (MBA)|Professional Coaching Certification|Master in Information Systems Management,na|Life Coaching|Information Systems,Analytical Skills|Analysis|Business Development|Business Analysis|Start-ups|Consulting|Project Coordination|Entrepreneurship|Management|Leadership
https://www.linkedin.com/in/irashrivastava/,Ira Shrivastava,MBA Candidate at Kellogg School of Management,Singapore,500+ connections,Northwestern University - Kellogg School of Management|Rice University|The London School of Economics and Political Science (LSE),2019 - 2021|2010 - 2014|2012 - 2012,Master of Business Administration - MBA|Bachelor of Arts (B.A.)|Summer program: Money & Banking,"na|Mathematical Economic Analysis, Psychology, and Managerial Studies|na",Financial Analysis|Academic Writing|Quantitative Research|Analytics|Analysis|Strategy|Financial Modeling|Management Consulting|Communication|Leadership|Comparative Politics
https://www.linkedin.com/in/tkquach/,Thien-Kim Quach,Talent Acquisition at Google | Aspiring Change-Maker | Diversity & Inclusion Champion,Singapore,500+ connections,The University of Georgia|The University of Georgia|Chamblee Charter High School - Magnet Program,2010 - 2014|2010 - 2014|na,Bachelor’s Degree|Bachelor’s Degree|na,"Public Relations, Advertising, and Applied Communication|International Relations and Affairs|na",Social Media|Recruiting|Nonprofits|Event Management|Public Relations|Strategic Planning|Project Management|Research|Social Networking|Writing|Change Management|Internal Communications|InDesign|Microsoft Office|Teamwork|Customer Service|Fundraising|Training & Development|Coaching|Team Leadership|Management|Talent Management|Social Enterprise|SharePoint Designer
https://www.linkedin.com/in/dianabritt/,Diana Kane Britt,Head of Google Cloud Industry Solutions APAC | Angel Investor,Singapore,500+ connections,California Polytechnic State University-San Luis Obispo|University of San Francisco,1988 - 1992|1994 - 1996,BA|MBA,Political Science|Masters in Business Administration,Strategy|Solution Selling|Sales Enablement|Go-to-market Strategy|Product Management|Business Development|CRM|Business Intelligence|Professional Services|Software Industry|E-commerce|Lead Generation|Data Center|Account Management|Start-ups|Customer Relationship Management (CRM)|Sales|Demand Generation|Security|Selling|Managed Services|Direct Sales|Unified Communications|Channel Sales|Channel Partners|Mobile Devices|B2B|Pre-sales|Multi-channel Marketing|Product Marketing|Analytics|Competitive Analysis|Enterprise Content Management|Virtualization|Consultative Selling|Sales Management|Business Process Improvement|Information Technology|Salesforce.com|Strategic Partnerships|Partner Management|Business Alliances|Cross-functional Team Leadership|PaaS|Complex Sales|Marketing Automation|Strategic Alliances
https://www.linkedin.com/in/wmengtao/,Mengtao W.,Hiring software engineers for Google,Singapore,500+ connections,Chongqing University,2010 - 2015,Bachelor’s Degree,Finance and Financial Management Services,
https://www.linkedin.com/in/erika-isayama-60857312b/,Erika Isayama,Account Manager at Google,Singapore,500+ connections,Waseda University|University of Redlands,2014 - 2018|2015 - 2016,Bachelor's degree|Bachelor's degree,Liberal Arts and Sciences/Liberal Studies|Liberal Arts and Sciences/Liberal Studies,Social Media|Microsoft Word|Microsoft PowerPoint|Public Speaking
https://www.linkedin.com/in/shrutinagani/,Shruti Nagani,Program Manager at Google,Singapore,500+ connections,"Indian Institute of Technology, Roorkee",2007 - 2012,B. Tech and M.Tech,Computer Science,Data Analysis|Project Planning|Channel Partners|Business Strategy|Strategy|Research|Microsoft Office|Management
https://www.linkedin.com/in/wanyilee/,Wanyi Lee,Staffing Channels Associate Lead at Google,Singapore,500+ connections,Singapore Management University|Singapore Management University,2008 - 2012|2008 - 2012,Bachelor of Business Management|Bachelor of Science (Economics),Finance|Economics,Training
https://www.linkedin.com/in/punkhuri-chawla/,Punkhuri C.,Policy Specialist at Google,Singapore,500+ connections,National University of Singapore|Jindal Global Law School|Temasek Junior College,2018 - 2019|2012 - 2017|2010 - 2011,"Master of Laws - LLM|Bachelor of Arts, Legum Baccalaureus (BA LLB)|Singapore Cambridge A Levels",Intellectual Property and Technology Law|Law|Arts,Criminal Law|Corporate Law|Research|Social Media|Human Rights|Legal Advice|Litigation|Policy Analysis|Competition Law|Privacy Law|Microsoft Office|Public Speaking|Leadership|Teamwork|Management|English|IT Law|Data Protection Law|Technology Law|Intellectual Property Law
