﻿employee_url,name,current_job_title,current_location,connections,schools,durations,degree_name,field_of_study,industrial_skills
https://www.linkedin.com/in/anthony-le-a6605317/,Anthony Le,Google | Strategy | MBA (INSEAD),Singapore,500+ connections,INSEAD|Massachusetts Institute of Technology - Sloan School of Management|Monash University,2017 - 2018|2018 - 2018|na,Master of Business Administration - MBA|Certificate|Bachelor of Engineering - BE,na|Artificial Intelligence: Implications for Business Strategy|Chemical Engineering (Hons.),Business Analysis|Procurement|Business Strategy|Data Analysis|Change Management|Consulting|Strategic Sourcing|Finance|Business Transformation|Mergers & Acquisitions (M&A)|Data Modeling|Machine Learning|Pandas (Software)|Microsoft Excel|Python (Programming Language)|Stakeholder Management|International Strategy|Business Growth Strategies|FinTech|Cryptocurrency|NumPy
https://www.linkedin.com/in/hoangduong1607/,Duong Hoang,Software Engineer at Google,Singapore,500+ connections,"National University of Singapore|Vietnam National University, Hanoi|High School for Gifted Students, Hanoi University of Education",2016 - 2020|2015 - 2016|2012 - 2015,Bachelor's degree|Bachelor's degree|Information Technology,Computer Science|Computer Science|na,Object-Oriented Programming (OOP)|Android|Java|C|Rust|Scala|React.js|GraphQL|Functional Programming
https://www.linkedin.com/in/erwinhuizenga/,Erwin Huizenga,Machine Learning at Google | Strategic Advisor | Startup Mentor,Singapore,500+ connections,Universiteit van Amsterdam / University of Amsterdam|Glasgow Caledonian University|Noordelijke Hogeschool Leeuwarden,2010 - 2012|2007 - 2008|2005 - 2009,Master of Science (MSc)|Bachelor of Science|Bachelor of Applied Science (BASc),na|na|na,Statistics|IT Management|Software Development|Project Management|Product Management|SAS|SQL|R|Linux|Google Cloud Platform|tensorflow|Google BigQuery|Apache Beam|Apache Spark|H2O|Scikit-Learn|Tensorflow Extended
https://www.linkedin.com/in/sherrybywong/,Sherry Wong,APAC Creator Partnerships at Next 10 Ventures | Founder & Director at Young Scholar,Singapore,500+ connections,York University,na,Bachelor of Science - BSc,Molecular Biology,Project Management|Entrepreneurship|Volunteering|Non-profit|Research|Event Planning|Nonprofit Organizations|Marketing Strategy|Digital Marketing|Strategic Planning|Public Relations|Brand Development|Branding|Online Advertising|Integrated Marketing|Marketing|Social Media Marketing|Digital Media|Digital Strategy|Brand Management|Brand Strategy|B2B Marketing|Content Strategy|YouTube|Blogger|Adobe Photoshop|HubSpot|Google Analytics|Google Adwords|MailChimp|Leadership|Fundraising|Management|Time Management|Teamwork|Storytelling|Communication|Online Content Creation|Google Ad Planner|Social Media Advertising|Digital Communication|Web Content Creation
https://www.linkedin.com/in/darren-thayre-05044b15/,Darren Thayre,"Googler | Ex AWS | Ex Management Consulting Partner | Digital Transformation, Digital Ventures, & Culture Change",Singapore,500+ connections,na,na,na,na,Strategy|Business Development|Management Consulting|Project Management|Program Management|Business Analysis|Service Delivery|Outsourcing|Operations Management|Infrastructure|Vendor Management|Project Portfolio Management|Project Planning|Mergers|Project Delivery|Managed Services|Integration|IT Service Management|Consulting|IT Management|PMO|Business Strategy|Mergers & Acquisitions|Telecommunications|Product Management|Solid computer skills|Disaster Recovery|ITIL|Cloud Computing|Business Transformation|Pre-sales|Business Process|Service Management|Information Technology|IT Operations|Business Continuity|Professional Services|Management|People Development|Problem Solving|Development Of People|Leadership|Conference speaking|Start-up Consulting|Governance|Networking
https://www.linkedin.com/in/rajarshi-lahiri-183b3619/,Rajarshi Lahiri,"Program Manager, YouTube Asia Pacific",Singapore,500+ connections,"St. Xavier's College (Autonomous), Kolkata|Don Bosco High School - India",2008 - 2011|1994 - 2008,Bachelor of Science (BS)|Indian School Certificate,Mass Communication & Videography|Science,Project Management|E-commerce|Online Advertising|Social Media|Business Strategy|Data Analysis|Payments|Mobile Applications|Credit Risk|Risk Analysis|Risk Management|Research|Video Production|Business Analytics|Online Marketing|Product Management|Social Media Marketing|Business Development|Advertising|Digital Strategy|Digital Marketing|Google Adwords|SQL|Microsoft Office|Google Analytics|HTML|YouTube|Public Speaking|Customer Service|Employee Training|Strategic Partnerships|Interviewing Skills|Stakeholder Management|Influencer Marketing
https://www.linkedin.com/in/marija-ralic-05338a11/,Marija Ralic,"Google.org Lead, Google APAC",Singapore,500+ connections,INSEAD|University of Economics,2017 - 2017|na,Strategy in the Age of Digital Disruption|Equivalent Master,na|Marketing,Project Management|Event Management|Marketing|International Relations|Corporate Social Responsibility|Public Relations|Strategic Communications|Sustainability|Customer Relationship Management (CRM)|Research|Business Analysis|Sales|Management|Training|Coaching|Personal Development|Employee Engagement|Community Engagement|Public Speaking|Decision-Making|Communication|Youth Empowerment|Citizenship|External Relationships|Nonprofit Technology
https://www.linkedin.com/in/khoosujen/,Su Jen Khoo,Talent Acquisition & Learning Programs @GoogleCloud,Singapore,500+ connections,Penn State University,2009 - 2012,Bachelor of Science - BS (First Class Honours),Biotechnology,Technical Recruiting|Talent Acquisition|IT Recruitment
https://www.linkedin.com/in/ciar%C3%A1n-mcgoldrick-5686641a/,Ciarán McGoldrick,"Head of Partners & Alliances, Southeast Asia at Google Cloud.",Singapore,500+ connections,Kaplan Institute of Higher Education,2010 - 2012,Business Administraion,na,Cloud Computing|Strategy|Solution Selling|Storage|Sales|Selling|Go-to-market Strategy|Software Industry|Managed Services|Marketing|Virtualization|Integration|SaaS|Hardware|Networking|Global Account Development|Backup Solutions|Channel
https://www.linkedin.com/in/shreya-rai-6144835/,Shreya Rai,Talent Acquisition - APAC,Singapore,500+ connections,Visvesvaraya Technological University,na,B.E,Environmental Engineering,Talent Acquisition|Human Resources|Technical Recruiting|Consulting|ERP|Business Development|Vendor Management|Recruitment Advertising|Benefits Negotiation|Staffing Services|Screening|Outsourcing|HR Consulting|Contract Recruitment|Customer Relationship Management (CRM)|Screening Resumes|Performance Management|Interior Design|Architectures|Architecture|Interior Architecture|SAP|HRIS|Team Management|Talent Management|Sourcing|Interviews|Employee Engagement|Training|Personnel Management|Interviewing
