﻿employee_url,name,current_job_title,current_location,connections,schools,durations,degree_name,field_of_study,industrial_skills
https://www.linkedin.com/in/caiyiteh/,Caiyi Teh,Hiring Technical Consultants for Google APAC!,Singapore,500+ connections,The Ohio State University|Hwa Chong Institution Junior College,2011 - 2013|2009 - 2010,Bachelor’s Degree|GCE A Levels,Psychology|na,Data Analysis|Research|Recruiting|Sales|Event Planning|Talent Acquisition|Project Management|candidate management|Contract Recruitment|HR Consulting|Temporary Placement|Social Media|Recruitment Advertising|Executive Search|Marketing|Microsoft Word|Leadership|Public Speaking|Teamwork|Interviewing Skills|Tutoring|Talent Scouting|Telephone Interviewing|Human Capital|Talent Mining
https://www.linkedin.com/in/georgehyde/,George Hyde,Head of Staffing - APAC at Google,Singapore,500+ connections,na,na,na,na,Technical Recruiting|Program Management|Screening Resumes|Business Development|Talent Acquisition|Contract Recruitment|New Business Development|Analysis|Human Resources|CRM|Performance Management|Sales|Contract Management|Project Planning|Banking|Marketing|Account Management|Recruitment Advertising|Budgets|Business Planning|Project Management|Strategy|Research|Vendor Management|Business Strategy|Sales Management|Headhunting|Business Analysis|Management Consulting|Hiring|Market Research|Technical Hiring|Staffing Services|Negotiation|Interviews|Team Management|Employee Relations|Sourcing|Relationship Management|Leadership|Contract Negotiation|Talent Management|Training|Team Leadership|Team Building|Networking|IT Sourcing
https://www.linkedin.com/in/celestehuang/,Celeste Huang,Hiring Software Engineers for Google India!,Singapore,500+ connections,na,na,na,na,Recruiting|Technical Recruiting|E-commerce|Information Technology|Healthcare|Administration|Logistics|Retail|FMCG|Microsoft Office|Talent Management
https://www.linkedin.com/in/jasonkarmody/,Jason Karmody,"Unlocking 𝗕𝗲𝗹𝗼𝗻𝗴𝗶𝗻𝗴, 𝘊𝘩𝘢𝘯𝘨𝘦 & Transformative Talent",Singapore,500+ connections,INSEAD|McGill University|Kaohsiung Medical University,2019 - 2021|na|na,"Executive Masters Degree - Change, Transformation & Organizational Leadership|Bachelors Degree - Systems Thinking & Change|Training in Health Systems Performance",na|*Distinction: Scarlet Key Honour Society|na,"Strategic Planning|International Relations|Public Relations|Data Analysis|Research|Policy Analysis|Event Planning|Public Speaking|Stakeholder Management|Emotional Intelligence|Fundraising|Employee Engagement|People Management|Organizational Transformation|French|Mandarin|Diversity, Equity & Inclusion"
https://www.linkedin.com/in/davidepeluso/,Davide Peluso,Recruiting at Google | Ex-Facebook | Ex-Amazon,Singapore,500+ connections,Università Commerciale 'Luigi Bocconi'|Università Cattolica del Sacro Cuore|Queens University of Charlotte,2015 - 2016|2011 - 2014|2012 - 2012,Master's Degree|Bachelor's Degree|International student for Political Science and Economics,"Human Resources Management/Personnel Administration, General|Political Science and International Relations|na",Event Management|Event Planning|HR Management|Onboarding|Graduate Recruitment|Recruiting|Product Management|Software Development|Data Analysis|Project Management|Strategic Sourcing|Hiring|Candidate Experience|Microsoft Office|Tableau|SQL|LinkedIn Recruiter|Partner Relationship Management|Candidates Searching|QA Engineering|Recruitment Tools|University Recruitment|Diversity Recruitment|Program Coordination|International Event Management|Behavioral Interviewing|Technology Recruitment|Candidate Selection
https://www.linkedin.com/in/denesha-kirpalani-/,Denesha Kirpalani,Global Talent Acquisition Recruiter at TikTok | ByteDance,Singapore,500+ connections,Newcastle University|Ngee Ann Polytechnic,2014 - 2016|2011 - 2014,Bachelor's Degree with Honors|Diploma in Chemical and Biomolecular Engineering,Chemical Engineering|3.7,Research|Pharmaceutical Industry|Project Management|Life Sciences|Chemical Engineering|Quality Assurance|Process Engineering|Biotechnology|Engineering|Project Planning|Petroleum|Business Development|sales|Microsoft Excel|Microsoft PowerPoint|PowerPoint|Matlab|Microsoft Word|Problem Solving|Public Speaking|Management|Qualitative Research|English|Articulate Presenter
https://www.linkedin.com/in/ingrid-liew/,Ingrid Liew,"Recruiter, Southeast Asia at Google",Singapore,500+ connections,National University of Singapore|Lund University|Anglo-Chinese Junior College,2008 - 2011|2010 - 2010|na,Bachelor of Business Administration (B.B.A.)|Bachelor of Business Administration - BBA|na,"Marketing/Marketing Management, General|Marketing/Marketing Management, General|na",Performance Management|Strategy|Project Management|Marketing Strategy|Market Research|Microsoft Office|Talent Management|Management
https://www.linkedin.com/in/akshi-gupta-11bb7565/,Akshi Gupta,Hiring Talent for Google (Technology),Singapore,500+ connections,"IIPM India|Jaypee University of Information Technology|Geeta Adarsh Vidyalaya, India",2009 - 2011|2004 - 2008|na,Master of Business Administration (MBA)|Bachelor of Technology (B.Tech.)|na,HR & Marketing|Electronics and Communications Engineering|na,Recruiting|Business Development|Business Strategy|HR Policies|Strategic HR|Strategic Planning|TPM|Onboarding|Internet Recruiting|Recruitments|Executive Search|HRIS|SAP HR|Human Resources Information Systems (HRIS)|Employee Engagement|Talent Management|Management|Performance Appraisal|Team Management|SAP OM|Compensations|Behavioral Interviewing|Induction Program|Separations|Organizational Capability Building
https://www.linkedin.com/in/shrutikhosla/,Shruti Jain,"Searching for world's best Engineering Leaders to support Google, in building pioneering infrastructure & innovative solutions",Singapore,500+ connections,National Institute of Information Technology|Summer Fields,1999 - 1999|1985 - 1999,Computer Science|na,na|na,HR Policies|Executive Search|Management|Employee Relations|Sourcing|Team Management|Hunting|Grievances|Global Talent Acquisition
https://www.linkedin.com/in/chanyy/,Janae YY C.,Technical Recruiter at Google Cloud,Singapore,500+ connections,City University of Hong Kong|Jönköping University,na|na,Bachelor of Business Administration (BBA)|Exchange Student,"Management Science, Service Operation Management|Jönköping International Business School, Sweden",Operations Management|Marketing Strategy|Executive Search|Sales Operations|Coordinating Events|Logistics Management|Sales|Consulting|Food|Purchasing|Finance|Risk Management|Catering|Financial Services|Banking|Talent Acquisition|Budgets|Investments|Financial Risk|Business Development|Technical Recruiting|Human Resources (HR)|Cloud Computing|Microsoft Office|Microsoft Excel|PowerPoint|Photoshop|Management|Training|Team Building|Sourcing|PhotoImpact|Hospitality|Global Talent Acquisition|recruite
