﻿employee_url,name,current_job_title,current_location,connections,schools,durations,degree_name,field_of_study,industrial_skills
https://www.linkedin.com/in/andina-badri-96978618/,Andina Badri,Global lead - YouTube Music Product Marketing & International Markets,Singapore,500+ connections,The London School of Economics and Political Science (LSE)|School of Business and Management ITB,2015 - 2016|2006 - 2009,Master of Science (MSc)|Bachelor's degree,Management of Information Systems|Business Managament- Marketing,Integrated Marketing|Business Strategy|Sales|New Business Development|Market Planning|Corporate Communications|Public Relations|Brand Management|Analysis|Customer Insight|Sales Operations|Key Account Management|Strategy|Marketing Strategy|Fast-Moving Consumer Goods (FMCG)|Business Planning|Marketing Management|Digital Marketing|Strategic Planning|Trade Marketing|Advertising|Social Media Marketing|Market Analysis|Competitive Analysis|Media Planning|Marketing Research|Business Development|Management|Leadership|Marketing Communications
https://www.linkedin.com/in/dhruv-vohra-718017147/,Dhruv Vohra,"Director, Facebook",Singapore,500+ connections,Duke University|Indian School of Business,na|na,Google Business Academy|Master of Business Administration - MBA,"Business Administration and Management, General|Finance and Marketing",Business Development
https://www.linkedin.com/in/angeline-leow-35694829/,Angeline Leow,Communications at Google l ex-Goldman Sachs | ex-EDB,Singapore,500+ connections,Nanyang Technological University|The Chinese University of Hong Kong|Melcrum,2005 - 2009|2007 - 2007|na,Bachelor of Communications Studies (2nd Upper Honours)|School of Journalism and Communication|na,Specialised in Public and Promotional Communciations|na|na,
https://www.linkedin.com/in/iqra-shahid/,Iqra Shahid,Key Account Manager at Google,Singapore,500+ connections,Lahore University of Management Sciences,2012 - 2016,Bachelor’s Degree,Economics and Political Science,Brand Awareness|Market Research|Key Account Development|Sales Operations|Team Motivation|Team Leadership|Leadership|Sales Promotion|Sales Channel Development|Sales & Distribution
https://www.linkedin.com/in/rachelsteo/,Rachel S Teo,Government Affairs & Public Policy at Google,Singapore,500+ connections,HEC Paris|University of Wisconsin-Madison,2007 - 2009|2003 - 2006,Master of Science in Management (Grande École)|Bachelor of Science (B.Sc.) - Honours,Specialisation in Economics|Biochemistry,Business Development|Government|Market Research|Management Consulting|Analysis|Strategic Planning|Financial Modeling|Corporate Communications|Competitive Analysis|Marketing Strategy|Management
https://www.linkedin.com/in/edwinleeatgoogle/,Edwin L.,"Staffing Channels Specialist, APAC at Google",Singapore,500+ connections,"University at Buffalo|University of California, Berkeley",2009 - 2013|2011 - 2011,Bachelor of Science (B.Sc.)|International Students Exchange Programme,"Finance, General|Sociology and Anthropology",Consulting|Recruiting|Human Resources
https://www.linkedin.com/in/shaifali-nathan/,Shaifali Nathan,"Head of Large Customer Marketing & Events, APAC at Google",Singapore,500+ connections,"Indian Institute of Management, Ahmedabad|Delhi University",1999 - 2001|1996 - 1999,MBA|B.Com (H),Marketing|Commerce,Marketing Strategy|Marketing|Direct Marketing|Business Strategy|Sales|Product Development|Business Planning|P&L Management|Product Marketing|Strategic Planning|Pricing|Insurance|Leadership|Team Management|Strategic Partnerships
https://www.linkedin.com/in/anish-malhotra-534829/,Anish Malhotra,South East Asia Head of Customer Engineering at Google,Singapore,500+ connections,"Institute of Management Technology, Ghaziabad|St. Stephens College (Delhi University)|Delhi Public School, R.K.Puram",1988 - 1990|1985 - 1988|1984 - 1985,PGDBM|B.Sc|Class 12,Management|Computer Sciences|Science,Pre-sales|Strategy|Product Management|Business Development|Consulting|Customer Relationship Management (CRM)|Business Intelligence|Sales Operations|Professional Services|Selling|Go-to-market Strategy|Business Analysis|Enterprise Search|Telecommunications|Solution Selling|Sales|Direct Sales|Software Industry|Channel Partners|Sales Management|Start-ups|Sales Enablement|Analytics|Lead Generation|Sales Process|Demand Generation|Channel Sales|Product Marketing|Competitive Analysis|Account Management|Key Account Management|Salesforce.com|SaaS|Software as a Service (SaaS)|Google Cloud Platform|Team Management|Management|Leadership|Partner Management|Cross-functional Team Leadership|Business Alliances|Sales Engineering|Strategic Alliances|PaaS
https://www.linkedin.com/in/kaylajs/,Kayla Jiao Shen,Talent Acquisition at Google APAC,Singapore,500+ connections,National University of Singapore|Xiamen Foreign Language School,2011 - 2015|2005 - 2011,Bachelor’s Degree (Honors)|High School,Information System|Top 5%,
https://www.linkedin.com/in/tracygoogle/,Tracy Goh,Engineering Leadership Staffing - APAC at Google,Singapore,500+ connections,National University of Singapore|Singapore Management University,2009 - 2013|2011 - 2011,Bachelor’s Degree|na,Economics|na,
