﻿employee_url,name,current_job_title,current_location,connections,schools,durations,degree_name,field_of_study,industrial_skills
https://www.linkedin.com/in/marinasantalicesamigo/,Marina Santalices Amigo,Women Will Global Marketing Lead at Google,Singapore,500+ connections,The Wharton School|ESCP Europe|Université Paris-Sorbonne,2019 - 2019|2014 - 2015|2012 - 2013,Google Marketing Academy: The Fundamentals of Marketing|MSc Marketing & Digital Media (Madrid Campus)|Cours de Civilisation Français | B1-B2,na|na|French Language and Literature,Marketing|Data Analysis|Product Marketing|Economics|Pharmaceutical Industry|Business Strategy|Microsoft Excel|PowerPoint|Microsoft Word|Microsoft PowerPoint|Management|French|Inglés|Industria farmacéutica|Administración y dirección de empresas|Trabajo en equipo|Investigación y desarrollo|Francés|Estrategia|Mercadotecnia|Economía|Estrategia de mercadotecnia|Estrategia empresarial|Marketing de productos
https://www.linkedin.com/in/pieterpaulwalraven/,Pieter-Paul Walraven,Product at Google,Singapore,500+ connections,University of Amsterdam|The University of Hong Kong|Vrije Universiteit Amsterdam (VU Amsterdam),2003 - 2008|2007 - 2007|na,MA New Media|BA|na,"China, Internet, Mobile, Innovation, Web 2.0 etc|Development in Modern China, China World Politics, Mandarin|na",Agile Methodologies|Start-ups|Mobile Devices|Game Design|Product Marketing|Mobile Applications|CRM|Marketing Strategy|Web Development|Digital Media|Customer Relationship Management (CRM)|SaaS|Enterprise Software|Software as a Service (SaaS)|Management|Monetization|Virtual Goods
https://www.linkedin.com/in/stevenkesteryuwono/,Steven Kester Yuwono,Software Engineer at Google,Singapore,500+ connections,National University of Singapore|National University of Singapore,2016 - 2018|2012 - 2016,Master of Science|Bachelor of Computing with Honours - Distinction,Computer Science - Natural Language Processing|Computer Science,MySQL|PHP|JavaScript|Databases|Android
https://www.linkedin.com/in/hae-na-noh/,"Hae Na, Noh","APAC Territory Manager, Google Cloud - GCP at Google",Singapore,500+ connections,National University of Singapore|Anderson Junior College,2011 - 2014|2009 - 2010,Bachelor’s Degree|High School,"Economics|Physics, Chemistry, Math, Economics",Customer Relations|Consulting|Account Management|Solution Selling|Sales|Market Research|SOA|Cloud|Customer Retention|Project Management|Integration|Business Process Management|IT Solutions|Identity Management|Translation|Customer Engagement|Business Analysis|Microsoft Excel|Microsoft Powerpoint|Google Cloud Platform (GCP)|Communication|Presentation Skills|Public Speaking|Client Relations|Negotiation|Team Management|Oracle Fusion Middleware|Lead Qualification|Networking|PaaS|Enterprise Mobility
https://www.linkedin.com/in/saurabhdangwal/,Saurabh Dangwal,"Head of Global Accounts, CPG, Google",Singapore,500+ connections,Mudra Institute of Communications Ahmedabad (MICA)|Delhi University|AFGJI,2001 - 2003|1999 - 2001|1986 - 1998,Post Graduate Program in Communications|B.A.Hons|Computer science,Marketing Communications|Mathematics|Computer Science,New Business Development|Business Strategy|Digital Strategy|Online Advertising|Entrepreneurship|Advertising|SEM|Market Analysis|Strategy|Media Planning|Start-ups|Business Development|Mobile Marketing|Analytics|Marketing|Market Research|Sales Process|Social Media Marketing|Mobile Devices|Online Marketing|Web Analytics|PPC|SEO|Media Buying|Mobile Advertising|E-commerce|Lead Generation|Marketing Research|Brand Management|Entrepreneur|Entrepreneurial Skills|Market Opportunity Analysis|Display Advertising|Web Marketing|Search Advertising|Interactive Marketing|Campaign Management|Conversion Optimization|Customer Insight|Brand Development|Google Analytics|Google Adwords|Strategic Partnerships|Ad Networks|New Media|Ad Exchanges|Performance Consulting
https://www.linkedin.com/in/aman-chawla-7107827/,Aman Chawla,"Strategic Partnerships, Large Partner Solutions at Google",Singapore,500+ connections,Indian School of Business|Kirloskar Institute of Advanced Management Studies (KIAMS),na|na,Executive Education|Master of Business Administration - MBA,"Marketing/Marketing Management, General|Marketing and General Management",Credit Cards|Strategy|Financial Services|Sales|Retail Banking|Wealth Management|Payments|Commercial Banking|Customer Acquisition|Business Development|Relationship Management|Debit Cards
https://www.linkedin.com/in/tarnsiri/,Tarn Siripanichgorn,APAC Go-To-Market @Google,Singapore,500+ connections,Thammasat University|University of Vermont,2007 - 2011|2009 - 2010,Bachelor Degree|Exchange Program with ISEP,"Economics, Marketing, Finance|Economics, Business",Social Media Marketing|Sales|Market Research|Business Strategy|Lead Generation|Economics|Business Development|Marketing Management|Market Analysis|Marketing|Competitive Analysis|Sales Presentations|Leadership|Management|Team Leadership
https://www.linkedin.com/in/avenish-prasad-9a55a37/,Avenish Prasad,Cloud Value Advisory APAC at Google,Singapore,500+ connections,"XLRI Jamshedpur|Motilal Nehru National Institute Of Technology|South Point High School, Kolkata",1995 - 1998|1989 - 1993|1975 - 1989,"PGDBM|BE|10th, 12th.",Finance and Systems|Mechanical Engineering|Science,Business Intelligence|ERP|Consulting|Business Analysis|Business Development|Strategy|Requirements Analysis|Engineering|Pre-sales|Functional Requirements|Integration|Software Project Management|SAP Implementation|Solution Architecture|Business Transformation|IT Strategy|Enterprise Resource Planning (ERP)|Business Strategy|Enterprise Architecture|Business Process Improvement|Testing|Outsourcing|Business Process Re-engineering|PMP|Master Data Management|Data Warehousing|Business Intelligence (BI)|SAP ERP|SAP|Enterprise Software|SAP R/3|Leadership|Team Leadership|Cross-functional Team Leadership
https://www.linkedin.com/in/leejiening/,Jie Ning L.,Account Manager at Google | Digital Marketing | Ad Tech | Programmatic,Singapore,500+ connections,University of London International Programmes|Singapore Polytechnic,2013 - 2016|2009 - 2012,Bachelor’s Degree|High School,Accounting and Finance|Integrated Events and Project Management,Accounting|Public Relations|Finance|Events Coordination|Project Management|Event Management|Strategic Planning|Budgets|Social Networking|Newsletters|Marketing|Social Media|Web Development|Big Data|Digital Marketing|Marketing Strategy|Digital Media|Account Management|Advertising|Microsoft Excel|Google Analytics|Google Adwords|WordPress|Adobe Photoshop|Tableau|Teamwork|Leadership|Public Speaking|Management|Mentoring|Communication|Client Relations|AdWords Display Basics|Programmatic Media Buying|DoubleClick Ad Exchange|Ad Exchange|Marketing Communications|DoubleClick|AdWords Search|Introduction to R|Customer Experience Management|Ad Tech
https://www.linkedin.com/in/joseph-kum-weareone/,Joseph Kum,Helping Companies Harness the Power and Scale of Digital Advertising @ GOOGLE,Singapore,500+ connections,University of Baguio,2012 - 2015,Bachelor of Arts in Political Science,"Political Science and Government, Social Sciences",Customer Experience|International Relations|Customer Relationship Management (CRM)|Public Relations|Research|Project Management|Social Media|Editing|Event Management|Entrepreneurship|Customer Acquisition|Analytical Skills|Market Planning|Business Development|Digital Marketing|Marketing|Cold Calling|Sales Effectiveness|Microsoft Office|Microsoft PowerPoint|Microsoft Word|Microsoft Excel|Salesforce.com|Public Speaking|Customer Service|Teamwork|Leadership|Problem Solving|Negotiation|Communication|Management|Team Leadership|Training|Leadership Development|Interpersonal Skills|English|Tagalog|Networking|Sales Prospecting|Social Selling
