﻿employee_url,name,current_job_title,current_location,connections,schools,durations,degree_name,field_of_study,industrial_skills
https://www.linkedin.com/in/waynewz/,Wayne Wong,Analytics @ Google,Singapore,500+ connections,Stanford University|National University of Singapore|NUS Overseas Colleges,2013 - 2014|2011 - 2015|2013 - 2014,na|Bachelor of Business Administration|na,na|Finance|na,Strategy|Financial Modeling|Business Strategy|Valuation|Finance|Due Diligence|Economics|Management Consulting|Business Planning|Marketing Strategy|Financial Accounting|R|Python|Tableau|PowerBI|SQL|Microsoft Excel|Excel VBA|Teamwork|Team Leadership
https://www.linkedin.com/in/meng-shin-l-58993480/,Meng shin L.,Talent Advocate: Connect Software Talent with Google,Singapore,500+ connections,National Cheng Kung University|University of Minnesota-Twin Cities|University of Wisconsin-Madison,na|na|na,Bachelor of Arts (B.A.)|Master of Arts (M.A.)|Psychology,"Psychology, English|Educational Psychology|na",Psychological Testing|Human Resources (HR)|Recruiting|Hiring|Statistical Software|International hiring
https://www.linkedin.com/in/sara-pelosi-8356311/,Sara Pelosi,Head of APAC Staffing Channels at Google,Singapore,500+ connections,University of Southern California - Marshall School of Business|University of Southern California,2006 - 2008|1998 - 2002,MBA|Bachelors,na|Music Industry,Data Analysis|Social Media|Business Strategy|Business Development|Analysis|Strategic Planning|Recruiting|Human Resources|Leadership|Cross-functional Team Leadership|Team Leadership|Training|Process Improvement
https://www.linkedin.com/in/alvin-h-a63362a9/,Alvin H,People Operations | Corporate Recruiter | Talent Acquisition for Google APAC,Singapore,500+ connections,Murdoch University|Pioneer Junior College,2016|2009,Bachelor’s Degree - Communication & Media Studies|Singapore-Cambridge GCE A Levels – Sciences,na|na,
https://www.linkedin.com/in/camilladodkins/,Camilla Dodkins,Staffing Channels Specialist at Google,Singapore,500+ connections,University of Brighton,na,Bachelor's degree,Psychology,Recruitment Advertising|Account Management|Screening|Technical Recruiting|technical recruitment|Sourcing|Customer Service|Negotiation|Management
https://www.linkedin.com/in/romanmatla/,Roman Matla,"Director, APAC Diversity & Employee Engagement at Google",Singapore,500+ connections,Humber College,1992 - 1995,Honours,Business Administration,Change Management|Human Resources|Vendor Management|Succession Planning|Performance Management|Business Strategy|Onboarding|Consulting|Recruiting|Organizational Design|Strategic Planning|Business Process Improvement|Program Management|Analysis|Talent Acquisition|Integration|Management Consulting|Workforce Planning|HR Consulting|Budgets|IT Management|New Business Development|Talent Management|Employee Engagement|Team Building|Training|Team Leadership|Employee Relations|Personnel Management|Organizational Development|Employee Training|Executive Management|Leadership Development|Executive Coaching|Organizational Effectiveness|Interviews|Staff Development|Sourcing|Diversity & Inclusion|Governance
