﻿employee_url,name,current_job_title,current_location,connections,schools,durations,degree_name,field_of_study,industrial_skills
https://www.linkedin.com/in/divya-dahiya-61b0b153/,Divya Dahiya,Talent Acquisition - Recruiting Top Talents for Google at Google,Singapore,500+ connections,Maharshi Dayanand University|Maharshi Dayanand University,2009 - 2011|2006 - 2009,Master of Business Administration (MBA) - Human Resource Management|Bachelor of Commerce (B.Com.),"Recruitment & HR|Accountancy, Finance, International Business, Economics and Management",Screening|Human Resources|IT Recruitment|Recruitments|Headhunting|Interviewing|Negotiation|Interviews|Induction|Global Talent Acquisition
https://www.linkedin.com/in/minghuilim/,Ming Hui Lim,Recruiting Product Managers for Google,Singapore,500+ connections,National University of Singapore,2006 - 2010,Bachelor of Engineering (B.E.),Chemical Engineering,Technical Recruiting|Sales|Temporary Placement|Human Resources|Permanent Placement|Contract Recruitment|Business Development|Account Management|Pipelines|Talent Acquisition|screening|Screening Resumes|Databases|Applicant Tracking Systems|LinkedIn Recruiter|Sourcing|Talent Management|Management|Communication|Talent Pipelining|Pre-screening|Passive Candidate Generation|Candidate Assessment|Pipelining|Phone Screening
https://www.linkedin.com/in/jaslynnsoh/,Jaslynn Soh,Hiring Talents for Google!,Singapore,500+ connections,Temasek Polytechnic,na,Hospitality and Tourism Managment,na,R&D|Technical Recruiting|Executive Search|Business Development|Human Resources|Event Management|Recruiting|Event Planning|Marketing|Public Relations|Social Media|Corporate Events|Events Coordination|Sales|Screening Resumes|Recruitment Advertising|Business Strategy|Permanent Placement|HR Consulting|Account Management|Human Resources (HR)|Microsoft Office|Talent Management|Interviews|Customer Service|Sourcing|Management|Interviewing|Search|Hospitality|Talent Mining|Talent Scouting|Human Capital
https://www.linkedin.com/in/clifford-teo-b51b12b9/,Clifford Teo,Engaging and Recruiting the next Googler!,Singapore,500+ connections,University College Dublin|Temasek Polytechnic,2013 - 2015|2008 - 2011,Bachelor’s Degree|Diploma,Business Management|Leisure and Resort Management,Customer Relations|Employee Benefits|Project Management|Microsoft Office|SAP|Google Suite|Employee Engagement|Teamwork|Communication|Presentation Skills|Public Speaking|Customer Service|Critical Thinking|Collaborative Problem Solving|Motivational Speaking|Leadership|Sourcing|Talent Management|Staff Retention|Analytical Reasoning|Greenhouse|Business Partnering
https://www.linkedin.com/in/huangluisa/,Luisa Huang,Google - Recruiter,Singapore,500+ connections,"The University of Manchester|The University of Tokyo|Liceo Scientifico Temistocle Calzecchi Onesti, Fermo Italy",2010 - 2014|2012 - 2013|2005 - 2010,Bachelor's Degree|Exchange Program|High School,Business Management and Japanese|Social Psychology|na,Technical Recruiting|Business Development|Talent Acquisition|Sales|Human Resources|Executive Search|Information Technology|Marketing|Project Management|Microsoft Office|Talent Management|Leadership|Team Leadership|Communication|English
https://www.linkedin.com/in/zsanettmaizl/,Zsanett Maizl,Looking for Talent in APAC,Singapore,500+ connections,Budapest Business School Faculty for Foreign Trade|CAH Dronten,2002 - 2007|2005 - 2006,Bachelor|Bachelor's degree,International Management|European Union Studies,Executive Search|Technical Recruiting|Talent Acquisition|Social Networking|Recruitment Advertising|Account Management|Sales|New Business Development|HR Consulting|Screening Resumes|Performance Management|Internet Recruiting|Contract Recruitment|Social Media|Onboarding|Business Development|SAP|Management|Interviews|Negotiation|Training|Talent Management|Teamwork|Team Management|Coaching|English
https://www.linkedin.com/in/gunjan-swarup-58bb7510/,Gunjan Swarup,Staffing Channels Specialist - APAC at Google,Singapore,500+ connections,"Symbiosis Institute of Business Management, Pune|Lady Shri Ram College For Women|Loreto Convent Intermediate College, Lucknow",2006 - 2008|2002 - 2005|1990 - 2002,MBA|BA|ISC,"Human Resources|English Literature|Physics, Chemistry, Maths",Performance Management|Human Resources|Recruiting|HR Policies|FMCG|Strategic HR|Deferred Compensation|Business Development|Team Management|Management|Employee Relations|Training|Sourcing|Employee Training
https://www.linkedin.com/in/helenleex/,Helen Lee,Staffing Channels Specialist at Google,Singapore,500+ connections,"Royal Holloway, University of London|Malvern St James, United Kingdom|St. Paul's Convent School Hong Kong",2013 - 2016|2008 - 2012|2006 - 2008,Bachelor's degree|High School|High School,Management with Human Resources|na|na,Human Resources|Public Relations|Finance|Microsoft Word|PowerPoint|Team Leadership
https://www.linkedin.com/in/ray-paleg-182ab884/,Ray Paleg,Recruiter at Google Singapore,Singapore,500+ connections,University of Maryland|The University of Georgia,2018 - 2020|2012 - 2016,Master of Professional Studies|Bachelor of Science (B.S.),Applied Entomology|Geography,Community Outreach|Nonprofits|Editing|ArcGIS|Photoshop|Team Management|Public Speaking|Leadership|Management|Time Management|Customer Service
https://www.linkedin.com/in/mdevasia/,Maria Devasia,Staffing Channels Specialist APAC | Google | Singapore PR,Singapore,500+ connections,Xavier Institute of Management|Stella Maris College|The Choice School,2016 - 2018|2010 - 2013|1996 - 2010,Master of Business Administration (MBA)|Bachelor of Commerce (B.Com.)|na,"Human Resources Management|Business/Commerce, General|na",Market Research|Microsoft Excel|Microsoft Word|Microsoft PowerPoint
