﻿employee_url,name,current_job_title,current_location,connections,schools,durations,degree_name,field_of_study,industrial_skills
https://www.linkedin.com/in/rushitj/,Rushit Jhaveri,Content Solutions & Sponsorship @ Google,Singapore,500+ connections,Nanyang Technological University|MICA - Mudra Institute of Communications Ahmedabad|Sydenham College of Commerce & Economics,2011 - 2012|2005 - 2006|2003 - 2005,Masters|Post Graduate Program|Bachelor of Commerce,Mass Communication|Broadcast Management|Business Management,Marketing|Broadcast|Public Relations|Digital Media|Entertainment|Television|Competitive Analysis|CRM|Sponsorship|Business Development|Digital Marketing|Mobile Devices|Direct Marketing|Event Management|Marketing Strategy|Business Strategy|Brand Management|Advertising|Strategic Partnerships|Negotiation|Creative Solutions|Branded Content|Networking|Revenue Generation|Media Solutions|Product Placement|Integrated Brand Marketing|Marketing Communications
https://www.linkedin.com/in/plaverty/,Paul Laverty,Specialist Sales Lead APAC - Hybrid Cloud (Anthos) at Google,Singapore,500+ connections,Nottingham Trent University,1992 - 1995,Chemistry,na,CRM|Strategy|Professional Services|Solution Architecture|IT Strategy|Virtualization|Enterprise Architecture|Go-to-market Strategy|Business Development|Telecommunications|Business Intelligence|Agile Methodologies|Sales|Data Center|Mobile Devices|Account Management|Channel Partners|Enterprise Content Management|IT Service Management|Security|Sales Enablement|Software Industry|Managed Services|Product Management|ITIL|Identity Management|Unified Communications|Software Development|Integration|Customer Relationship Management (CRM)|SaaS|Microsoft Technologies|Enterprise Software|Windows Azure|Office 365|SharePoint|.NET|Microsoft SQL Server|Partner Management|Business Alliances|Strategic Partnerships|IaaS|PaaS|Cloud Computing IaaS|VDI
https://www.linkedin.com/in/songran/,Songran Jang,Street View at Google,Singapore,500+ connections,Ewha Womans University|Baldwin-Wallace College,2001 - 2005|2003 - 2004,Bachelor of Business Administration (BBA)|International Exchange Program,na|Business Administration,Business Development|Product Marketing|Sales Operations|Sales Management|Online Advertising|Business Planning|Sales|New Business Development|Talent Acquisition|Partner Management|Strategic Partnerships|Partnership Management|Business Operations|Country Risk Analysis|Third Party Vendor Management
https://www.linkedin.com/in/rezarokni/,Reza Rokni,Google Developer Advocate ( Google Dataflow ),Singapore,500+ connections,University of Leeds,1998 - 2000,B.Sc.(Hons) Information Systems,1st Class Honours,Agile Methodologies|Integration|Pre-sales|Enterprise Architecture|Solution Architecture|Go-to-market Strategy|High Availability|Sales Enablement|SOA|Professional Services|Analytics|Identity Management|SaaS|Oracle|Weblogic|Unix|Java Enterprise Edition|Software as a Service (SaaS)|Cross-functional Team Leadership|Middleware|Oracle Fusion Middleware|PaaS|Enterprise Social Networking|Software Product Management|Enterprise 2.0
https://www.linkedin.com/in/paulanushree/,Anushree Paul,"Account Executive, Google Cloud",Singapore,500+ connections,Xavier Institute of Management|National University of Singapore|College of Engineering and Technology,2012 - 2014|2017 - 2017|2005 - 2009,Master of Business Administration (M.B.A.)|Executive Education-Strategic Management Program|Engineer's Degree,"Sales, Distribution, and Marketing|na|Electrical Engineering",Business Analysis|Strategy|Business Strategy|Business Development|Competitive Analysis|Sales|Marketing Strategy|Analytical Skills|Analysis|Analytics|Advertising|Requirements Analysis|Social Media Marketing|Product Development|Project Management|Brand Management|Marketing Management|Product Management|Online Advertising|Online Marketing|Telecommunications|Product Marketing|Segmentation|FMCG|Consumer Insights|Product Launch|Data Analysis|Marketing Research|CRM|Quality Assurance|Market Analysis|Vendor Management|Research|Social Media|Event Management|Microsoft Excel|Microsoft Office|Google Adwords|PowerPoint|Management|Marketing Communications
https://www.linkedin.com/in/yuminguyen/,Yumi Nguyen,"Corporate Account Manager at Google, Google Cloud Platform",Singapore,500+ connections,National University of Singapore|National University of Singapore,2012 - 2014|2012 - 2014,Bachelor's Degree (Merits)|Master of Business Administration (MBA),"Financial Mathematics; in; Finance, Business and Economics|Business Administration, Management and Operations",Entrepreneurship|Strategic Planning|Marketing Management|Social Media Marketing|Digital Marketing|Event Management|Budgets|Market Research|Singing|Marketing Strategy|Business Strategy|Account Management|Strategy|Sales Management|Sales|Business-to-Business (B2B)|Negotiation|Relationship Management|Community Management|Entrepreneurship Development
https://www.linkedin.com/in/abhijit-neelgar-233a2232/,Abhijit Neelgar,"Partner Manager, SMB, South East Asia at Google",Singapore,500+ connections,Visvesvaraya Technological University,2000 - 2004,Bachelor of Engineering (B.E.),Electronics and Communications Engineering,CRM|Telecommunications|Solution Architecture|Sales|Commercials|Selling|Vendor Management|Customer Relationship Management (CRM)|Cloud Computing|Requirements Analysis|Oracle|Java|OSS|Open Source Software|Enterprise Software|SAP|Management|Relationship Management|RFP
https://www.linkedin.com/in/diegocam/,Diego Camacho,"Head of Agency for Vietnam, GCS at Google Southeast Asia.",Singapore,500+ connections,Babson College|The Wharton School|University of New South Wales,2019 - 2019|2018 - 2018|2009 - 2010,THE ENTREPRENEUR’S BOOTCAMP: A DEEP DIVE FOR NEW VENTURES|Coaching for sales performance|Master of Marketing,na|Executive Education|na,Public Relations|Online Advertising|Business Development|Sales|Trade Marketing|Account Management|Marketing|SEM|Sales Management|Search Engine Marketing (SEM)|Business Strategy|Competitive Analysis|New Business Development|Strategic Planning|Customer Acquisition|Marketing Management|Google Adwords|YouTube|Team Leadership|Management|Google Search
https://www.linkedin.com/in/swetha-gopalakrishnan-5ba92936/,Swetha Gopalakrishnan,Mobile Solutions Consultant at Google,Singapore,500+ connections,National University of Singapore|Stanford Center for Professional Development,2010 - 2014|2013 - 2013,Bachelor of Engineering (B.Eng.)|Entrepreneurship/Entrepreneurial Studies,Computer Engineering|na,Software Engineering|User Experience Design|Start-ups|Object Oriented Design|Android Development|JavaScript|MySQL|AngularJS|React.js|HTML 5|CSS|PHP|jQuery|Java|SAP ERP|C#|C++|C|Microsoft Office|PHP4/5|Ionic Framework|Java Enterprise Edition|InVision|Balsamiq|MVC Architecture|Sap Fiori|Sketch
https://www.linkedin.com/in/alexoxland/,Alex Oxland,"Sales Manager, Google Cloud, SMB JAPAC at Google",Singapore,500+ connections,Cardiff University / Prifysgol Caerdydd|Sir Joseph Williamson's Mathematical Grammar School for Boys,2007 - 2011|2000 - 2010,BSc (hons)|na,Business Management|na,Account Management|Business Development|Channel Partners|Pre-sales|Sales|New Business Development|Managed Services|Business Strategy|Go-to-market Strategy|E-commerce|Business Planning|Enterprise Software|Salesforce.com|SaaS|Team Leadership|Cycling|Social Selling|Japan|Channel
