﻿employee_url,name,current_job_title,current_location,connections,schools,durations,degree_name,field_of_study,industrial_skills
https://www.linkedin.com/in/gauravanand86/,Gaurav Anand,Cloud Solutions at Google,Singapore,500+ connections,"Shanmugha Arts, Science, Technology and Research Academy",2004 - 2008,Bachelor of Technology - BTech,8.71,"Big Data|ETL|Data Warehousing|SDLC|Programming|Analytics|Extract, Transform, Load (ETL)|Business Intelligence|Java|Hibernate|SQL|Databases|Eclipse|Tomcat|Unix|JSP|HBase|DB2|MapReduce|JBoss Application Server|Struts|MySQL|Core Java|PL/SQL|Informatica|Python|Subversion|Apache|J2EE Application Development|IBM DB2|JavaServer Pages (JSP)|Spring|Spring Framework|Google Cloud Platform|Apache Beam|Leadership|Hive|Apache Pig|Teradata|Apache Spark|Data Analytics|Cloud and Distributed Computing|Data Engineering and Data Warehousing|Storage Systems and Management"
https://www.linkedin.com/in/lawrencetjh/,Lawrence Tan,Googler | Technical Specialist | Mobile Apps | Ads Tech,Singapore,500+ connections,National University of Singapore|Udacity|Udacity,2011 - 2014|2016 - 2017|2015 - 2016,Bachelor of Computer Science|Android Basics Nanodegree|iOS Nanodegree,Information System|Mobile App Deveopment|Mobile App Development,Test Driven Development|User Interface Design|Project Management|Mobile Applications|Software Development|Agile Methodologies|Programming|User Experience|Web Development|Web Design|Scrum|Object Oriented Design|Unit Testing|Swift|Objective-C|Google Analytics|Java|C#|HTML|CSS|SQL|JavaScript|iOS|Cascading Style Sheets (CSS)|OS X|iPhone|MySQL|Android|Kotlin|Swift (Programming Language)|GitFlow|Python (Programming Language)|Keynote|Google Ads|Public Speaking|UI Automation|Google AdMob|Ember.js|Fastlane
https://www.linkedin.com/in/shiyunnchua/,Shi Yunn Chua 蔡诗韵,SA360 lead at Google Marketing Platform (SEA),Singapore,500+ connections,Imperial College London|Coursera,2009 - 2013|2015 - 2016,Master of Engineering (ACGI)|Data Science specialisation - offered by Johns Hopkins University,Chemical Engineering|Data Science,R&D|Project Management|Analysis|Digital Marketing|Business Analytics|Business Strategy|Materials Science|Data Science|Fluid Mechanics|Mathematical Modeling|Mobile Devices|Business Development|Marketing|Analytical Skills|Strategic Planning|Digital Media|Marketing Strategy|Search Engine Optimization (SEO)|Online Advertising|Optimization|Matlab|Google Adwords|Google Analytics|SAS|R programming|HTML/CSS|Photoshop|InDesign|Microsoft Office|Management|Leadership|Aspen Plus|Adobe Illustartor|Kenan FX
https://www.linkedin.com/in/louisbj/,Louis Tyler Sim 준호,Brand Marketing Program Manager APAC | x-Microsoft • Social Media • Content Ops | Economic Opportunity 📌,Singapore,500+ connections,National University of Singapore|Yonsei University,2010 - 2014|2013 - 2013,Bachelors of Social Science|Liberal Arts and Communications,Communications & New Media|Mass Communication / Media Studies,Social Media Marketing|Advertising|Marketing|Research|Social Media Measurement|Event Management|Analysis|Strategy|Strategic Planning|Business Development|Branding & Identity|Market Research|Blogging|Employer Branding|Brand Management|Digital Media|Digital Marketing|Digital Strategy|Video Production|Product Marketing|Project Management|Social Media Strategist|Web Content Management|New Business Development|Brand Strategy|Photoshop|Microsoft Excel|Adobe Photoshop|Google Analytics|Instagram|Google Adwords|WordPress|Google Ads|Qualitative Research|Management|Cultural Awareness|Critical Thinking|Intercultural Communication|Korean|Marketing Communications|New Media|Friendliness|Search Engine Ranking|Interactive User Design
https://www.linkedin.com/in/liaohongbing/,George Liao,"Enterprise Cloud Architect, Financial Services at Google Cloud",Singapore,500+ connections,National University of Singapore|Shanghai Normal University,2010 - 2012|2001 - 2005,MBA|BE,Finance|Electronic Information Engineering,Account Management|Solution Selling|CRM|Project Management|Business Development|Product Management|Lead Generation|Integrated Marketing|Entrepreneurship|Customer Relationship Management (CRM)|Consulting|Pre-sales|Go-to-market Strategy|Strategy|SaaS|Software as a Service (SaaS)|Management|IaaS|ServiceNow
https://www.linkedin.com/in/mingsheng36/,Vincent (陈明胜) Tan,Customer Engineer at Google Cloud,"Singapore, Singapore",500+ connections,The University of Glasgow|Nanyang Polytechnic,2013 - 2015|2008 - 2011,Bachelor’s Degree|Diploma,Computer Science|Information Technology,Data Management|Web Applications|Agile Methodologies|Software Development|Android Development|Virtualization|Data Center|Project Management|Security|Data Analysis|Python|JavaScript|Java|Databases|Microsoft Office|Enterprise Software|Software as a Service (SaaS)|Amazon Web Services (AWS)|Google Cloud Platform (GCP)|DevOps|Cloud Security|Microservices
https://www.linkedin.com/in/thibautbriere/,Thibaut Briere,Entrepreneur and community builder in Asia,"Singapore, Singapore",500+ connections,"Essec Business School Paris|Ecole nationale supérieure d'Electronique, Informatique et de Radiocommunications de Bordeaux",2009 - 2010|1993 - 1996,Alcatel-Lucent Executive MBA|Bachelor of Science (BSc),"Marketing, digital marketing, strategy, innovation, finance, sales|Technologies de l''information",Product Marketing|Marketing Strategy|User Experience|Business Strategy|Business Development|Program Management|Digital Marketing|Pre-sales|Project Management|Trade Shows|Product Innovation|Start-ups|Telecommunications|Mobile Devices|Content Marketing|Online Marketing|SEO|Digital Advertising|Corporate Communications|Cloud Computing|Social media|Consulting|Change Management|Go To Market Strategy|Sales Enablement|Photography|Digital Marketing Strategy|Social Media Marketing|Digital Media|Digital Strategy|Search Engine Optimization (SEO)|Web Analytics|Advertising|Lead Generation|Google Analytics|Management|Leadership|Presentations|Coaching|Team Management|Community Management|Open Innovation|Innovation|Demos|Press Relations|Corporate hacking|Enterprise Marketing
https://www.linkedin.com/in/henry-suryawirawan/,Henry Suryawirawan,"Strategic Cloud Engineer at Google Cloud ☁️ | ""Tech Lead Journal"" Podcaster 🎙️ | Beam Katas Creator 💻",Singapore,500+ connections,Singapore Management University|Bina Nusantara International|RMIT University,2010 - 2013|2001 - 2005|2004 - 2004,Master|Sarjana Komputer (S. Kom.)|Bachelor of Applied Science,IT in Banking (Financial Services)|Computer Science|Information Technology,Software Development|Cloud Computing|SDLC|Agile Methodologies|Scrum|SOA|Web Services|Configuration Management|Web Development|Unit Testing|Insurance|Unix Shell Scripting|Amazon Web Services (AWS)|Java|Spring Boot|Databases|SQL|JavaScript|Git|Subversion|Spring|Hibernate|Maven|Tomcat|HTML|CSS|MongoDB|Python|AngularJS|Selenium|IntelliJ IDEA|Ansible|Technical Leadership|Team Management|Engineering Management|Technology Leadership|Apache Camel|Nexus|TeamCity|Jasper Reports|BDD|Sonar|ANTLR|Microservices|Kubernetes|Data Engineering
https://www.linkedin.com/in/kayleefung/,Kaylee Fung (冯嘉仪）,"Google Cloud Partner Sales Manager, SEA / #GenTech / Engage & Mentor Youth in Tech",Singapore,500+ connections,National University of Singapore|Singapore Polytechnic,2007 - 2010|2018 - 2019,Bachelor’s Degree|Specialist Diploma in Web and Programming,Economics|Information Technology,Account Management|Project Management|Outsourcing|Data Center|CRM|Procurement|Vendor Management|Supply Chain|Strategic Planning|Customer Relationship Management (CRM)|Analysis|Business Strategy|Strategy|Infrastructure|Program Management|Sales|Cyber-security|Manage Client Relationships|Team Leadership|Negotiation|Team Management|Sourcing|Process Improvement
