﻿employee_url,name,current_job_title,current_location,connections,schools,durations,degree_name,field_of_study,industrial_skills
https://www.linkedin.com/in/fengyi-yu/,FengYi Yu,UX Researcher at Google,Singapore,500+ connections,National Chengchi University|National Chung Cheng University,2006 - 2009|2002 - 2006,Master's degree|Bachelor's degree,Experimental Psychology|Psychology,Psychology|Design Thinking|Prototype Evaluation|Eye Tracking Operation (for Research & Application)|Experiment Design|User Research
https://www.linkedin.com/in/warisfaiz/,Faiz Waris,"Engineering Leadership , Site Reliability Engineering at Google",India,500+ connections,Motilal Nehru National Institute Of Technology|GIC,2001 - 2005|1993 - 1998,B.Tech|12th,IT|PCM,Agile Methodologies|Software Quality Assurance|Cloud Computing|TCP/IP|Integration|Software Development Life Cycle (SDLC)|System Testing|Big Data|Software Development|Scrum|Web Applications|Web Services|Product Management|Program Management|Product Development|Programming|Algorithms|Data Structures|Distributed Systems|Service-Oriented Architecture (SOA)|Architectural Design|Scalability|Project Management|International Business Development|C++|C|Unix|Selenium|SQL|Java|Linux|XML|MySQL|Team Management|Management|White Box Testing|Black Box Testing|Bug Tracking|Bugzilla|Test Automation Framework|Application Virtualization|Scalable Web Applications|Microservices
https://www.linkedin.com/in/lemelissa/,Melissa Leong,"Regional Strategic Alliances & Partnerships, Google Cloud ASEAN at Google",Singapore,500+ connections,na,na,na,na,Business Development|Account Management|Sales Management|Pre-sales|New Business Development|Channel Partners|Business Strategy|Outsourcing|Go-to-market Strategy|Managed Services|CRM|Professional Services|Marketing|Business Intelligence|Data Center|Program Management|Sales Enablement|Recruiting|Start-ups|SaaS|Software as a Service (SaaS)|Management|Business Alliances|Partner Management|Strategic Partnerships|Team Management|Team Leadership|Contract Negotiation
https://www.linkedin.com/in/samitmalkani/,Samit Malkani,"Head Of Brand Marketing, SEA & India at Google",Singapore,500+ connections,"Symbiosis Institute of Mass Communication|Jai Hind College|G. D. Somani Memorial School, Mumbai",2001 - 2003|1998 - 2001|1986 - 1996,MDCM|B.Sc.|SSC,Communication Management - Advertising|Mathematics|na,Integrated Marketing|Digital Media|Digital Strategy|Copywriting|Social Media Marketing|Online Advertising|Social Media|Blogging|Business Development|Strategy|Brand Management|Marketing|Mobile Marketing|Online Marketing|Creative Direction|Interactive Advertising|Creative Strategy|Content Development|Mobile Applications|Art Direction|Mobile Communications|Brand Development|Content Strategy|Corporate Branding|Campaign Management|Customer Insight|Branding & Identity|Brand Strategy|Facebook|Storytelling|Marketing Communications|Brand Positioning|Conversation Management|Influencer Marketing|Social Influence|New Media Marketing|New Media Strategy|Marketing Campaigns|360 Campaigns|Brand Marketing|Marketing Communications Planning|Creative Agency|Content Manag
https://www.linkedin.com/in/liuweiyuan/,Weiyuan Liu,Staff Software Engineer at Hubble • Co-lead at GDG Cloud Singapore,Singapore,500+ connections,National University of Singapore,2011 - 2015,Bachelor’s Degree,Computer Engineering,Cloud Computing|JavaScript|Python|PHP|C++|Java|Objective-C|C#|HTML|CSS|OpenGL|MySQL|MongoDB|C|Google Cloud Platform (GCP)|PostgreSQL|Ruby|React.js|Redis|Google App Engine|Blender Plugins|Openshift|OpenGL ES|Kubernetes|Serverless Computing|Go (Programming Language)|Continuous Integration and Continuous Delivery (CI/CD)
https://www.linkedin.com/in/annagong/,Anna Gong,"CEO & Founder, Singapore Top 100 Women in Tech 2020, Singapore Women Entrepreneur Winner 2017, Tedx Speaker, Builder, Change Agent",Singapore,500+ connections,"University of California, Los Angeles",na,BA,Economics,Go-to-market Strategy|Strategy|Business Development|Start-ups|New Business Development|Product Management|Business Strategy|Sales Management|Lead Generation|Consulting|Professional Services|Strategic Planning|Sales Process|Managed Services|Virtualization|Sales|Channel Partners|CRM|Business Intelligence|Direct Sales|Sales Enablement|International Business|Program Management|Product Marketing|Business Planning|Outsourcing|Software Industry|Account Management|Channel Management|IT Management|Multi-channel Marketing|Selling|International Sales|SaaS|Salesforce.com|Business Alliances|Strategic Partnerships|Management|Partner Management|Executive Management|Alliances|Strategic Alliances|PaaS|OEM|Software Sales|Oracle Enterprise Manager|Channel
https://www.linkedin.com/in/hanwenkam/,Han Wen Kam,Cloud Platform Customer Engineer at Google,Singapore,500+ connections,The University of Western Australia,1996 - 1999,B.C.M with Honours,Information Technology & Information Management,Data Center|Solution Selling|Pre-sales|Integration|Storage|Enterprise Architecture|Virtualization|Go-to-market Strategy|IT Strategy|SOA|Product Management|Software Development|IT Service Management|Professional Services|High Availability|Vendor Management|IT Management|Managed Services|Disaster Recovery|IT Operations|Security|Storage Area Networks|Sales Enablement|Program Management|Architecture|Data Warehousing|Requirements Analysis|Agile Methodologies|Linux|SaaS|Websphere|Open Source|Unix|Servers|Operating Systems|Solaris|VMware|Business Alliances|Partner Management|Strategic Partnerships|Middleware|Suse|PaaS|Storage Management|Systems Management|Hardware|Channel
https://www.linkedin.com/in/samazit/,Salem A.,Financial Services Cloud Consultant at Google Cloud ☁️ 10x GCP | 2x OCI,Singapore,500+ connections,Institut supérieur d'Electronique de Paris,2003 - 2006,Master of Science (MSc),Software & Computer Engineering,Business Analysis|Business Intelligence|Agile Methodologies|Project Management|Data Warehousing|ITIL|Solution Architecture|Software Development Life Cycle (SDLC)|Agile Project Management|Technical Recruiting|Software Development|Change Management|Web Services|Test Driven Development|Strategy|SQL|Microsoft SQL Server|JIRA|PHP|MySQL|UML|Databases|Microsoft Office|Linux|HTML|JavaScript|Microsoft SSIS|NoSQL|Java|Python|Management|Stakeholder Management|Team Leadership|Leadership|Team Management|Confluence|Piano Playing|Kubernetes|IT & Business Strategy Alignment|DevOps|MVC
https://www.linkedin.com/in/anilsagar/,Anil Sagar,Customer Engineer - Google Cloud at Google,Singapore,500+ connections,"Vellore Institute of Technology|Govt High School, Rayadurg",2005 - 2009|2000 - 2005,B.Tech|High School,Computer Science|na,Web Development|Web Applications|Web Services|Node.js|JavaScript|Drupal|jQuery|PHP|MySQL|Apache|AJAX|Amazon Web Services (AWS)|CMS|Linux|Subversion|Open Source|HTML 5|LAMP|JSON|SQL|CSS|Python|REST|Git|HTML5|XML|RxJS|Representational State Transfer (REST)|Team Leadership|API Strategy|Facebook API|Google API|LDAP|Application Programming Interfaces
https://www.linkedin.com/in/danclements/,Dan Clements,"Enterprise Sales, Google Cloud - helping Fintechs innovate and scale",Singapore,500+ connections,Columbia University - Columbia Business School|Kingston University|The Tuck School of Business at Dartmouth,2017 - 2017|1999 - 2003|na,Digital Strategies for Business: Leading The Next-Generation Enterprise|Bachelor’s Degree - joint honors|Personal Leadership and Success,"Digital Strategies for Business|Geographical Information Systems Major, with Business Management|na",Analytics|Start-ups|Business Intelligence|New Business Development|Mobile Applications|Sales Operations|Direct Sales|Mobile Technology|Venture Capital|Storage|Sales Process|Social Media|Digital Media|Data Center|Mobile Marketing|Mobile Payments|Streaming Media|Head Hunter|Recruitment/Retention|big data|Online Video|SaaS|Team Management|Interviewing|English|PaaS|IaaS|New Media|Green Technology|Mobile Internet|Miller Heiman|SPIN Selling|Software Sales|Vendor Finance|Vendor|Sales Recruitment|Technology Development|Asia Pacific|Asia|South East Asia|Singapore|Streaming|South Korea|Japan|China|Hong Kong|Internet
