﻿employee_url,name,duration,location,job_title,company_name
https://www.linkedin.com/in/fengyi-yu/,FengYi Yu,Oct 2019 - Present,Singapore,UX Researcher,Google
https://www.linkedin.com/in/fengyi-yu/,FengYi Yu,Sep 2018 - Oct 2019,"Shanghai City, China",UX Researcher,Google
https://www.linkedin.com/in/fengyi-yu/,FengYi Yu,Apr 2018 - Jul 2018,Singapore,Senior User Experience Researcher,"Viki, Inc."
https://www.linkedin.com/in/fengyi-yu/,FengYi Yu,Apr 2016 - Mar 2018,Singapore,Senior User Experience Researcher,Grab
https://www.linkedin.com/in/fengyi-yu/,FengYi Yu,Jan 2015 - Mar 2016,"New Taipei City, Taiwan",Principal Researcher,Acer
https://www.linkedin.com/in/fengyi-yu/,FengYi Yu,Jul 2012 - Dec 2014,"Taipei City, Taiwan",User Experience Researcher,"Compal Electronics, INC."
https://www.linkedin.com/in/warisfaiz/,Faiz Waris,May 2020 - Present,,"Engineering Leadership , Site Reliability Engineering",Google
https://www.linkedin.com/in/warisfaiz/,Faiz Waris,Apr 2019 - Sep 2019,Singapore,Chief Digital & Technology Officer and Senior VP of Engineering,NTUC Enterprise Co-operative Limited
https://www.linkedin.com/in/warisfaiz/,Faiz Waris,Sep 2016 - Mar 2019,"Chennai Area, India",Director of Engineering,Amazon
https://www.linkedin.com/in/warisfaiz/,Faiz Waris,Aug 2015 - Aug 2016,"Bengaluru Area, India",Senior Engineering Manager,Ola (ANI Technologies Pvt Ltd)
https://www.linkedin.com/in/warisfaiz/,Faiz Waris,Nov 2013 - Jul 2015,"Gurgaon, India",Engineering Manager,SOTI
https://www.linkedin.com/in/lemelissa/,Melissa Leong,Dec 2019 - Present,Singapore,"Regional Strategic Alliances & Partnerships, Google Cloud ASEAN",Google
https://www.linkedin.com/in/lemelissa/,Melissa Leong,Dec 2017 - Dec 2019,Singapore,"Regional Cloud & ISV Alliances Director - South East Asia, Taiwan & Hong Kong (SEATH)",Red Hat Asia Pacific
https://www.linkedin.com/in/lemelissa/,Melissa Leong,Jul 2017 - Dec 2017,Singapore,"Regional Cloud & ISV Alliances Director, ASEAN",Red Hat Asia Pacific
https://www.linkedin.com/in/lemelissa/,Melissa Leong,Jun 2015 - Jul 2017,Singapore,Senior Enterprise Account Manager,Salesforce
https://www.linkedin.com/in/lemelissa/,Melissa Leong,Aug 2014 - May 2015,"Kuala Lumpur, Malaysia",Senior Account Manager for Central Asia,Halliburton
https://www.linkedin.com/in/lemelissa/,Melissa Leong,Jun 2012 - Aug 2014,Malaysia,Country Channels Manager,Red Hat
https://www.linkedin.com/in/samitmalkani/,Samit Malkani,Apr 2019 - Present,Singapore,"Head Of Brand Marketing, SEA & India",Google
https://www.linkedin.com/in/samitmalkani/,Samit Malkani,May 2017 - Apr 2019,Singapore,"Brand & Creative Lead, Google India & SEA",Google
https://www.linkedin.com/in/samitmalkani/,Samit Malkani,Apr 2014 - May 2017,"Gurgaon, India","Brand Lead, Google India",Google
https://www.linkedin.com/in/samitmalkani/,Samit Malkani,Jan 2014 - Apr 2014,Bombay,Sr. Creative Director,Interactive Avenues
https://www.linkedin.com/in/samitmalkani/,Samit Malkani,Mar 2013 - Dec 2013,Mumbai,Strategic Creative Director,Hansa Cequity
https://www.linkedin.com/in/samitmalkani/,Samit Malkani,Oct 2011 - Feb 2013,Bombay,Creative Head,Jack in the Box Worldwide
https://www.linkedin.com/in/samitmalkani/,Samit Malkani,Aug 2010 - Sep 2011,Bombay,Creative Director (West + South),Yahoo!
https://www.linkedin.com/in/liuweiyuan/,Weiyuan Liu,Sep 2020 - Present,Singapore,Staff Software Engineer,Hubble
https://www.linkedin.com/in/liuweiyuan/,Weiyuan Liu,Nov 2019 - Present,,Google Developer Expert,Google
https://www.linkedin.com/in/liuweiyuan/,Weiyuan Liu,Jan 2017 - Present,"21 Lower Kent Ridge Rd, Singapore 119077",Software Engineer (pro-bono),National University of Singapore
https://www.linkedin.com/in/liuweiyuan/,Weiyuan Liu,Sep 2018 - Jul 2019,"South West, Singapore",Co-FYP Supervisor,National University of Singapore
https://www.linkedin.com/in/liuweiyuan/,Weiyuan Liu,Oct 2019 - Sep 2020,,Technical Lead,Rakuten Viki
https://www.linkedin.com/in/liuweiyuan/,Weiyuan Liu,Oct 2019 - Sep 2020,Singapore,Staff Engineer,Rakuten Viki
https://www.linkedin.com/in/liuweiyuan/,Weiyuan Liu,Jan 2017 - Feb 2017,"50 Playfair Road, Noel Building #05-02A, Singapore 367995",Software Engineer,Blue Oak Healthcare
https://www.linkedin.com/in/annagong/,Anna Gong,Nov 2014 - Present,Singapore,CEO & Founder,Perx Technologies
https://www.linkedin.com/in/annagong/,Anna Gong,Aug 2020 - Present,Singapore,Chairwoman,SEA Founders
https://www.linkedin.com/in/annagong/,Anna Gong,Jun 2020 - Present,Singapore,Google for Startup: Southeast Asia Accelerator Mentor,Google
https://www.linkedin.com/in/annagong/,Anna Gong,Mar 2018 - Present,Singapore,Advisory Board Member,Duke Corporate Education
https://www.linkedin.com/in/annagong/,Anna Gong,Jan 2018 - Present,Singapore,Board Member,Genius U
https://www.linkedin.com/in/hanwenkam/,Han Wen Kam,Jan 2018 - Present,Singapore,Customer Engineer,Google
https://www.linkedin.com/in/hanwenkam/,Han Wen Kam,Jul 2017 - Jan 2018,Singapore,Cloud Solution Architect (Azure),Microsoft
https://www.linkedin.com/in/hanwenkam/,Han Wen Kam,Mar 2016 - Jun 2017,Singapore,Principal Solution Specialist (Azure),Microsoft
https://www.linkedin.com/in/hanwenkam/,Han Wen Kam,Dec 2012 - Mar 2016,,Software Client Architect,IBM
https://www.linkedin.com/in/hanwenkam/,Han Wen Kam,Oct 2011 - Nov 2012,Singapore,Systems Software Sales Manager (ASEAN),IBM
https://www.linkedin.com/in/hanwenkam/,Han Wen Kam,Jan 2011 - Oct 2011,Singapore,Strategic Alliance Manager,Polycom
https://www.linkedin.com/in/hanwenkam/,Han Wen Kam,Jan 2010 - Jan 2011,,Product & Technology Manager,Novell
https://www.linkedin.com/in/hanwenkam/,Han Wen Kam,Jan 2008 - Jan 2010,,Senior Technology Specialist,Novell
https://www.linkedin.com/in/samazit/,Salem A.,Jun 2019 - Present,Singapore,Financial Services Cloud Consultant ☁ APAC,Google
https://www.linkedin.com/in/samazit/,Salem A.,Feb 2018 - May 2019,"London, United Kingdom",Financial Services Cloud Consultant ☁ EMEA,Google
https://www.linkedin.com/in/samazit/,Salem A.,Mar 2017 - Feb 2018,"Gdansk, Pomeranian District, Poland",Software Engineering Director,Nordea
https://www.linkedin.com/in/samazit/,Salem A.,Jan 2016 - Feb 2017,"London, United Kingdom",Software Engineering Manager,Inspired Thinking Group (ITG)
https://www.linkedin.com/in/samazit/,Salem A.,Sep 2013 - Dec 2015,"London, United Kingdom",Software Engineering Manager,ENGIE
https://www.linkedin.com/in/samazit/,Salem A.,Jun 2008 - Aug 2013,"Paris Area, France",Solution Architect,ENGIE
https://www.linkedin.com/in/samazit/,Salem A.,Sep 2006 - May 2008,"London, United Kingdom",Software Engineer,Symtrax
https://www.linkedin.com/in/anilsagar/,Anil Sagar,Oct 2019 - Present,Singapore,Customer Engineer - Google Cloud,Google
https://www.linkedin.com/in/anilsagar/,Anil Sagar,Apr 2018 - Oct 2019,Singapore,Sales Engineer - Apigee - Google Cloud Platform,Google
https://www.linkedin.com/in/anilsagar/,Anil Sagar,Nov 2016 - Mar 2018,,Sales Engineer - Apigee - Google Cloud Platform,Google
https://www.linkedin.com/in/anilsagar/,Anil Sagar,Aug 2016 - Nov 2016,,Principal Architect - Apigee,Apigee (APIC)
https://www.linkedin.com/in/anilsagar/,Anil Sagar,Feb 2015 - Jul 2016,Bangalore,Technical Evangelist,Apigee (APIC)
https://www.linkedin.com/in/anilsagar/,Anil Sagar,Nov 2012 - Jul 2013,,Sr solutions Developer,Azri Solutions
https://www.linkedin.com/in/anilsagar/,Anil Sagar,Apr 2012 - Dec 2012,Bangalore,Drupal Lead,SourceN
https://www.linkedin.com/in/anilsagar/,Anil Sagar,Jun 2010 - Mar 2012,Bangalore,Sr. Drupal Developer,SourceN
https://www.linkedin.com/in/anilsagar/,Anil Sagar,Dec 2008 - Jun 2010,,software engineer,BLISSTERING SOLUTIONS
https://www.linkedin.com/in/danclements/,Dan Clements,Feb 2020 - Present,Singapore,"Enterprise Sales - FinTech, Google Cloud",Google
https://www.linkedin.com/in/danclements/,Dan Clements,Feb 2015 - Jan 2020,Singapore,Managing Director,IDENTIFY LEADERS
https://www.linkedin.com/in/danclements/,Dan Clements,Apr 2019 - Jun 2019,Nepal,Sabbatical - Mount Everest Expedition,IDENTIFY LEADERS
https://www.linkedin.com/in/danclements/,Dan Clements,Jan 2019 - Mar 2019,Singapore,"APJ Recruiting - Databricks (retained, interim assignment)",Databricks
https://www.linkedin.com/in/danclements/,Dan Clements,Aug 2018 - Nov 2018,Singapore,"Director, Employee Recruiting",Salesforce
https://www.linkedin.com/in/danclements/,Dan Clements,Oct 2011 - Jan 2015,Singapore,"Partner, Technology and Digital",Reed Hamilton
