﻿employee_url,name,duration,location,job_title,company_name
https://www.linkedin.com/in/marinasantalicesamigo/,Marina Santalices Amigo,Nov 2018 - Present,Singapore,Women Will Global Marketing Lead - Brand Marketing Manager,Google
https://www.linkedin.com/in/marinasantalicesamigo/,Marina Santalices Amigo,Apr 2018 - Oct 2018,Singapore,Women Will Global Marketing Lead - Associate Brand Marketing Manager,Google
https://www.linkedin.com/in/marinasantalicesamigo/,Marina Santalices Amigo,Oct 2016 - Mar 2018,"Madrid y alrededores, España",Mid Market B2B Marketing Lead - Associate Product Marketing Manager,Google
https://www.linkedin.com/in/marinasantalicesamigo/,Marina Santalices Amigo,Apr 2016 - Oct 2016,"Madrid y alrededores, España",B2B Marketing & Growth Marketing - Associate Product Marketing Manager Intern,Google
https://www.linkedin.com/in/marinasantalicesamigo/,Marina Santalices Amigo,Apr 2015 - Apr 2016,"Madrid y alrededores, España",Assistant Brand Manager Intern G.H MUMM & CHIVAS | Brand Marketing,Pernod Ricard
https://www.linkedin.com/in/marinasantalicesamigo/,Marina Santalices Amigo,Mar 2013 - Aug 2014,"Paris, France",Associate Brand Manager HUMIRA | Brand Marketing,AbbVie
https://www.linkedin.com/in/marinasantalicesamigo/,Marina Santalices Amigo,Jul 2011,"London, Reino Unido",Assest Management Intern,UTI International Limited
https://www.linkedin.com/in/pieterpaulwalraven/,Pieter-Paul Walraven,Feb 2016 - Present,,Product Manager,Google
https://www.linkedin.com/in/pieterpaulwalraven/,Pieter-Paul Walraven,Jan 2018 - Present,,Board Member,Product Management Festival
https://www.linkedin.com/in/pieterpaulwalraven/,Pieter-Paul Walraven,Nov 2014 - Present,Singapore,Organizer/Founder,Product Hunt Singapore Community
https://www.linkedin.com/in/pieterpaulwalraven/,Pieter-Paul Walraven,Feb 2013 - Feb 2016,Singapore,Co-founder & Product,Pie (acquired by Google)
https://www.linkedin.com/in/pieterpaulwalraven/,Pieter-Paul Walraven,Jan 2012 - Dec 2012,Singapore,Product Director,ZAG
https://www.linkedin.com/in/stevenkesteryuwono/,Steven Kester Yuwono,Mar 2019 - Present,Singapore,Software Engineer,Google
https://www.linkedin.com/in/stevenkesteryuwono/,Steven Kester Yuwono,Feb 2018 - Mar 2019,Singapore,Data Scientist,National University Hospital
https://www.linkedin.com/in/stevenkesteryuwono/,Steven Kester Yuwono,Jun 2015 - Aug 2015,"Redmond, WA",Software Engineer Intern,Microsoft
https://www.linkedin.com/in/stevenkesteryuwono/,Steven Kester Yuwono,Dec 2014 - May 2015,Singapore,Software Developer Intern,Autodesk
https://www.linkedin.com/in/stevenkesteryuwono/,Steven Kester Yuwono,Aug 2013 - May 2015,Singapore,Teaching Assistant,National University of Singapore
https://www.linkedin.com/in/hae-na-noh/,"Hae Na, Noh",Aug 2019 - Present,Singapore,"Territory Account Manager, GCP, Korea & SEA",Google
https://www.linkedin.com/in/hae-na-noh/,"Hae Na, Noh",Mar 2018 - Jul 2019,Singapore,Territory Account Manager,Amazon Web Services
https://www.linkedin.com/in/hae-na-noh/,"Hae Na, Noh",Oct 2017 - Mar 2018,Singapore,Account Executive,Qlik
https://www.linkedin.com/in/hae-na-noh/,"Hae Na, Noh",Jun 2017 - Oct 2017,Singapore,Oracle Digital Prime,Oracle
https://www.linkedin.com/in/hae-na-noh/,"Hae Na, Noh",Aug 2016 - May 2017,ASEAN,ASEAN Sales | Data Preparation & Visualization,Oracle
https://www.linkedin.com/in/hae-na-noh/,"Hae Na, Noh",Apr 2015 - Dec 2015,싱가포르,Account Manager,CPM Asia Sales & Marketing (Singapore)
https://www.linkedin.com/in/saurabhdangwal/,Saurabh Dangwal,Jul 2016 - Present,Singapore,"Head of Global Accounts, CPG, APAC",Google
https://www.linkedin.com/in/saurabhdangwal/,Saurabh Dangwal,May 2015 - Apr 2016,Singapore,"Vice President Sales, APAC",MediaMath
https://www.linkedin.com/in/saurabhdangwal/,Saurabh Dangwal,Nov 2011 - Apr 2015,Singapore,"Head of Digital, APAC, Team Procter & Gamble (P&G)",MediaCom Singapore
https://www.linkedin.com/in/saurabhdangwal/,Saurabh Dangwal,Aug 2010 - Oct 2011,Mumbai,Founder,Appstepper Consulting
https://www.linkedin.com/in/saurabhdangwal/,Saurabh Dangwal,Mar 2008 - Aug 2010,Mumbai,"Director, Performance Solutions",Komli Media
https://www.linkedin.com/in/aman-chawla-7107827/,Aman Chawla,Apr 2020 - Present,Singapore,"Head of Strategic Partnerships,Large Partner Solutions ,South east Asia",Google
https://www.linkedin.com/in/aman-chawla-7107827/,Aman Chawla,Jun 2018 - Mar 2020,Singapore,"Head of Programmatic direct, Global Partnerships, South East Asia",Google
https://www.linkedin.com/in/aman-chawla-7107827/,Aman Chawla,Jan 2016 - May 2018,Singapore,"Senior Vice President, Head -Digital Marketing & Strategic Partnerships, Asia Pacific, Europe & UAE",Citi
https://www.linkedin.com/in/aman-chawla-7107827/,Aman Chawla,Jul 2015 - Dec 2015,Singapore,"Vice President- Business Strategy & Transformation, Asia Pacific",Citi
https://www.linkedin.com/in/tarnsiri/,Tarn Siripanichgorn,May 2020 - Present,Singapore,"APAC Product Go To Market, Mobile & Apps",Google
https://www.linkedin.com/in/tarnsiri/,Tarn Siripanichgorn,Jul 2018 - May 2020,Singapore,APAC Technology Partner Manager - Google cloud,Google
https://www.linkedin.com/in/tarnsiri/,Tarn Siripanichgorn,Jan 2018 - Jul 2018,Singapore,"Channel Partner Manager, Publisher Business Solutions - SEA",Google
https://www.linkedin.com/in/tarnsiri/,Tarn Siripanichgorn,Dec 2014 - Mar 2018,Singapore,"Strategic Partner Manager , Thailand and Philippines",Google
https://www.linkedin.com/in/tarnsiri/,Tarn Siripanichgorn,Oct 2013 - Oct 2014,Singapore,APAC Sales Representative,salesforce.com
https://www.linkedin.com/in/tarnsiri/,Tarn Siripanichgorn,Jan 2012 - Sep 2013,Singapore,Regional Account Manager- APAC,Euromonitor International
https://www.linkedin.com/in/avenish-prasad-9a55a37/,Avenish Prasad,Nov 2019 - Present,Singapore,Cloud Value Advisory,Google Asia Pte. Ltd.
https://www.linkedin.com/in/avenish-prasad-9a55a37/,Avenish Prasad,Jan 2017 - Nov 2019,Singapore,"Sr. Director, Value Advisory",SAP
https://www.linkedin.com/in/avenish-prasad-9a55a37/,Avenish Prasad,Oct 2013 - Dec 2016,Bangalore,"Head - Energy and Natural Resources, Manufaturing & Telecom SAP Global Delivery",SAP
https://www.linkedin.com/in/avenish-prasad-9a55a37/,Avenish Prasad,Jul 2019,"Dakar, Senegal",Jokkoworker,JokkoLabs
https://www.linkedin.com/in/avenish-prasad-9a55a37/,Avenish Prasad,Nov 2006 - Sep 2010,London and Bangalore,Principal Consultant,Infosys Technologies UK and India
https://www.linkedin.com/in/avenish-prasad-9a55a37/,Avenish Prasad,Jun 2002 - Nov 2006,,"Project Manager, EAM Expert Consultant",SAP India Pvt. Ltd.
https://www.linkedin.com/in/leejiening/,Jie Ning L.,Mar 2020 - Present,,"Programmatic Account Manager, Tech and Telco",Google
https://www.linkedin.com/in/leejiening/,Jie Ning L.,Jan 2018 - Mar 2020,,"Account Manager, SEA Agency",Google
https://www.linkedin.com/in/leejiening/,Jie Ning L.,May 2017 - Dec 2017,Singapore,Digital Account Planner,Mindshare
https://www.linkedin.com/in/leejiening/,Jie Ning L.,Jul 2016 - May 2017,,"National Vice President, Digital Marketing and Public Relations",AIESEC Singapore
https://www.linkedin.com/in/leejiening/,Jie Ning L.,Jul 2015 - Jul 2016,,Executive Committee President,AIESEC Singapore
https://www.linkedin.com/in/leejiening/,Jie Ning L.,May 2015 - Sep 2015,,Compliance Intern,Fullerton Fund Management
https://www.linkedin.com/in/joseph-kum-weareone/,Joseph Kum,Sep 2019 - Present,Singapore,New Business Sales Development -TDCX @ GOOGLE,Google
https://www.linkedin.com/in/joseph-kum-weareone/,Joseph Kum,Jun 2019 - Sep 2019,Singapore,Sales Development Representative,LinkedIn
https://www.linkedin.com/in/joseph-kum-weareone/,Joseph Kum,Apr 2018 - Jun 2019,Singapore,Customer Care Officer,Ministry of Manpower Contact Centre
https://www.linkedin.com/in/joseph-kum-weareone/,Joseph Kum,Nov 2015 - Nov 2017,Singapore,"Singapore Armed Forces  - Military Police, Singapore — Military Working Dog Handler/Driver IC ",Singapore Armed Forces (SAF)
https://www.linkedin.com/in/joseph-kum-weareone/,Joseph Kum,Nov 2014 - Jul 2015,"Baguio City, Philippines","Supreme Student Council, — Prime Minister",University of Baguio
