﻿employee_url,name,duration,location,job_title,company_name
https://www.linkedin.com/in/gilberto-gaeta-839555/,Gilberto Gaeta,Sep 2015 - Present,Singapore,Co-founder and Managing Director,PAGIL
https://www.linkedin.com/in/gilberto-gaeta-839555/,Gilberto Gaeta,Mar 2020 - Present,Singapore,"Director Southeast Asia, Google Customer Solutions",Google
https://www.linkedin.com/in/gilberto-gaeta-839555/,Gilberto Gaeta,Nov 2018 - Mar 2020,Singapore,"Director, Singapore, Malaysia, Philippines, Emerging Markets; Google Customer Solutions",Google
https://www.linkedin.com/in/gilberto-gaeta-839555/,Gilberto Gaeta,Jun 2010 - Sep 2012,Singapore,Vice President Asia Pacific,Frontier Strategy Group
https://www.linkedin.com/in/gilberto-gaeta-839555/,Gilberto Gaeta,Dec 2009 - Jun 2010,,Case Team Leader,Bain & Company
https://www.linkedin.com/in/gilberto-gaeta-839555/,Gilberto Gaeta,Dec 2007 - Dec 2009,,Consultant,Bain & Company
https://www.linkedin.com/in/gilberto-gaeta-839555/,Gilberto Gaeta,Dec 2003 - Dec 2004,,Business Analyst,accenture
https://www.linkedin.com/in/phoebetran1000/,Phoebe Tran,Apr 2020 - Present,Singapore,"Business Lead, Traditional Media Agency | Google Customer Solutions",Google
https://www.linkedin.com/in/phoebetran1000/,Phoebe Tran,Jul 2019 - Apr 2020,Singapore,Vertical Lead - Financial Services,Facebook
https://www.linkedin.com/in/phoebetran1000/,Phoebe Tran,Jul 2017 - Jun 2019,Singapore,Client Partner - Global CPGs,Facebook
https://www.linkedin.com/in/phoebetran1000/,Phoebe Tran,Sep 2015 - Jul 2017,Singapore,Regional Sales Manager - Oracle Marketing Cloud ASEAN,Oracle
https://www.linkedin.com/in/phoebetran1000/,Phoebe Tran,Dec 2012 - Apr 2015,Singapore,"Regional Sales, APAC",IDC
https://www.linkedin.com/in/phoebetran1000/,Phoebe Tran,2012,"Hochiminh, Vietnam",Territory Sales Manager,IBM
https://www.linkedin.com/in/nalini-singh-43779655/,Nalini Singh,Oct 2019 - Present,Singapore,"Strategic Scaled Partnerships, Google Cloud",Google
https://www.linkedin.com/in/nalini-singh-43779655/,Nalini Singh,Jul 2017 - Present,"Gurgaon, India",Advisor- Partnerships and Growth,Togedr
https://www.linkedin.com/in/nalini-singh-43779655/,Nalini Singh,Aug 2018 - Oct 2019,Singapore,"Head of Scaled Partnerships, APAC Global Marketing Solutions",Facebook
https://www.linkedin.com/in/nalini-singh-43779655/,Nalini Singh,Oct 2016 - Aug 2018,Singapore,Senior Account Manager,Facebook
https://www.linkedin.com/in/nalini-singh-43779655/,Nalini Singh,Jun 2015 - Oct 2016,"Gurgaon, India",Business Development Manager for Cloud,Microsoft
https://www.linkedin.com/in/nalini-singh-43779655/,Nalini Singh,Jan 2013 - Apr 2014,"Hyderabad Area, India",Program Manager Google Maps,Google
https://www.linkedin.com/in/nalini-singh-43779655/,Nalini Singh,Jul 2011 - Jan 2013,"Hyderabad Area, India","Associate, Google Search Quality- Trust and Safety",Google
https://www.linkedin.com/in/drtsai/,Dr Betty T.,2020 - Present,,Operations Manager,Google
https://www.linkedin.com/in/drtsai/,Dr Betty T.,2020,,Global Mobility (Rotation),Google
https://www.linkedin.com/in/drtsai/,Dr Betty T.,2019 - 2020,,Program Specialist,Google
https://www.linkedin.com/in/drtsai/,Dr Betty T.,2018 - 2019,,Sandbox Singapore,Sandbox
https://www.linkedin.com/in/drtsai/,Dr Betty T.,2016 - 2019,,Skin Care R&D,Procter & Gamble
https://www.linkedin.com/in/drtsai/,Dr Betty T.,2012 - 2016,,Fabric & Home Care R&D,Procter & Gamble
https://www.linkedin.com/in/drtsai/,Dr Betty T.,2010 - 2011,,Research Directorate,NASA - National Aeronautics and Space Administration
https://www.linkedin.com/in/drtsai/,Dr Betty T.,2010,,Technology Department,Shell
https://www.linkedin.com/in/arnika-chaudhary-62623119/,Arnika Chaudhary,Sep 2018 - Present,Singapore,Google BrandLabs,Google
https://www.linkedin.com/in/arnika-chaudhary-62623119/,Arnika Chaudhary,Sep 2014 - Sep 2018,South East Asia,Consultant,The Boston Consulting Group (BCG)
https://www.linkedin.com/in/arnika-chaudhary-62623119/,Arnika Chaudhary,May 2011 - Aug 2013,Singapore,Program Manager,Procter & Gamble
https://www.linkedin.com/in/arnika-chaudhary-62623119/,Arnika Chaudhary,Jun 2008 - Nov 2010,"Banglore, Kolkata, Saharanpur",Assistant Manager,ITC Limited
https://www.linkedin.com/in/arnika-chaudhary-62623119/,Arnika Chaudhary,May 2007 - Jul 2007,"Haridwar Area, India",Summer Intern,Hindustan Unilever Ltd
https://www.linkedin.com/in/ms-suchi-laughter-queen-empowerment-advisor-0078b765/,"MS. SUCHI Laughter Queen ,Empowerment Advisor",Jun 2020 - Present,United States,Organising Committee Member,Conference Series LLC LTD.
https://www.linkedin.com/in/ms-suchi-laughter-queen-empowerment-advisor-0078b765/,"MS. SUCHI Laughter Queen ,Empowerment Advisor",Jun 2020 - Present,United States,International Committee,Pulsus Conferences
https://www.linkedin.com/in/ms-suchi-laughter-queen-empowerment-advisor-0078b765/,"MS. SUCHI Laughter Queen ,Empowerment Advisor",Mar 2020 - Present,United States,OCM,Pulsus Conferences
https://www.linkedin.com/in/ms-suchi-laughter-queen-empowerment-advisor-0078b765/,"MS. SUCHI Laughter Queen ,Empowerment Advisor",Jan 2018 - Present,"Marina South, Singapore",Community Guide,Google
https://www.linkedin.com/in/ms-suchi-laughter-queen-empowerment-advisor-0078b765/,"MS. SUCHI Laughter Queen ,Empowerment Advisor",Apr 2020 - Jun 2020,United States,OCM,Meetings Int
https://www.linkedin.com/in/ms-suchi-laughter-queen-empowerment-advisor-0078b765/,"MS. SUCHI Laughter Queen ,Empowerment Advisor",Mar 2018 - Jun 2020,SOUTH EAST ASIA,VICE PRESIDENT~SOUTH EAST ASIA GLOBAL GOODWILL AMBASSADORS,Global Goodwill Ambassadors (GGA)
https://www.linkedin.com/in/timsynan/,Tim Synan,Jun 2020 - Present,Singapore,"APAC Director - Global Strategic Initiatives, Google Cloud",Google
https://www.linkedin.com/in/timsynan/,Tim Synan,Apr 2017 - Jun 2020,Singapore,Regional Director & Head of Southeast Asia - Google Cloud,Google
https://www.linkedin.com/in/timsynan/,Tim Synan,May 2016 - Apr 2017,,Google Cloud Platform Sales - Southeast Asia,Google
https://www.linkedin.com/in/timsynan/,Tim Synan,2015 - May 2016,Singapore,Head of APAC - Hootsuite Enterprise,Hootsuite
https://www.linkedin.com/in/timsynan/,Tim Synan,2013 - 2015,Singapore,"Managing Director, Enterprise Content Division - ASEAN",Dell EMC
https://www.linkedin.com/in/timsynan/,Tim Synan,2010 - 2012,Singapore,"Head of Partners & Alliances, APAC - Amazon Web Services",Amazon
https://www.linkedin.com/in/timsynan/,Tim Synan,2007 - 2010,"Singapore, Barcelona",Sales & Alliance Director - Asia Pacific & Europe,OpenText
https://www.linkedin.com/in/sabrinakudus/,Sabrina Kudus,Feb 2018 - Present,Singapore,Cloud Recruiter,Google
https://www.linkedin.com/in/sabrinakudus/,Sabrina Kudus,Jun 2016 - Feb 2018,Singapore,Cloud Recruiter,Amazon Web Services
https://www.linkedin.com/in/sabrinakudus/,Sabrina Kudus,Aug 2015 - Apr 2016,Singapore,Principal Recruiter - Big Data/ Data Analytics/ Smart APAC at Spencer-Ogden,Spencer-Ogden
https://www.linkedin.com/in/sabrinakudus/,Sabrina Kudus,Jul 2012 - Aug 2015,Asia Pacific,Senior Consultant - Geophysics and Business Support,Spencer-Ogden
https://www.linkedin.com/in/sabrinakudus/,Sabrina Kudus,Jul 2011 - Jul 2012,Singapore,Recruiter - Business Transformation and Change Management (APAC),Hydrogen Group
https://www.linkedin.com/in/sabrinakudus/,Sabrina Kudus,Feb 2010 - May 2011,Singapore,Executive,Lawrence Quahe & Woo LLC
https://www.linkedin.com/in/linh-dang-30981881/,Linh Dang,Dec 2018 - Present,Singapore,Account Strategist,Google
https://www.linkedin.com/in/linh-dang-30981881/,Linh Dang,Jun 2017 - Nov 2018,,Regional Business Development,Shopee
https://www.linkedin.com/in/linh-dang-30981881/,Linh Dang,Mar 2014 - Apr 2017,,SMU Ambassador,SMU Ambassadorial Corps
https://www.linkedin.com/in/linh-dang-30981881/,Linh Dang,May 2016 - Jul 2016,Singapore,Summer Analyst,Goldman Sachs
https://www.linkedin.com/in/linh-dang-30981881/,Linh Dang,Apr 2015 - Jul 2015,Singapore,Global Financial Markets Intern,Rabobank
https://www.linkedin.com/in/richardharshman/,Rick Harshman,Apr 2016 - Present,Singapore,"Managing Director of Asia Pacific & Japan, Google Cloud",Google
https://www.linkedin.com/in/richardharshman/,Rick Harshman,Oct 2011 - Mar 2016,Singapore,Head of ASEAN,Amazon Web Services
https://www.linkedin.com/in/richardharshman/,Rick Harshman,Jan 2010 - Dec 2012,,Head of India,Amazon Web Services
https://www.linkedin.com/in/richardharshman/,Rick Harshman,Jan 2008 - Dec 2009,,Senior Sales Manager,Akamai Technologies
https://www.linkedin.com/in/richardharshman/,Rick Harshman,Nov 2006 - Dec 2007,,"Senior Manager, Account Management, Asia Pacifc and Japan",Akamai Technologies
