﻿employee_url,name,duration,location,job_title,company_name
https://www.linkedin.com/in/vikeshdipsingh/,Vikeshdip Singh,Feb 2020 - Present,Singapore,"Staffing Channels Specialist, APAC",Google
https://www.linkedin.com/in/vikeshdipsingh/,Vikeshdip Singh,Aug 2019 - Dec 2019,Singapore,Consultant,Adecco
https://www.linkedin.com/in/vikeshdipsingh/,Vikeshdip Singh,Mar 2019 - May 2019,Singapore,"Talent Specialist, Asia",Gartner
https://www.linkedin.com/in/vikeshdipsingh/,Vikeshdip Singh,Jul 2018 - Jan 2019,Singapore,Consultant - Supply Chain,Hays
https://www.linkedin.com/in/vikeshdipsingh/,Vikeshdip Singh,Nov 2017 - Jun 2018,Singapore,Researcher - Supply Chain & Procurement,Hays
https://www.linkedin.com/in/xuanhuyen3011/,Huyen Nguyen Xuan,Aug 2019 - Present,Singapore,Staffing Channels Specialist via Optimum Solution,Google
https://www.linkedin.com/in/xuanhuyen3011/,Huyen Nguyen Xuan,Sep 2018 - Jun 2019,"Ho Chi Minh City, Vietnam",HR Manager,INSPECTORIO
https://www.linkedin.com/in/xuanhuyen3011/,Huyen Nguyen Xuan,Jan 2018 - Sep 2018,"Ho Chi Minh City, Vietnam",Senior Recruiter,INSPECTORIO
https://www.linkedin.com/in/xuanhuyen3011/,Huyen Nguyen Xuan,May 2016 - Oct 2017,"Ho Chi Minh City, Vietnam",Senior Recruitment Specialist,Sentifi
https://www.linkedin.com/in/xuanhuyen3011/,Huyen Nguyen Xuan,Apr 2014 - Sep 2015,"Ho Chi Minh City, Vietnam",Technical Recruiter,Atlassian
https://www.linkedin.com/in/xuanhuyen3011/,Huyen Nguyen Xuan,Apr 2013 - Mar 2014,"Ho Chi Minh City, Vietnam",Recruitment Consultant,Harvey Nash Group
https://www.linkedin.com/in/roselindgan/,Roselind Gan,Aug 2019 - Present,Singapore,"Staffing Channels Specialist, APAC",Google
https://www.linkedin.com/in/roselindgan/,Roselind Gan,Apr 2018 - Aug 2019,Singapore,Senior Recruitment Consultant,Ambition
https://www.linkedin.com/in/roselindgan/,Roselind Gan,Oct 2015 - Mar 2018,"Kuala Lumpur, Malaysia",Senior Recruitment Consultant - Finance and Accounting,Michael Page
https://www.linkedin.com/in/roselindgan/,Roselind Gan,Jan 2015 - Oct 2015,"Kuala Lumpur, Malaysia",Assistant Manager - Governance Advisory,BDO ASEAN
https://www.linkedin.com/in/roselindgan/,Roselind Gan,Jan 2011 - Dec 2014,"Kuala Lumpur, Malaysia",Senior Associate - Assurance,BDO ASEAN
https://www.linkedin.com/in/roselindgan/,Roselind Gan,Jul 2014 - Sep 2014,"Brisbane, Australia",Senior Associate,BDO in Australia
https://www.linkedin.com/in/shashankgoud/,Shashank Goud,Sep 2019 - Present,Singapore,Staffing Channels Specialist,Google
https://www.linkedin.com/in/shashankgoud/,Shashank Goud,Jul 2018 - Aug 2019,"Hyderabad Area, India",Technical Sourcer,Indeed.com
https://www.linkedin.com/in/shashankgoud/,Shashank Goud,Jul 2016 - Jul 2018,"Hyderabad Area, India",Talent Sourcer,Amazon
https://www.linkedin.com/in/shashankgoud/,Shashank Goud,Mar 2015 - Jul 2016,"Pune Area, India",Sourcer,iPlace USA
https://www.linkedin.com/in/shashankgoud/,Shashank Goud,Aug 2014 - Mar 2015,"Pune Area, India",Associate Sourcer,iPlace USA
https://www.linkedin.com/in/prakashladia/,Prakash Ladia,Aug 2018 - Present,Singapore,"Head of Customer Engineering, SEA",Google
https://www.linkedin.com/in/prakashladia/,Prakash Ladia,Mar 2017 - Jul 2018,Singapore,Head Of Engineering,Grab
https://www.linkedin.com/in/prakashladia/,Prakash Ladia,2013 - 2017,Greater Seattle Area,Principal Software Engineering Leader,Microsoft
https://www.linkedin.com/in/prakashladia/,Prakash Ladia,2007 - 2012,Pune,"General Manager, Director of Engineering, Associate Partner",ZS Associates
https://www.linkedin.com/in/prakashladia/,Prakash Ladia,2003 - 2007,Pune,"General Manager, Associate Director of Engineering",BMC Software
https://www.linkedin.com/in/lotus-sandhu-66953960/,Lotus Sandhu,Oct 2014 - Present,Singapore,Human Resources,Google
https://www.linkedin.com/in/lotus-sandhu-66953960/,Lotus Sandhu,Apr 2014 - Oct 2014,"Bengaluru Area, India",HR Business Partner,Accenture
https://www.linkedin.com/in/lotus-sandhu-66953960/,Lotus Sandhu,Nov 2012 - Apr 2014,"Bengaluru Area, India",Recruiter,Accenture
https://www.linkedin.com/in/lotus-sandhu-66953960/,Lotus Sandhu,Feb 2011 - Nov 2011,"Jalandhar Area, India",Member,AIESEC
https://www.linkedin.com/in/sutha-sehgar-918606b7/,Sutha Sehgar,May 2018 - Present,Singapore,"Staffing Channels Specialist, APAC",Google
https://www.linkedin.com/in/sutha-sehgar-918606b7/,Sutha Sehgar,Aug 2017 - Feb 2018,Singapore,Consultant,Astbury Marsden
https://www.linkedin.com/in/sutha-sehgar-918606b7/,Sutha Sehgar,Oct 2016 - Aug 2017,Singapore,Consultant - Technology,Salt
https://www.linkedin.com/in/sutha-sehgar-918606b7/,Sutha Sehgar,Apr 2015 - Sep 2016,Singapore,Recruitment Consultant - IT Infrastructure Specialist,"Evolution Recruitment Solutions PTE Ltd, Singapore"
https://www.linkedin.com/in/chloetarbet/,Chloe Tarbet,Sep 2019 - Present,Singapore,"Diversity & Recruitment, Google Cloud",Google
https://www.linkedin.com/in/chloetarbet/,Chloe Tarbet,Jun 2018 - Aug 2019,Singapore,Talent Relations & Recruiting Specialist,Zühlke Group
https://www.linkedin.com/in/chloetarbet/,Chloe Tarbet,Mar 2018 - Mar 2019,Remote/Singapore,Coach,Prosper
https://www.linkedin.com/in/chloetarbet/,Chloe Tarbet,Dec 2016 - Feb 2018,"Vancouver, Canada Area",Human Resources Generalist/Jr People Business Partner,Bench Accounting
https://www.linkedin.com/in/chloetarbet/,Chloe Tarbet,Jan 2015 - Dec 2016,"Vancouver, Canada Area",Recruiter,Bench Accounting
https://www.linkedin.com/in/chloetarbet/,Chloe Tarbet,Jan 2014 - Apr 2014,"Vancouver, Canada Area",COMM 202 Teaching Assistant,Sauder School of Business at UBC
https://www.linkedin.com/in/jamie-lim-a1434664/,Jamie Lim,Jul 2020 - Present,Singapore,"Specialist, APAC Talent and Outreach Programs",Google
https://www.linkedin.com/in/jamie-lim-a1434664/,Jamie Lim,Oct 2018 - Jul 2020,Singapore,"Specialist, JAPAC Industry & Research Programs",Google
https://www.linkedin.com/in/jamie-lim-a1434664/,Jamie Lim,May 2016 - Jul 2020,Singapore,Staffing Channels Specialist - APAC,Google
https://www.linkedin.com/in/jamie-lim-a1434664/,Jamie Lim,Nov 2014 - May 2016,Singapore,Online Channels Specialist - APAC (Contract via Optimum Solutions),Google
https://www.linkedin.com/in/jamie-lim-a1434664/,Jamie Lim,Jun 2013 - Nov 2014,,Assistant Consultant,"Fragomen, Del Rey, Bernsen & Loewy"
https://www.linkedin.com/in/jamie-lim-a1434664/,Jamie Lim,Jan 2012 - Feb 2012,,Intern,Lee & Lee
https://www.linkedin.com/in/jamie-lim-a1434664/,Jamie Lim,Jan 2011 - Feb 2011,,Intern,Seah Ong & Partners LLP
https://www.linkedin.com/in/hannia-zia-83482a67/,Hannia Zia,Sep 2020 - Present,,Mentor,Venture for Pakistan
https://www.linkedin.com/in/hannia-zia-83482a67/,Hannia Zia,Jul 2018 - Sep 2020,Singapore,Product Manager,Google
https://www.linkedin.com/in/hannia-zia-83482a67/,Hannia Zia,Aug 2017 - Jun 2018,"Zürich, Switzerland",Associate Product Manager,Google
https://www.linkedin.com/in/hannia-zia-83482a67/,Hannia Zia,Mar 2020 - Aug 2020,"Islamabad, Islāmābād, Pakistan",Volunteer Product Manager,Digital Pakistan
https://www.linkedin.com/in/hannia-zia-83482a67/,Hannia Zia,Jan 2012 - Sep 2015,,Student Tech,Yale University
https://www.linkedin.com/in/hannia-zia-83482a67/,Hannia Zia,Jan 2014 - May 2015,"New Haven, Connecticut",Student Developer,Yale University
https://www.linkedin.com/in/hannia-zia-83482a67/,Hannia Zia,Jun 2015 - Aug 2015,"Mountain View, California",Associate Product Manager Intern,Google
