﻿employee_url,name,duration,location,job_title,company_name
https://www.linkedin.com/in/danislou/,Danis Lou,Jul 2019 - Present,Singapore,Product Designer,Google
https://www.linkedin.com/in/danislou/,Danis Lou,Apr 2016 - Jun 2019,Singapore,Design Manager,Grab
https://www.linkedin.com/in/danislou/,Danis Lou,Jan 2014 - Apr 2016,Singapore,Mobile UI Design Lead,HP
https://www.linkedin.com/in/danislou/,Danis Lou,Aug 2010 - Apr 2016,Singapore,Sr. Visual Designer,HP
https://www.linkedin.com/in/danislou/,Danis Lou,Jan 2010 - Jul 2010,"Hangzhou, China",Interaction Designer,Alipay.com
https://www.linkedin.com/in/danislou/,Danis Lou,Feb 2008 - Dec 2009,"Shanghai, China",Visual & Multimedia Designer,HP
https://www.linkedin.com/in/brandon-wong-71816a46/,Brandon Wong,Sep 2019 - Present,Singapore,"Strategy and Operations, Google Cloud",Google
https://www.linkedin.com/in/brandon-wong-71816a46/,Brandon Wong,Nov 2018 - Sep 2019,Singapore,"Senior Analyst, Product and Insights",6Estates (AI + Big Data)
https://www.linkedin.com/in/brandon-wong-71816a46/,Brandon Wong,Mar 2017 - Nov 2018,Singapore,"Analyst, Revenue Optimisation",Las Vegas Sands Corp.
https://www.linkedin.com/in/brandon-wong-71816a46/,Brandon Wong,May 2016 - Mar 2017,Singapore,Google Squared Data & Analytics Trainee,Google
https://www.linkedin.com/in/brandon-wong-71816a46/,Brandon Wong,Feb 2015 - Jun 2015,,Assistant Marketing Manager,Heart Media
https://www.linkedin.com/in/brandon-wong-71816a46/,Brandon Wong,Jan 2015 - Feb 2015,,Strategic Marketing and Data Analytics Intern,Heart Media
https://www.linkedin.com/in/lars-m-b-anthonisen/,Lars M. B. Anthonisen,Feb 2020 - Present,Singapore,"Head of Marketing | Singapore, Malaysia & South Asia Frontiers",Google
https://www.linkedin.com/in/lars-m-b-anthonisen/,Lars M. B. Anthonisen,Sep 2017 - Feb 2020,Singapore,Head | Ads Marketing | Large Customers | Southeast & South Asia,Google
https://www.linkedin.com/in/lars-m-b-anthonisen/,Lars M. B. Anthonisen,Aug 2018 - Jan 2019,Singapore,Lead | Ads Marketing | Performance Ads | APAC (Maternity Cover),Google
https://www.linkedin.com/in/lars-m-b-anthonisen/,Lars M. B. Anthonisen,Jan 2016 - Sep 2017,Singapore,Global Client Lead | Lenovo,Google
https://www.linkedin.com/in/lars-m-b-anthonisen/,Lars M. B. Anthonisen,Apr 2014 - Dec 2015,Singapore,Regional Business Lead - CPG | APAC,Google
https://www.linkedin.com/in/lars-m-b-anthonisen/,Lars M. B. Anthonisen,Jun 2011 - Apr 2014,Singapore,Regional Director | APAC,MediaCom Singapore
https://www.linkedin.com/in/lars-m-b-anthonisen/,Lars M. B. Anthonisen,Mar 2010 - Jun 2011,Denmark,Chief Marketing Officer,Adform
https://www.linkedin.com/in/lars-m-b-anthonisen/,Lars M. B. Anthonisen,Mar 2007 - Mar 2010,Denmark,Interactive/ Digital Manager,Initiative Universal Media
https://www.linkedin.com/in/lars-m-b-anthonisen/,Lars M. B. Anthonisen,Feb 2009 - Sep 2009,Singapore,Interactive/ Digital Manager (Internal posting),Universal McCann & Initiative (Mediabrands) Singapore
https://www.linkedin.com/in/duncanedwardfoster/,Duncan Foster,Apr 2018 - Present,Singapore,Financial Services Lead for Google Cloud,Google
https://www.linkedin.com/in/duncanedwardfoster/,Duncan Foster,Oct 2014 - Present,,Director,Caligner
https://www.linkedin.com/in/duncanedwardfoster/,Duncan Foster,Jun 2014 - Sep 2014,,General Manager,Caligner
https://www.linkedin.com/in/duncanedwardfoster/,Duncan Foster,Jul 2015 - Mar 2018,Singapore,Regional Sales Manager,NetSuite
https://www.linkedin.com/in/duncanedwardfoster/,Duncan Foster,Sep 2014 - Nov 2016,Singapore,Startup Advisor,Independent
https://www.linkedin.com/in/duncanedwardfoster/,Duncan Foster,Jul 2010 - Apr 2014,Singapore,"Account General Manager - Asia, Middle-East & Africa",CSC
https://www.linkedin.com/in/duncanedwardfoster/,Duncan Foster,Nov 2006 - Jun 2010,,Account Executive,CSC
https://www.linkedin.com/in/juliencondamines/,Julien Condamines,Aug 2014 - Present,Singapore & Brazil,Founder & Managing Director,Co-Creation Lab - Innovation Consulting & Corporate Training
https://www.linkedin.com/in/juliencondamines/,Julien Condamines,Nov 2018 - Present,Singapore,Startup Mentor,Startup SG
https://www.linkedin.com/in/juliencondamines/,Julien Condamines,Aug 2020 - Present,Singapore,"Anchor Mentor, Google for Startup Accelerator",Google
https://www.linkedin.com/in/juliencondamines/,Julien Condamines,Jan 2018 - Present,Singapore,Lead Coordinator,French Tech Singapore
https://www.linkedin.com/in/juliencondamines/,Julien Condamines,Jan 2018 - Jan 2019,Singapore,Entrepreneur in Residence at the French Embassy,French Tech Singapore
https://www.linkedin.com/in/juliencondamines/,Julien Condamines,Jul 2019 - Present,Singapore,Mentor,Nanyang Technological University
https://www.linkedin.com/in/markjohnstonau/,🇦🇺 Mark Johnston,Dec 2018 - Present,Singapore,"Head of Security, Networking and Collaboration Specialists, Google Cloud APAC",Google
https://www.linkedin.com/in/markjohnstonau/,🇦🇺 Mark Johnston,Jul 2017 - Dec 2018,Singapore,JAPAC Cloud Security Specialist Lead,Google
https://www.linkedin.com/in/markjohnstonau/,🇦🇺 Mark Johnston,Jun 2011 - Aug 2017,Singapore,Executive Security Advisor,IBM
https://www.linkedin.com/in/markjohnstonau/,🇦🇺 Mark Johnston,Aug 2009 - Jun 2011,,Senior Security Consultant,IBM
https://www.linkedin.com/in/markjohnstonau/,🇦🇺 Mark Johnston,Jul 2007 - Jul 2009,,Senior IAM Consultant,KPMG First Point Global
https://www.linkedin.com/in/markjohnstonau/,🇦🇺 Mark Johnston,2005 - 2007,,Security Consultant,IBM
https://www.linkedin.com/in/markjohnstonau/,🇦🇺 Mark Johnston,Jan 2000 - Jan 2005,"Pakenham, Victoria, Australia",Network Administrator,Beaconhills College (Official)
https://www.linkedin.com/in/siimsainas/,Siim Säinas,Nov 2017 - Present,Singapore,Social Insights and Measurement Lead APAC,Google
https://www.linkedin.com/in/siimsainas/,Siim Säinas,Dec 2017 - Present,Hong Kong,Principal Researcher & Founder,BrandHero
https://www.linkedin.com/in/siimsainas/,Siim Säinas,Sep 2016 - Nov 2017,Singapore,Managing Director,TransferFriend Group
https://www.linkedin.com/in/siimsainas/,Siim Säinas,May 2013 - Jul 2016,Singapore,General Manager and Director,STATSIT
https://www.linkedin.com/in/siimsainas/,Siim Säinas,Jul 2010 - May 2013,Singapore,Regional Account Director & Partner,STATSIT
https://www.linkedin.com/in/siimsainas/,Siim Säinas,Jan 2009 - Jun 2009,,Marketing Executive,Dhansiri Communication Ltd
https://www.linkedin.com/in/cwadke/,Chirayu Wadke,Jul 2019 - Present,Singapore,Head Of Business Development - Google Cloud JAPAC,Google
https://www.linkedin.com/in/cwadke/,Chirayu Wadke,Apr 2018 - Present,Singapore,Technical Advisor - Prime Minister's Office,"National Research Foundation, Singapore"
https://www.linkedin.com/in/cwadke/,Chirayu Wadke,Jul 2018 - Present,,Member,Xoogler Angels
https://www.linkedin.com/in/cwadke/,Chirayu Wadke,Jul 2016 - Jun 2019,Singapore,Partner,SeedPlus
https://www.linkedin.com/in/cwadke/,Chirayu Wadke,Dec 2011 - Jun 2016,San Francisco Bay Area,Business Development,Google
https://www.linkedin.com/in/hoanglinh2112/,Linh Hoang,Jun 2020 - Present,Singapore,Account Manager,Google
https://www.linkedin.com/in/hoanglinh2112/,Linh Hoang,Jan 2018 - Jun 2020,Singapore,Account Manager,Amazon Web Services
https://www.linkedin.com/in/hoanglinh2112/,Linh Hoang,Nov 2016 - Dec 2017,Singapore,Account Manager - Cloud Platform,Oracle
https://www.linkedin.com/in/hoanglinh2112/,Linh Hoang,Jul 2014 - Nov 2016,Singapore & Malaysia,Virtual Sales Account Manager,Cisco
https://www.linkedin.com/in/hoanglinh2112/,Linh Hoang,Jun 2013 - Aug 2013,Vietnam,Marketing Analyst at eBay Vietnam,Peacesoft
https://www.linkedin.com/in/win-lwin-73487aba/,WIN LWIN,Jan 2017 - Present,Singapore,Data Center Facilities Engineer,Google
https://www.linkedin.com/in/win-lwin-73487aba/,WIN LWIN,Sep 2015 - Jan 2017,Singapore,Utilities Engineer,Novartis
https://www.linkedin.com/in/win-lwin-73487aba/,WIN LWIN,Sep 2015 - Oct 2015,,Data Center Operation Engineer,CBRE Asia Pacific
https://www.linkedin.com/in/win-lwin-73487aba/,WIN LWIN,Sep 2012 - Aug 2015,,Assistant Engineer,JOHNSON CONTROLS PTE LTD
https://www.linkedin.com/in/win-lwin-73487aba/,WIN LWIN,Nov 2007 - Sep 2012,Changi Airport Terminal 3,Supervisor ( M&E ),CPG FACILITIES MANAGEMENT PTE LTD
