﻿employee_url,name,duration,location,job_title,company_name
https://www.linkedin.com/in/nathanwhitwell/,Nathan Whitwell,Mar 2019 - Present,Singapore,Technical Sourcing Lead,Google
https://www.linkedin.com/in/nathanwhitwell/,Nathan Whitwell,Jul 2018 - Mar 2019,Singapore,Staffing Services Lead - APAC,Google
https://www.linkedin.com/in/nathanwhitwell/,Nathan Whitwell,Sep 2017 - Jul 2018,Singapore,Recruiting Lead,Google
https://www.linkedin.com/in/nathanwhitwell/,Nathan Whitwell,Jun 2016 - Sep 2017,Singapore,Techncial Recruiter,Google
https://www.linkedin.com/in/nathanwhitwell/,Nathan Whitwell,May 2015 - Jun 2016,"London, United Kingdom",Program Manager,Google
https://www.linkedin.com/in/nathanwhitwell/,Nathan Whitwell,Feb 2010 - Apr 2010,,Tech Recruiter (contract),Sogeti
https://www.linkedin.com/in/nathanwhitwell/,Nathan Whitwell,Aug 2009 - Feb 2010,,Engagement Manager,Provident Financial Plc
https://www.linkedin.com/in/nathanwhitwell/,Nathan Whitwell,Aug 2007 - May 2009,,Recruitment Advisor,Williams Lea
https://www.linkedin.com/in/nathanwhitwell/,Nathan Whitwell,Aug 2006 - Aug 2007,,Tech Recruiter,MBA UK
https://www.linkedin.com/in/kelly-shi-94a34017/,Kelly Shi,Apr 2015 - Present,Singapore,Talent Acquisition Specialist,Google
https://www.linkedin.com/in/kelly-shi-94a34017/,Kelly Shi,Jan 2017 - Apr 2017,"London, United Kingdom","Leadership Recruitment, Research Associate (exchange program)",Google
https://www.linkedin.com/in/kelly-shi-94a34017/,Kelly Shi,Dec 2013 - Mar 2015,singapore,HR Business Partnering (HRBP),Google
https://www.linkedin.com/in/kelly-shi-94a34017/,Kelly Shi,Jul 2012 - Jul 2013,Singapore,Consumer Banking Management Trainee,Standard Chartered Bank
https://www.linkedin.com/in/kelly-shi-94a34017/,Kelly Shi,May 2011 - Jul 2011,Singapore,Human Resources Summer Analyst Intern,Deutsche Bank
https://www.linkedin.com/in/kelly-shi-94a34017/,Kelly Shi,Nov 2010 - Dec 2010,Singapore,Finance Intern,Bernhard Schulte Shipmanagement
https://www.linkedin.com/in/kelly-shi-94a34017/,Kelly Shi,May 2010 - Jul 2010,China,Corporate Banking Finance Intern,Bank of China
https://www.linkedin.com/in/kanzijun/,Zi Jun Kan,May 2020 - Aug 2020,,Software Engineer Intern,Google
https://www.linkedin.com/in/kanzijun/,Zi Jun Kan,Dec 2019 - Jan 2020,Singapore,Software Engineering Intern,"Experimental Systems and Technology Lab, Ministry of Education"
https://www.linkedin.com/in/kanzijun/,Zi Jun Kan,May 2019 - Aug 2019,"Mountain View, United States",Software Engineering Intern,Siemens Healthineers
https://www.linkedin.com/in/kanzijun/,Zi Jun Kan,Nov 2017 - Jul 2018,Singapore,Programme Lead,Girls in Tech Singapore
https://www.linkedin.com/in/kanzijun/,Zi Jun Kan,May 2017 - Jul 2017,Singapore,UX Intern,That Green Space
https://www.linkedin.com/in/nigelwatson/,Nigel Watson,Oct 2017 - Present,Singapore,JAPAC Regional Leader - Technology Partners,Google
https://www.linkedin.com/in/nigelwatson/,Nigel Watson,Mar 2012 - Oct 2017,,Partner Business Development Manager,Amazon Web Services
https://www.linkedin.com/in/nigelwatson/,Nigel Watson,Jun 2004 - Dec 2011,,Platform Strategy Advisor,Microsoft
https://www.linkedin.com/in/nigelwatson/,Nigel Watson,Jan 1995 - Jun 2004,,A variety of roles in,a variety of companies
https://www.linkedin.com/in/eunice-ng-169723a1/,Eunice Ng,Jun 2018 - Present,Singapore,"Staffing Channels Specialist, APAC",Google
https://www.linkedin.com/in/eunice-ng-169723a1/,Eunice Ng,Jul 2016 - Jun 2018,,"Consultant (Legal, IT & Professional Services)",Randstad Singapore
https://www.linkedin.com/in/eunice-ng-169723a1/,Eunice Ng,Dec 2014 - Jul 2016,,Recruiter,HSBC
https://www.linkedin.com/in/ruth-ng-owledmask/,Ruth Ng,Jul 2020 - Present,Singapore,"APAC Talent Acquisition, Google Cloud",Google
https://www.linkedin.com/in/ruth-ng-owledmask/,Ruth Ng,Dec 2019 - Jul 2020,Singapore,APAC Talent Acquisition Specialist - Group Business Operations & Portfolio (GBOP),Google
https://www.linkedin.com/in/ruth-ng-owledmask/,Ruth Ng,Oct 2018 - Dec 2019,Singapore,Consultant | Recruiting Experts in Human Resources,Hays
https://www.linkedin.com/in/ruth-ng-owledmask/,Ruth Ng,Dec 2017 - Sep 2018,Singapore,Associate Consultant | Recruiting Experts in Human Resources,Hays
https://www.linkedin.com/in/ruth-ng-owledmask/,Ruth Ng,Sep 2015 - Nov 2017,Singapore,Financial Consultant,finexis advisory Pte Ltd
https://www.linkedin.com/in/ruth-ng-owledmask/,Ruth Ng,Jan 2013 - Sep 2015,300 Neo Tiew Crescent,Design Consultant,Esmond Landscape and Horticultural Pte Ltd
https://www.linkedin.com/in/ruth-ng-owledmask/,Ruth Ng,2011,1 Cluny Road,Internship Program,National Parks Board
https://www.linkedin.com/in/nur-ameera-89117ba6/,Nur Ameera,Aug 2019 - Present,,Recruiting Coordinator,Google
https://www.linkedin.com/in/nur-ameera-89117ba6/,Nur Ameera,Apr 2019 - Aug 2019,Singapore,Talent Acquisition Business Partner,Grab
https://www.linkedin.com/in/nur-ameera-89117ba6/,Nur Ameera,Nov 2018 - Mar 2019,,APAC Sourcer,Facebook
https://www.linkedin.com/in/nur-ameera-89117ba6/,Nur Ameera,Dec 2017 - Jul 2018,,Associate Consultant,Tate Asia Partners LLP
https://www.linkedin.com/in/nur-ameera-89117ba6/,Nur Ameera,Apr 2017 - Dec 2017,,Quality Assurance (Part-time),SISTIC Singapore
https://www.linkedin.com/in/caritan/,Cari Tan,Jan 2019 - Present,Singapore,"Staffing Channels Specialist, APAC",Google
https://www.linkedin.com/in/caritan/,Cari Tan,Jun 2018 - Dec 2018,Singapore,Consultant,Morgan McKinley
https://www.linkedin.com/in/caritan/,Cari Tan,Jun 2017 - May 2018,Singapore,Associate Consultant,Morgan McKinley
https://www.linkedin.com/in/caritan/,Cari Tan,2017,Singapore,Research Intern,Page Personnel
https://www.linkedin.com/in/caritan/,Cari Tan,2016,Singapore,Human Resources & Organisational Development Intern,GovTech Singapore
https://www.linkedin.com/in/jenchen8/,Jennifer Chen,Mar 2018 - Present,Singapore,Recruiter,Google
https://www.linkedin.com/in/jenchen8/,Jennifer Chen,Jan 2014 - Mar 2018,Taiwan,Associate Manager,Michael Page
https://www.linkedin.com/in/jenchen8/,Jennifer Chen,Jun 2013 - Jan 2014,Taiwan,Marketing Specialist,UBS
https://www.linkedin.com/in/jenchen8/,Jennifer Chen,Aug 2010 - Jun 2013,Taiwan,Account Specialist,"Transcend Information, Inc."
https://www.linkedin.com/in/selenesiregar/,Selene Siregar,Oct 2019 - Present,Singapore,Recruiter,Google
https://www.linkedin.com/in/selenesiregar/,Selene Siregar,Jan 2019 - Oct 2019,Singapore,"Senior Consultant, Legal Recruitment",The SR Group
https://www.linkedin.com/in/selenesiregar/,Selene Siregar,Nov 2017 - Dec 2018,Singapore,Legal Recruitment Consultant,The SR Group
https://www.linkedin.com/in/selenesiregar/,Selene Siregar,Jan 2019 - Oct 2019,Singapore,"Senior Consultant, Legal Recruitment",Taylor Root
https://www.linkedin.com/in/selenesiregar/,Selene Siregar,Nov 2017 - Dec 2018,Singapore,"Consultant, Legal Recruitment",Taylor Root
https://www.linkedin.com/in/selenesiregar/,Selene Siregar,Aug 2017 - Sep 2017,,Senior Consultant,Michael Page
https://www.linkedin.com/in/selenesiregar/,Selene Siregar,Sep 2016 - Jul 2017,"Greater Jakarta Area, Indonesia",Consultant,Michael Page
https://www.linkedin.com/in/selenesiregar/,Selene Siregar,Sep 2012 - Dec 2015,"Rotterdam Area, Netherlands",Cultural HRM Training Expert,Expertise in Labour Mobility
