﻿employee_url,name,duration,location,job_title,company_name
https://www.linkedin.com/in/waynewz/,Wayne Wong,Nov 2018 - Present,Singapore,Data Analyst,Google
https://www.linkedin.com/in/waynewz/,Wayne Wong,Aug 2016 - Nov 2018,,Data Analyst,Unilever
https://www.linkedin.com/in/waynewz/,Wayne Wong,May 2015 - Dec 2015,Singapore,Intern,Airbnb
https://www.linkedin.com/in/waynewz/,Wayne Wong,May 2013 - May 2014,San Francisco Bay Area,Venture Capital Analyst,NetService Ventures Group
https://www.linkedin.com/in/meng-shin-l-58993480/,Meng shin L.,Feb 2019 - Present,Singapore,Talent Acquisition Specialist,Google
https://www.linkedin.com/in/meng-shin-l-58993480/,Meng shin L.,Sep 2017 - Jan 2019,Shanghai/Taipei,Recruiter,Google
https://www.linkedin.com/in/meng-shin-l-58993480/,Meng shin L.,Aug 2015 - Sep 2017,"Tokyo, Japan","Staffing Services Associate, Recruiting",Google
https://www.linkedin.com/in/meng-shin-l-58993480/,Meng shin L.,May 2014 - Jun 2015,Greater Minneapolis-St. Paul Area,Intern Consultant,DRI Consulting
https://www.linkedin.com/in/meng-shin-l-58993480/,Meng shin L.,Sep 2014 - May 2015,Greater Minneapolis-St. Paul Area,Intern,University of Minnesota
https://www.linkedin.com/in/sara-pelosi-8356311/,Sara Pelosi,Jul 2016 - Present,,Head of APAC Staffing Channels,Google
https://www.linkedin.com/in/sara-pelosi-8356311/,Sara Pelosi,Aug 2014 - Jul 2016,Singapore,"Staffing Services Manager, Asia Pacific",Google
https://www.linkedin.com/in/sara-pelosi-8356311/,Sara Pelosi,May 2008 - Aug 2014,,People Programs Manager,Google
https://www.linkedin.com/in/sara-pelosi-8356311/,Sara Pelosi,May 2007 - May 2008,,HR Associate Intern,Google
https://www.linkedin.com/in/sara-pelosi-8356311/,Sara Pelosi,Nov 2003 - May 2006,,Student Affairs Coordinator,University of Southern California
https://www.linkedin.com/in/alvin-h-a63362a9/,Alvin H,May 2019 - Present,Singapore,"People Operations – Staffing Channels Specialist, APAC",Google
https://www.linkedin.com/in/alvin-h-a63362a9/,Alvin H,Jan 2018 - May 2019,Singapore,"Consultant, Sales & Marketing – FMCG & Consumer Healthcare",Robert Walters
https://www.linkedin.com/in/alvin-h-a63362a9/,Alvin H,Jan 2017 - Jan 2018,Singapore,Account Executive – Corporate & Tech Practice,WE Communications
https://www.linkedin.com/in/alvin-h-a63362a9/,Alvin H,Dec 2015 - Mar 2016,Singapore,Internship – Marketing Communications & Branding,National Youth Council Singapore
https://www.linkedin.com/in/alvin-h-a63362a9/,Alvin H,Jan 2013 - Dec 2014,Singapore,Flight Steward,Singapore Airlines
https://www.linkedin.com/in/camilladodkins/,Camilla Dodkins,Apr 2018 - Present,Singapore,Staffing Channels Specialist (APAC),Google
https://www.linkedin.com/in/camilladodkins/,Camilla Dodkins,Oct 2016 - Apr 2018,Singapore,Regional Talent Acquisition (APAC/ USA),Grab
https://www.linkedin.com/in/camilladodkins/,Camilla Dodkins,Jan 2016 - Oct 2016,United Kingdom,Consultant (South England),Brook Street
https://www.linkedin.com/in/camilladodkins/,Camilla Dodkins,Feb 2014 - Jan 2016,United Kingdom,HR Associate,Digits Industries Ltd
https://www.linkedin.com/in/romanmatla/,Roman Matla,Aug 2020 - Present,,"Director, APAC Diversity & Employee Engagement",Google
https://www.linkedin.com/in/romanmatla/,Roman Matla,Jul 2019 - Jul 2020,Singapore,Regional Head of Diversity & Inclusion,Uber
https://www.linkedin.com/in/romanmatla/,Roman Matla,Jul 2016 - May 2019,Singapore,Principal Analysis & Improvement,BHP
https://www.linkedin.com/in/romanmatla/,Roman Matla,Nov 2011 - Jul 2016,Singapore,Human Resources Manager (Diversity & Inclusion),BHP
https://www.linkedin.com/in/romanmatla/,Roman Matla,Oct 2011 - Nov 2011,Asia Pacific,Principal Consultant,Advanced Management Services
https://www.linkedin.com/in/romanmatla/,Roman Matla,Apr 2009 - May 2011,,Vice President - Head of Learning for Asia Technology & Operations,Bank of America
