﻿employee_url,name,duration,location,job_title,company_name
https://www.linkedin.com/in/adama-bari-diallo-5731096/,Adama Bari Diallo,Apr 2018 - Present,Singapore,"Head of Partnerships, Next Billion Users EMEA",Google
https://www.linkedin.com/in/adama-bari-diallo-5731096/,Adama Bari Diallo,May 2014 - Nov 2018,,Android Platform Partnerships Africa,Google
https://www.linkedin.com/in/adama-bari-diallo-5731096/,Adama Bari Diallo,May 2020 - Present,,Founding Board Member,Mojaloop Foundation
https://www.linkedin.com/in/adama-bari-diallo-5731096/,Adama Bari Diallo,Aug 2012 - Apr 2018,"Paris Area, France",Chief Marketing Officer,Next Generation Innovation
https://www.linkedin.com/in/adama-bari-diallo-5731096/,Adama Bari Diallo,Aug 2007 - Aug 2012,France Telecom Orange - Technocentre,Senior Marketing Manager,France Telecom
https://www.linkedin.com/in/adama-bari-diallo-5731096/,Adama Bari Diallo,Aug 2006 - Oct 2007,Dakar - West & Central Africa,Marketing Development Executive,British American Tobacco
https://www.linkedin.com/in/lucia-deng-9709b211/,Lucia Deng,2018 - Present,Singapore,HR Program Manager,Google
https://www.linkedin.com/in/lucia-deng-9709b211/,Lucia Deng,2015 - 2018,,"Recruiter, APAC",Google
https://www.linkedin.com/in/lucia-deng-9709b211/,Lucia Deng,2014 - 2015,Singapore,"Senior Recruiter - Asia, Europe, Middle East and Africa (AEMEA)",The Hershey Company
https://www.linkedin.com/in/lucia-deng-9709b211/,Lucia Deng,2011 - 2014,,Senior Consultant,Michael Page
https://www.linkedin.com/in/lucia-deng-9709b211/,Lucia Deng,2010 - 2011,Singapore,Consultant,Michael Page
https://www.linkedin.com/in/aditi-mehta-926b195b/,Aditi Mehta,Jul 2019 - Present,Singapore,APAC Talent Acquisition - Google Cloud (Optimum Solutions),Google
https://www.linkedin.com/in/aditi-mehta-926b195b/,Aditi Mehta,Dec 2017 - Jun 2019,Singapore,Talent Consultant - IT,"Evolution Recruitment Solutions, Singapore"
https://www.linkedin.com/in/aditi-mehta-926b195b/,Aditi Mehta,Apr 2016 - Sep 2016,"Mumbai Area, India",Manager - HR (HR Business Partner - IT & Operations),L&T Finance
https://www.linkedin.com/in/aditi-mehta-926b195b/,Aditi Mehta,Jun 2014 - Mar 2016,"Mumbai Area, India",Deputy Manager - Corporate HR,IndusInd Bank
https://www.linkedin.com/in/aditi-mehta-926b195b/,Aditi Mehta,May 2013 - Jul 2013,"Mumbai Area, India",Summer Intern - H.R,Johnson & Johnson (India - Consumer Products)
https://www.linkedin.com/in/sebastian-sanford-scutt-0513234b/,Sebastian Sanford-Scutt,Mar 2019 - Present,Singapore,"Technical Recruiter, APAC",Google
https://www.linkedin.com/in/sebastian-sanford-scutt-0513234b/,Sebastian Sanford-Scutt,Jul 2017 - Mar 2019,"Sydney, Australia",Senior Talent Acquisition Consultant,Deloitte Digital Australia
https://www.linkedin.com/in/sebastian-sanford-scutt-0513234b/,Sebastian Sanford-Scutt,May 2016 - Jul 2017,"Sydney, Australia",Talent Acquisition Consultant - Deloitte Private,Deloitte Australia
https://www.linkedin.com/in/sebastian-sanford-scutt-0513234b/,Sebastian Sanford-Scutt,Jan 2014 - Apr 2016,"Melbourne, Australia",Senior Search & Selection Consultant,Adecco Group
https://www.linkedin.com/in/sebastian-sanford-scutt-0513234b/,Sebastian Sanford-Scutt,Apr 2012 - Nov 2013,"Melbourne, Australia",Search and Selection Consultant- Procurement and Supply Chain,Reed Procurement & Supply Chain
https://www.linkedin.com/in/verayap/,Vera Yap,Oct 2019 - Present,Singapore,"Staffing Channels Specialist, APAC",Google
https://www.linkedin.com/in/verayap/,Vera Yap,Jan 2018 - Oct 2019,Singapore,Experience Design Consultant,Robert Walters
https://www.linkedin.com/in/verayap/,Vera Yap,Feb 2016 - Aug 2016,"Shanghai City, China",Associate Consultant,Cornerstone Global Partners (Operates as CGP in Mainland China)
https://www.linkedin.com/in/verayap/,Vera Yap,Aug 2015 - Jan 2016,"Shanghai City, China",Special Projects Manager,Captive Media China
https://www.linkedin.com/in/matthle/,Matt Le,May 2019 - Present,Singapore,Talent Acquisition - Asia Pacific,Google
https://www.linkedin.com/in/matthle/,Matt Le,2018 - 2019,Vietnam,Talent Acquisition Manager,iCare Benefits
https://www.linkedin.com/in/matthle/,Matt Le,2016 - 2018,Vietnam,Recruitment Advisor,RMIT University Vietnam
https://www.linkedin.com/in/matthle/,Matt Le,2015 - 2016,Vietnam,Consultant,Navigos Search
https://www.linkedin.com/in/danielwasik/,Daniel Wasik,Apr 2014 - Present,Singapore,"Head of Early in Career hiring, APAC",Google
https://www.linkedin.com/in/danielwasik/,Daniel Wasik,Jul 2006 - Apr 2014,Singapore,"Head of Staffing, APAC & EMEA",Cisco
https://www.linkedin.com/in/danielwasik/,Daniel Wasik,Jul 2005 - Jul 2006,"London, England","Account Manager - Finance and IT, EMEA",GFI Consulting
https://www.linkedin.com/in/danielwasik/,Daniel Wasik,May 2002 - Jul 2005,"Newcastle upon tyne, england",Project Manager - Finance,Procter & Gamble
https://www.linkedin.com/in/ebellam/,Ebel Lam,Oct 2018 - Present,Singapore,"Staffing Channels Specialist, APAC (Talent Acquisition)",Google
https://www.linkedin.com/in/ebellam/,Ebel Lam,Dec 2016 - Oct 2018,Singapore,"Recruitment Coordinator, APAC",Booking.com
https://www.linkedin.com/in/ebellam/,Ebel Lam,Aug 2016 - Dec 2016,Singapore,"Assistant Manager, Philanthropy",National Heritage Board
https://www.linkedin.com/in/ebellam/,Ebel Lam,May 2015 - Jul 2015,Social Service Office @ Queenstown / Clementi / Jurong East,Local Planning Intern,"Ministry of Social and Family Development, Singapore (MSF)"
https://www.linkedin.com/in/jisun-park-601b935/,Jisun Park,Jul 2020 - Present,Singapore,"HR Director, APAC GBO",Google
https://www.linkedin.com/in/jisun-park-601b935/,Jisun Park,Aug 2018 - Jul 2020,Singapore,"Head of HR Operations, APAC",Google
https://www.linkedin.com/in/jisun-park-601b935/,Jisun Park,Jun 2016 - Feb 2019,Singapore,"Head of Staffing, APAC",Google
https://www.linkedin.com/in/jisun-park-601b935/,Jisun Park,Jan 2014 - Jun 2016,Singapore,"Head of Talent Channels, APAC",Google
https://www.linkedin.com/in/jisun-park-601b935/,Jisun Park,Sep 2011 - Jan 2014,Singapore,Head of Regional Revenue Development,Google
https://www.linkedin.com/in/jisun-park-601b935/,Jisun Park,Jul 2009 - Sep 2011,Singapore,"Senior Manager, Organizational Effectiveness",DFS Group (Subsidiary of LVMH)
https://www.linkedin.com/in/jisun-park-601b935/,Jisun Park,Aug 2005 - May 2007,New York,"Vice President, Equity Research",Merrill Lynch
https://www.linkedin.com/in/jisun-park-601b935/,Jisun Park,Sep 2003 - Jul 2005,New York,Senior Consultant,Kurt Salmon Associates
https://www.linkedin.com/in/jisun-park-601b935/,Jisun Park,Sep 2001 - Aug 2003,Boston,Associate,L.E.K. Consulting
https://www.linkedin.com/in/sanjeevsomasundaram/,Sanjeev Somasundaram,Feb 2019 - Present,Singapore,APAC TA Head - GOC (Google Operations Center),Google
https://www.linkedin.com/in/sanjeevsomasundaram/,Sanjeev Somasundaram,Sep 2015 - Feb 2019,Singapore,APAC Staffing Head (Campus),Google
https://www.linkedin.com/in/sanjeevsomasundaram/,Sanjeev Somasundaram,May 2013 - Aug 2015,Singapore,Program/Product Manager,Google
https://www.linkedin.com/in/sanjeevsomasundaram/,Sanjeev Somasundaram,Feb 2011 - Apr 2013,Singapore,Program Manager (Staffing Operations),Google
https://www.linkedin.com/in/sanjeevsomasundaram/,Sanjeev Somasundaram,Aug 2010 - Jan 2011,,India Recruitment Lead - Accenture Consulting,Accenture Services Pvt. Ltd.
https://www.linkedin.com/in/sanjeevsomasundaram/,Sanjeev Somasundaram,Aug 2009 - Jul 2010,,Head - Talent Acquisition,Tesco Bengaluru
https://www.linkedin.com/in/sanjeevsomasundaram/,Sanjeev Somasundaram,Dec 2008 - Jul 2009,,Core Team,Entrepreneurship
https://www.linkedin.com/in/sanjeevsomasundaram/,Sanjeev Somasundaram,Jul 2004 - Dec 2008,,Head of Recruitment (EMEA),Infosys Technologies Limited
