﻿employee_url,name,duration,location,job_title,company_name
https://www.linkedin.com/in/alexsonn/,Alexson Nounrasi,May 2017 - Present,Singapore,"Staffing Channels Specialist, APAC",Google
https://www.linkedin.com/in/alexsonn/,Alexson Nounrasi,Aug 2015 - May 2017,"Sydney, Australia","Staffing Services Associate, Recruiting, APAC",Google
https://www.linkedin.com/in/alexsonn/,Alexson Nounrasi,Jun 2020 - Present,Singapore,Business Development,Jam Republic The Agency
https://www.linkedin.com/in/alexsonn/,Alexson Nounrasi,Oct 2011 - May 2017,"Sydney, Australia",Instructor,Crossover Dance Studios
https://www.linkedin.com/in/alexsonn/,Alexson Nounrasi,Oct 2013 - Dec 2016,"Sydney, Australia",Author,Inside HR
https://www.linkedin.com/in/alexsonn/,Alexson Nounrasi,Feb 2015 - Aug 2015,"Sydney, Australia",Human Resources Coordinator,Sheraton Grand Sydney Hyde Park
https://www.linkedin.com/in/meenal-khare-03696b55/,Meenal Khare,Jun 2020 - Present,,"New Business Strategist, Google Customer Solutions - APAC",Google
https://www.linkedin.com/in/meenal-khare-03696b55/,Meenal Khare,Jul 2018 - Jun 2020,Singapore,"Staffing Channels Specialist, APAC - Talent Acquisition",Google
https://www.linkedin.com/in/meenal-khare-03696b55/,Meenal Khare,Apr 2017 - Jun 2018,Singapore,"Channels Specialist, APAC (Via Optimum Solutions)",Google
https://www.linkedin.com/in/meenal-khare-03696b55/,Meenal Khare,Sep 2015 - Mar 2017,Singapore,Consultant,Page Personnel
https://www.linkedin.com/in/meenal-khare-03696b55/,Meenal Khare,May 2015 - Aug 2015,Singapore,Associate Consultant,Page Personnel
https://www.linkedin.com/in/saumya-mittal-763a884/,Saumya Mittal,Aug 2019 - Present,Singapore,"HR Business Partner (Sales/Partnerships), APAC",Google
https://www.linkedin.com/in/saumya-mittal-763a884/,Saumya Mittal,Nov 2017 - Sep 2019,Singapore,People Partner (Diversity Specialist) APAC,Google
https://www.linkedin.com/in/saumya-mittal-763a884/,Saumya Mittal,May 2017 - Nov 2017,"Gurgaon, India",HRBP for HQ functions (11 functions - 700 employees),PepsiCo
https://www.linkedin.com/in/saumya-mittal-763a884/,Saumya Mittal,Oct 2015 - May 2017,,"Head Culture, Diversity, Engagement and Change Management",PepsiCo
https://www.linkedin.com/in/saumya-mittal-763a884/,Saumya Mittal,Oct 2011 - Sep 2013,Gurgaon,Sales Capability Manager,PepsiCo Beverages India
https://www.linkedin.com/in/saumya-mittal-763a884/,Saumya Mittal,Oct 2010 - Oct 2011,,"Manager, Special Projects Org Capability in South Market Unit",PepsiCo India
https://www.linkedin.com/in/saumya-mittal-763a884/,Saumya Mittal,Aug 2009 - Sep 2010,,HR & IR Manager,PepsiCo India
https://www.linkedin.com/in/saumya-mittal-763a884/,Saumya Mittal,Jul 2007 - Jul 2008,India,Management Trainee,PepsiCo India Beverages
https://www.linkedin.com/in/limanna1/,Anna Lim,Mar 2019 - Present,via Optimum Solutions,Talent Acquisition - APAC,Google
https://www.linkedin.com/in/limanna1/,Anna Lim,Mar 2018 - Feb 2019,Singapore,"Account Manager, Australia and New Zealand",LinkedIn
https://www.linkedin.com/in/limanna1/,Anna Lim,Nov 2017 - Mar 2018,Singapore,Consultant - Sales & Marketing,Morgan McKinley
https://www.linkedin.com/in/limanna1/,Anna Lim,Dec 2016 - Dec 2017,Singapore,Consultant - Accounting & Finance,Morgan McKinley
https://www.linkedin.com/in/limanna1/,Anna Lim,Jul 2013 - Jun 2014,Singapore,Medical Sales Representative,United Italian Trading Corporation (Private) Limited
https://www.linkedin.com/in/limanna1/,Anna Lim,Jan 2013 - May 2013,Singapore,Personal Financial Consultant,OCBC Bank
https://www.linkedin.com/in/tenzin-norbhu-58b4208/,Tenzin Norbhu,Jan 2020 - Present,Singapore,"Director, Government Affairs & Public Policy",Google
https://www.linkedin.com/in/tenzin-norbhu-58b4208/,Tenzin Norbhu,Sep 2019 - Jan 2020,Singapore,Director,Facebook
https://www.linkedin.com/in/tenzin-norbhu-58b4208/,Tenzin Norbhu,Dec 2017 - Aug 2019,Singapore,Head Access and Connectivity Policy,Facebook
https://www.linkedin.com/in/tenzin-norbhu-58b4208/,Tenzin Norbhu,Jan 2017 - Nov 2017,Bhutan,ICT Policy Advisor,World Bank
https://www.linkedin.com/in/tenzin-norbhu-58b4208/,Tenzin Norbhu,Jan 2015 - Oct 2016,Singapore,Lead ICT Policy Specialist,The World Bank
https://www.linkedin.com/in/tenzin-norbhu-58b4208/,Tenzin Norbhu,Feb 2007 - Jul 2014,Washington DC,Regional Coordinator and Sr. ICT Policy Specialist,World Bank Group
https://www.linkedin.com/in/jaemielim/,Jae Mie Lim,Oct 2020 - Present,Singapore,"Talent Acquisition, APAC Channels Specialist - SEA",Google
https://www.linkedin.com/in/jaemielim/,Jae Mie Lim,Apr 2020 - Sep 2020,Singapore,HR Operations (Short term bungee),Google
https://www.linkedin.com/in/jaemielim/,Jae Mie Lim,Oct 2017 - Apr 2020,Singapore,"Talent Acquisition, APAC Channels Specialist",Google
https://www.linkedin.com/in/jaemielim/,Jae Mie Lim,Jan 2017 - Sep 2017,Singapore,Consultant - Page Personnel Singapore Human Resources,Page Personnel
https://www.linkedin.com/in/jaemielim/,Jae Mie Lim,Jul 2016 - Dec 2016,Singapore,Associate Consultant - Human Resources,Page Personnel
https://www.linkedin.com/in/jaemielim/,Jae Mie Lim,May 2015 - Jul 2015,Singapore,Human Resources Intern (People Development),Sumitomo Mitsui Banking Corporation
https://www.linkedin.com/in/jaemielim/,Jae Mie Lim,Jul 2014 - Jun 2015,Singapore,Manager Talent Management,AIESEC Singapore
https://www.linkedin.com/in/jaemielim/,Jae Mie Lim,May 2014 - Aug 2014,Singapore,Investor Relations Intern,YTL Starhill Global Property Management Pte Ltd
https://www.linkedin.com/in/longphung/,Hai Long Phung Tan,Jun 2020 - Present,Singapore,Account Strategist,Google
https://www.linkedin.com/in/longphung/,Hai Long Phung Tan,Jan 2018 - May 2020,"Singapore, New York",Management Consultant,Simon-Kucher & Partners
https://www.linkedin.com/in/longphung/,Hai Long Phung Tan,Aug 2018 - Oct 2018,Singapore,PE Investment Analyst,Forchn International
https://www.linkedin.com/in/longphung/,Hai Long Phung Tan,Dec 2017 - Jan 2018,Singapore,M&A Intern,Deloitte
https://www.linkedin.com/in/longphung/,Hai Long Phung Tan,May 2017 - Aug 2017,Singapore,Contract and Procurement Intern,Shell
https://www.linkedin.com/in/parameesmittinet/,Paramee Smittinet,Oct 2017 - Present,Singapore,"Strategy & Insights Manager (Apps, Commerce, Entertainment)",Google
https://www.linkedin.com/in/parameesmittinet/,Paramee Smittinet,Sep 2016 - Sep 2017,New Jersey,Associate,McKinsey & Company
https://www.linkedin.com/in/parameesmittinet/,Paramee Smittinet,Jan 2014 - Jul 2014,Bangkok,Regional Head of E-Commerce Optimization,Lazada Group
https://www.linkedin.com/in/parameesmittinet/,Paramee Smittinet,Jan 2011 - Dec 2013,Bangkok,Business Analyst,McKinsey & Company
https://www.linkedin.com/in/parameesmittinet/,Paramee Smittinet,May 2010 - Aug 2010,,Marketing Intern,Apple Inc.- Thailand
https://www.linkedin.com/in/krislevickis/,Kris Levickis,May 2020 - Present,Singapore,"Director, Customer Success APAC / Japan",Google
https://www.linkedin.com/in/krislevickis/,Kris Levickis,Mar 2018 - Apr 2020,Singapore,"Vice President, Customer Success, Cloud Platform & Infrastructure - Asia Pacific/Japan",Oracle
https://www.linkedin.com/in/krislevickis/,Kris Levickis,Mar 2014 - Feb 2018,Singapore,"Vice President, Asia Pacific & Japan, Field Customer Support",Oracle
https://www.linkedin.com/in/krislevickis/,Kris Levickis,Mar 2011 - Sep 2012,Singapore,"Director, Business Operations (Services) - Asia Pacific",NCR Corporation
https://www.linkedin.com/in/krislevickis/,Kris Levickis,Dec 2008 - Mar 2011,Greater Atlanta Area,"Director, Continuous Improvement - North America",NCR Corporation
https://www.linkedin.com/in/krislevickis/,Kris Levickis,1997 - 1999,,Various technical roles,3Com
https://www.linkedin.com/in/nat-stanton-9513705a/,Nat Stanton,Apr 2018 - Present,Singapore,Hiring Senior Sales Talent for APAC,Google
https://www.linkedin.com/in/nat-stanton-9513705a/,Nat Stanton,May 2014 - Apr 2018,Singapore,Senior Recruitment Consultant,Robert Walters
https://www.linkedin.com/in/nat-stanton-9513705a/,Nat Stanton,Jun 2012 - May 2014,Welwyn Garden City,Recruitment Consultant,Randstad CPE
