﻿employee_url,name,duration,location,job_title,company_name
https://www.linkedin.com/in/anne-caron-a657b41/,Anne Caron,Sep 2015 - Present,,People Strategy Expert,Anne Caron Consulting
https://www.linkedin.com/in/anne-caron-a657b41/,Anne Caron,Dec 2016 - Present,,SG Xoogler Community lead,Xoogler.co
https://www.linkedin.com/in/anne-caron-a657b41/,Anne Caron,Sep 2017 - Dec 2018,Singapore,Partner,Trellis Asia
https://www.linkedin.com/in/anne-caron-a657b41/,Anne Caron,Jul 2013 - Sep 2015,,APAC People Operations Manager,Google
https://www.linkedin.com/in/anne-caron-a657b41/,Anne Caron,Sep 2012 - Jun 2013,"Hyderabad Area, India",Staffing Services Manager,Google
https://www.linkedin.com/in/anne-caron-a657b41/,Anne Caron,Aug 2004 - Dec 2005,"Paris Area, France",Consultant and Head of Research,Douge International
https://www.linkedin.com/in/anne-caron-a657b41/,Anne Caron,Sep 2003 - Aug 2004,"Paris Area, France",International Researcher,Douge International
https://www.linkedin.com/in/ashwillis/,Ash Willis,Apr 2017 - Present,Singapore,"Head of Cloud Partners & Alliances, Asia Pacific & Japan",Google
https://www.linkedin.com/in/ashwillis/,Ash Willis,Aug 2012 - Mar 2017,"Melbourne, Australia","Head of Training & Certification, Asia Pacific & Japan",Amazon Web Services
https://www.linkedin.com/in/ashwillis/,Ash Willis,Apr 2009 - Apr 2012,,"Senior Manager, Education & Enablement",VMware
https://www.linkedin.com/in/ashwillis/,Ash Willis,Apr 2007 - Apr 2009,,"Manager, Partner Systems Engineering",VMware
https://www.linkedin.com/in/ashwillis/,Ash Willis,May 2006 - Apr 2007,,Business Development & Solutions Lead,Hewlett Packard Australia
https://www.linkedin.com/in/ashwillis/,Ash Willis,Sep 2003 - May 2006,,Sales Engineer,Citrix Systems Asia Pacific Pty. Ltd.
https://www.linkedin.com/in/wennyyustalim/,Wenny Yustalim,Jan 2020 - Present,Singapore,Software Engineer,Google
https://www.linkedin.com/in/wennyyustalim/,Wenny Yustalim,Sep 2019 - Dec 2019,"Greater Jakarta Area, Indonesia",Software Engineer Intern,Tokopedia
https://www.linkedin.com/in/wennyyustalim/,Wenny Yustalim,Jun 2019 - Sep 2019,Singapore,Software Engineering Intern,Google
https://www.linkedin.com/in/wennyyustalim/,Wenny Yustalim,Sep 2017 - Jul 2019,"Bandung Area, West Java, Indonesia",Distributed System Lab Assistant,Institut Teknologi Bandung
https://www.linkedin.com/in/wennyyustalim/,Wenny Yustalim,Aug 2018 - Dec 2018,"Bandung Area, West Java, Indonesia",Algorithm & Data Structure Course Assistant,Institut Teknologi Bandung
https://www.linkedin.com/in/wennyyustalim/,Wenny Yustalim,Dec 2018 - Mar 2019,"Greater Jakarta Area, Indonesia",Software Engineer Intern,STOQO
https://www.linkedin.com/in/bsunilrao/,Sunil Rao,Apr 2020 - Present,Singapore,J/APAC Regional Lead - Sales Enablement and Activation,Google
https://www.linkedin.com/in/bsunilrao/,Sunil Rao,Nov 2019 - Apr 2020,Singapore,"Manager, Partner Programs and Strategy JAPAC",Google
https://www.linkedin.com/in/bsunilrao/,Sunil Rao,Jun 2018 - Oct 2019,Singapore,"Regional Program Manager, Google Cloud Partnerships - JAPAC",Google
https://www.linkedin.com/in/bsunilrao/,Sunil Rao,Apr 2016 - Jun 2018,Singapore,Global Program Manager | GSI Partner Incentives,Microsoft
https://www.linkedin.com/in/bsunilrao/,Sunil Rao,Aug 2015 - Feb 2016,Singapore,Co-Founder,Astronaut Technologies
https://www.linkedin.com/in/bsunilrao/,Sunil Rao,Aug 2014 - Dec 2015,Singapore,MBA,NUS Business School
https://www.linkedin.com/in/bsunilrao/,Sunil Rao,Aug 2012 - Aug 2014,Singapore,"Business Partner | People, Technology & Operations",Google
https://www.linkedin.com/in/bsunilrao/,Sunil Rao,Jun 2008 - Aug 2012,"Hyderabad Area, India",Solutions Specialist / Sales Strategist,Google
https://www.linkedin.com/in/kiatisakw/,Toy Watcharapruk,Apr 2019 - Present,,"Product Marketing Manager, Search",Google
https://www.linkedin.com/in/kiatisakw/,Toy Watcharapruk,Oct 2019 - Sep 2020,,"Product Manager, Search - 20% Project",Google
https://www.linkedin.com/in/kiatisakw/,Toy Watcharapruk,Jun 2016 - Apr 2019,,"Product Marketing Manager, Google Assistant",Google
https://www.linkedin.com/in/kiatisakw/,Toy Watcharapruk,Aug 2015 - May 2016,,"Marketing Specialist, Consumer Apps",Google
https://www.linkedin.com/in/kiatisakw/,Toy Watcharapruk,Aug 2014 - Jul 2015,,Consultant,APCO Worldwide
https://www.linkedin.com/in/kiatisakw/,Toy Watcharapruk,Oct 2013 - Jan 2014,"London, United Kingdom",Research Intern,Chatham House (The Royal Institute of International Affairs)
https://www.linkedin.com/in/kiatisakw/,Toy Watcharapruk,Sep 2013,"Nonthaburi, Thailand",Trade Negotiations Intern,Ministry of Commerce
https://www.linkedin.com/in/kiatisakw/,Toy Watcharapruk,Jul 2013 - Aug 2013,"Bangkok, Thailand",Political Section Intern,Delegation of the European Union to Thailand
https://www.linkedin.com/in/chengxitang/,Chengxi Tang,2018 - Present,Singapore,"Business Development for Rides & Deliveries - JAPAC, Google Maps",Google
https://www.linkedin.com/in/chengxitang/,Chengxi Tang,2017,Singapore,Director of Business Development (SEA),51VR
https://www.linkedin.com/in/chengxitang/,Chengxi Tang,2016,Singapore,Director of Business Development,Xpointo Media
https://www.linkedin.com/in/chengxitang/,Chengxi Tang,2015,San Francisco,Director of Business Development and Customer Success,Roam Analytics
https://www.linkedin.com/in/chengxitang/,Chengxi Tang,Nov 2013 - Dec 2014,Singapore,Consultant,Hays
https://www.linkedin.com/in/sandeep-patil-98615417/,Sandeep Patil,Jul 2020 - Present,Singapore,"Regional Lead, Chronicle & Security Partnerships, Asia Pacific",Google
https://www.linkedin.com/in/sandeep-patil-98615417/,Sandeep Patil,May 2017 - Jul 2020,Singapore,"Director, Global SI & Strategic Alliances, Asia Pacific",McAfee
https://www.linkedin.com/in/sandeep-patil-98615417/,Sandeep Patil,Jun 2014 - May 2017,Singapore,Partner Account Manager,Cisco Systems
https://www.linkedin.com/in/sandeep-patil-98615417/,Sandeep Patil,Jun 2007 - Jun 2014,"Mumbai Area, India",Channel Account Manager,Cisco Systems
https://www.linkedin.com/in/sandeep-patil-98615417/,Sandeep Patil,Jul 2005 - Jun 2007,"Mumbai Area, India",Business Development Manager,GTL Limited
https://www.linkedin.com/in/sandeep-patil-98615417/,Sandeep Patil,Jun 2004 - Jun 2005,"Mumbai Area, India",Business Development Manager,Crompton Greaves Ltd
https://www.linkedin.com/in/samikiz/,Sami Kizilbash,Feb 2020 - Present,Singapore,"Global Head, Accelerators",Google
https://www.linkedin.com/in/samikiz/,Sami Kizilbash,Sep 2015 - Present,Singapore,Developer Relations Ecosystem,Google
https://www.linkedin.com/in/samikiz/,Sami Kizilbash,Sep 2012 - Sep 2015,,South Asia Emerging Markets,Google
https://www.linkedin.com/in/samikiz/,Sami Kizilbash,Feb 2019 - Present,Singapore,Angel Investor,XA Network
https://www.linkedin.com/in/samikiz/,Sami Kizilbash,Jan 1990 - Present,Singapore,Musician,Self-employed
https://www.linkedin.com/in/samikiz/,Sami Kizilbash,Sep 2009 - Present,Singapore,Wildlife & Travel Photographer,SearchForWild.com
https://www.linkedin.com/in/samikiz/,Sami Kizilbash,Jan 2011 - May 2016,Singapore,Board Member,INDEVOR
https://www.linkedin.com/in/samikiz/,Sami Kizilbash,Jan 2010 - Dec 2010,Singapore & France,"MBA, Strategy & Entrepreneurship",INDEVOR
https://www.linkedin.com/in/kate-nguyen-67764458/,Kate Nguyen,Sep 2018 - Present,Singapore,"Manager, Content Partnership, Entertainment, YouTube",Google
https://www.linkedin.com/in/kate-nguyen-67764458/,Kate Nguyen,Oct 2017 - Sep 2018,Vietnam,Head Of Marketing,TIKI Corporation
https://www.linkedin.com/in/kate-nguyen-67764458/,Kate Nguyen,Oct 2016 - Oct 2017,Vietnam,"Marketing Manager, Studio & Partnerships",The Walt Disney Company
https://www.linkedin.com/in/kate-nguyen-67764458/,Kate Nguyen,Aug 2014 - Oct 2016,Ho Chi Minh City,Marketing Lead,Uber
https://www.linkedin.com/in/kate-nguyen-67764458/,Kate Nguyen,Sep 2013 - Jan 2014,"HCMC, Vietnam",Marketing Associate,Misfit Wearables
https://www.linkedin.com/in/kate-nguyen-67764458/,Kate Nguyen,Feb 2013 - Sep 2013,"HCMC, Vietnam",Customer Service Associate,Misfit Wearables
https://www.linkedin.com/in/tiffany-choong-3964b711/,Tiffany Choong,Oct 2019 - Present,Singapore,"Head of Strategy and Operations, South East Asia, Google Cloud",Google
https://www.linkedin.com/in/tiffany-choong-3964b711/,Tiffany Choong,Jun 2017 - Oct 2019,Singapore,"Strategy & Operations, South East Asia Lead, Google Cloud",Google
https://www.linkedin.com/in/tiffany-choong-3964b711/,Tiffany Choong,Oct 2014 - Jun 2017,Singapore,Associate,McKinsey & Company
https://www.linkedin.com/in/tiffany-choong-3964b711/,Tiffany Choong,Jun 2013 - Aug 2013,Hong Kong and Singapore,Summer Associate,Deutsche Bank
https://www.linkedin.com/in/tiffany-choong-3964b711/,Tiffany Choong,May 2010 - Jul 2012,Greater New York City Area,Investment Banking Analyst,J.P. Morgan
https://www.linkedin.com/in/tiffany-choong-3964b711/,Tiffany Choong,Jan 2010 - May 2010,Greater New York City Area,Donor Relations Intern,Columbia Law School
