﻿employee_url,name,duration,location,job_title,company_name
https://www.linkedin.com/in/ishitajain1/,Ishita Jain,Feb 2020 - Present,Singapore,"Territory Sales Manager, Google Cloud, Singapore",Google
https://www.linkedin.com/in/ishitajain1/,Ishita Jain,Feb 2018 - Feb 2020,Singapore,"Enterprise Customer Development Representative - Google Cloud, Southeast Asia",Google
https://www.linkedin.com/in/ishitajain1/,Ishita Jain,Sep 2016 - Feb 2018,Singapore,"Sales Development Representative, Google Cloud, Asia-Pacific",Google
https://www.linkedin.com/in/ishitajain1/,Ishita Jain,Aug 2015 - Aug 2016,Singapore,Business Development Representative,Oracle Corporation
https://www.linkedin.com/in/ishitajain1/,Ishita Jain,Jun 2012 - Nov 2014,"Pune Area, India",Market Research Analyst | Sales Support Function,Infosys Limited
https://www.linkedin.com/in/ishitajain1/,Ishita Jain,Sep 2011 - Jan 2012,"Mumbai Area, India",Management Intern,Brand Finance
https://www.linkedin.com/in/ishitajain1/,Ishita Jain,May 2011 - Jul 2011,"Mumbai Area, India",Market Research Analyst,Groupon Asia Pacific
https://www.linkedin.com/in/virtimulani/,Virti Mulani,Aug 2020 - Present,Singapore,"Strategic Partner Manager, Creator / Artist Development, YouTube",Google
https://www.linkedin.com/in/virtimulani/,Virti Mulani,Nov 2018 - Aug 2020,Singapore,"Social Media Manager, Google Cloud",Google
https://www.linkedin.com/in/virtimulani/,Virti Mulani,Aug 2016 - Jul 2017,"Vancouver, Canada Area",Webinar Marketing Coordinator,Hootsuite Media Inc.
https://www.linkedin.com/in/virtimulani/,Virti Mulani,Dec 2015 - Jun 2016,"Vancouver, Canada Area",Community Manager,Popcorn
https://www.linkedin.com/in/annabelle-lin-94613b5/,Annabelle Lin,Aug 2020 - Present,Singapore,"Enterprise Sales Lead, Cloud, FSI",Google
https://www.linkedin.com/in/annabelle-lin-94613b5/,Annabelle Lin,Jun 2019 - Present,,Investor,Klikdaily
https://www.linkedin.com/in/annabelle-lin-94613b5/,Annabelle Lin,Apr 2019 - Present,,Investor,Douugh
https://www.linkedin.com/in/annabelle-lin-94613b5/,Annabelle Lin,Dec 2017 - Aug 2020,Singapore,"Global Account Director, ASEAN, Financial Services",EY
https://www.linkedin.com/in/annabelle-lin-94613b5/,Annabelle Lin,Oct 2014 - Nov 2017,Singapore,"Relationship Director, APAC - Banking & Capital Markets",PwC Singapore
https://www.linkedin.com/in/sanghyunlee/,Sanghyun Lee,Jun 2019 - Present,Singapore,"Head of Core Products for Asia-Pacific, Government Affairs and Public Policy, Google",Google
https://www.linkedin.com/in/sanghyunlee/,Sanghyun Lee,Jul 2015 - Jun 2019,"Seoul, Korea",Public Policy,Airbnb
https://www.linkedin.com/in/sanghyunlee/,Sanghyun Lee,2014 - Jun 2019,"Seoul, Korea",Adjunct Professor,Hanyang University
https://www.linkedin.com/in/sanghyunlee/,Sanghyun Lee,2013 - 2015,"Seoul, Korea",Public Policy,Google
https://www.linkedin.com/in/sanghyunlee/,Sanghyun Lee,2010 - 2013,Greater Boston Area,Portfolio Manager,State Street Global Advisors
https://www.linkedin.com/in/philippecassafieres/,Philippe Cassafieres,Dec 2016 - Present,Singapore,Head of Strategy & Sales Operations APAC,Google
https://www.linkedin.com/in/philippecassafieres/,Philippe Cassafieres,Mar 2015 - Dec 2016,"Dublin, Ireland",Sales Leader - Large Customer Sales - Services Sector,Google
https://www.linkedin.com/in/philippecassafieres/,Philippe Cassafieres,Apr 2014 - Mar 2015,"Dublin, Ireland",Head of Sales Strategy & Operations (Northern Europe),Google
https://www.linkedin.com/in/philippecassafieres/,Philippe Cassafieres,Dec 2018 - Present,,"Member, Angel Investor",Xoogler Angels
https://www.linkedin.com/in/philippecassafieres/,Philippe Cassafieres,Jul 2020 - Present,,Angel Investor,BukuKas
https://www.linkedin.com/in/philippecassafieres/,Philippe Cassafieres,Nov 2019 - Present,,Angel Investor,Anywhr
https://www.linkedin.com/in/philippecassafieres/,Philippe Cassafieres,Sep 2011 - May 2014,"Paris Area, France",Engagement Manager,Booz & Company
https://www.linkedin.com/in/nishiseth/,Nishi Seth,Jun 2018 - Present,Singapore,"Head of Marketing JAPAC, Google Cloud Apigee",Google
https://www.linkedin.com/in/nishiseth/,Nishi Seth,Aug 2017 - May 2018,Singapore,"Head of Field Marketing - JAPAC, Google Maps",Google
https://www.linkedin.com/in/nishiseth/,Nishi Seth,Sep 2013 - Jul 2017,Singapore,B2B Senior Acquisition Marketing Manager,American Express
https://www.linkedin.com/in/nishiseth/,Nishi Seth,Aug 2012 - Aug 2013,,B2B Engagement Marketing Manager,American Express
https://www.linkedin.com/in/nishiseth/,Nishi Seth,2005 - Dec 2007,"New Delhi Area, India",Marketing Communications Manager,British Airways
https://www.linkedin.com/in/nishiseth/,Nishi Seth,Jan 2000 - Jan 2005,"New Delhi Area, India","Marketing Executive, Loyalty and Online",British Airways
https://www.linkedin.com/in/lynettelizteo/,Lynette Teo,Oct 2019 - Present,Singapore,"Account Manager, Large Customer Sales, Tech and Telco Vertical",Google
https://www.linkedin.com/in/lynettelizteo/,Lynette Teo,Jun 2018 - Oct 2019,Singapore,"Media Platforms Account Manager, Google Marketing Platform, Tech & Telco Vertical",Google
https://www.linkedin.com/in/lynettelizteo/,Lynette Teo,Jan 2017 - Feb 2019,Singapore,IAB Programmatic Committee Executive 2017-18,IAB Southeast Asia and India
https://www.linkedin.com/in/lynettelizteo/,Lynette Teo,Nov 2016 - Jun 2018,Singapore,Senior Account Executive,Amnet Programmatic Experts for Dentsu Aegis Network
https://www.linkedin.com/in/lynettelizteo/,Lynette Teo,Sep 2016 - Sep 2017,Singapore & Sydney,DIGITIZE Graduate Trainee,Google
https://www.linkedin.com/in/lynettelizteo/,Lynette Teo,Sep 2015 - Feb 2016,Singapore,PR & Marketing Coordinator,CÉ LA VI
https://www.linkedin.com/in/dushyant-khare-1818/,Dushyant Khare,Apr 2019 - Present,Singapore,Angel Investor,Xoogler Angels
https://www.linkedin.com/in/dushyant-khare-1818/,Dushyant Khare,Aug 2020 - Present,Singapore,Advisor (Sales & Business Development),Tigerhall
https://www.linkedin.com/in/dushyant-khare-1818/,Dushyant Khare,Aug 2020 - Present,Singapore,Advisor (Business Development & Strategy),Fewcents
https://www.linkedin.com/in/dushyant-khare-1818/,Dushyant Khare,Oct 2007 - Aug 2020,Singapore,"Director, Large Partnerships, Southeast Asia & India",Google
https://www.linkedin.com/in/dushyant-khare-1818/,Dushyant Khare,Nov 2004 - Oct 2007,,Program Manager,SAP Ariba
https://www.linkedin.com/in/jill-lee-a784572a/,Jill Lee,Jul 2018 - Present,Singapore,"Mobile Apps Promotion Business Lead, Southeast Asia",Google
https://www.linkedin.com/in/jill-lee-a784572a/,Jill Lee,Dec 2017 - Jun 2018,Singapore,Lead of SEA & SAF Strategic Partnership Apps team,Google
https://www.linkedin.com/in/jill-lee-a784572a/,Jill Lee,Jan 2016 - Nov 2017,Singapore,App Strategic Partnership Manager,Google
https://www.linkedin.com/in/jill-lee-a784572a/,Jill Lee,2015 - 2016,Singapore,APAC Key Account / Business Developement Lead,App Annie
https://www.linkedin.com/in/jill-lee-a784572a/,Jill Lee,2012 - 2015,Singapore,Lead of APAC Imagine and Printing Division,GfK
https://www.linkedin.com/in/jill-lee-a784572a/,Jill Lee,2011 - 2012,Taiwan,Unit Trust / Mutual Funds Product Manager,HSBC
