﻿employee_url,name,duration,location,job_title,company_name
https://www.linkedin.com/in/eugenespho/,Eugene Ho,Jan 2019 - Present,Singapore,Director APAC HR Services and Operations,Nike
https://www.linkedin.com/in/eugenespho/,Eugene Ho,Dec 2014 - Present,Singapore,"People Ops, Google People Services, Googler Ops Lead, APAC",Google
https://www.linkedin.com/in/eugenespho/,Eugene Ho,Jan 2011 - Nov 2014,,"People Ops, Google People Services, Project manager, APAC",Google
https://www.linkedin.com/in/eugenespho/,Eugene Ho,Aug 2007 - Jan 2011,,Client Implementation Manager,Mercer
https://www.linkedin.com/in/eugenespho/,Eugene Ho,Jun 2000 - Jul 2007,,Global Support Analyst,Hewlett-Packard Financial Services
https://www.linkedin.com/in/gchlee/,Gerard Lee,2018 - Present,Singapore,"Executive Leadership Recruiter, Asia Pacific",Google
https://www.linkedin.com/in/gchlee/,Gerard Lee,2014 - 2018,Singapore,"Head of Talent Acquisition, ASEAN Pacific",Philips
https://www.linkedin.com/in/gchlee/,Gerard Lee,2010 - 2014,Singapore,"Executive Recruiter, Technology Practice, Asia Pacific",Korn Ferry
https://www.linkedin.com/in/gchlee/,Gerard Lee,2007 - 2010,Singapore,"Executive Recruiter, Technology and Industrial Practices, Asia Pacific",Russell Reynolds Associates
https://www.linkedin.com/in/gchlee/,Gerard Lee,2005 - 2007,Singapore,"Executive Recruiter, Technology Practice, Asia Pacific",Korn Ferry
https://www.linkedin.com/in/marcoduarte/,Marco Duarte,Oct 2018 - Present,Singapore,Regional Talent & Sourcing Manager (APAC),Google
https://www.linkedin.com/in/marcoduarte/,Marco Duarte,Oct 2013 - Sep 2018,"London, United Kingdom",Regional Talent & Sourcing Manager (EMEA),Google
https://www.linkedin.com/in/marcoduarte/,Marco Duarte,Jan 2010 - Oct 2013,"London, United Kingdom",Technical Sourcer & Recruiter,Google
https://www.linkedin.com/in/marcoduarte/,Marco Duarte,Sep 2007 - Jan 2010,,Senior Recruiter / Account Manager,Gregory James / PSR Recruitment
https://www.linkedin.com/in/marcoduarte/,Marco Duarte,Aug 2006 - May 2007,,New Business Consultant,Worksmart Technology
https://www.linkedin.com/in/marcoduarte/,Marco Duarte,Jan 2006 - Jun 2006,,SAM Team Leader,Microsoft South Africa
https://www.linkedin.com/in/michelle-loh-a7438442/,Michelle Loh,Jul 2020 - Present,"Singapore, Singapore",Public Sector Strategic Sales Lead,Google
https://www.linkedin.com/in/michelle-loh-a7438442/,Michelle Loh,Mar 2018 - Jun 2020,Singapore,Account Director (Digital Government/ Healthcare),Microsoft
https://www.linkedin.com/in/michelle-loh-a7438442/,Michelle Loh,May 2016 - Mar 2018,,Government Sales Director,"FireEye, Inc."
https://www.linkedin.com/in/michelle-loh-a7438442/,Michelle Loh,Dec 2010 - Apr 2016,,Sales Director (Education/ Defence/ Public Sector),EMC
https://www.linkedin.com/in/michelle-loh-a7438442/,Michelle Loh,Oct 2007 - Dec 2010,,Sales Manager (Public Sector/ Research/ Education),Cisco Systems
https://www.linkedin.com/in/claudia-ng-5b03bb100/,Claudia Ng,Jun 2019 - Present,,Marketing Communications Specialist,Google
https://www.linkedin.com/in/claudia-ng-5b03bb100/,Claudia Ng,Dec 2019 - Apr 2020,Singapore,[20%] GCAS Food and Beverage Regional Specialist,Google
https://www.linkedin.com/in/claudia-ng-5b03bb100/,Claudia Ng,May 2018 - Aug 2018,Singapore,Business Intern,Google
https://www.linkedin.com/in/claudia-ng-5b03bb100/,Claudia Ng,May 2017 - Nov 2017,Singapore,Loyalty/Payments Marketing and Business Development Intern,Grab
https://www.linkedin.com/in/claudia-ng-5b03bb100/,Claudia Ng,Apr 2017 - May 2017,Singapore,Freelance Copywriter,TalentTribe Asia
https://www.linkedin.com/in/claudia-ng-5b03bb100/,Claudia Ng,May 2016 - Aug 2016,Singapore,Marketing and Advertising Intern,Marina Bay Sands
https://www.linkedin.com/in/tammyphan/,Tammy Thi Phan,Jan 2020 - Present,Singaore,"Head of Marketing, Vietnam",Google
https://www.linkedin.com/in/tammyphan/,Tammy Thi Phan,Jan 2018 - Jan 2020,Singapore,"Head of Strategic Partnership Development, Channel Sales, Southeast Asia",Google
https://www.linkedin.com/in/tammyphan/,Tammy Thi Phan,Oct 2015 - Jan 2018,Singapore,"Head of Channel Sales, Vietnam",Google
https://www.linkedin.com/in/tammyphan/,Tammy Thi Phan,Jan 2014 - Oct 2015,"Singapore, Singapore","Senior Manager, International Business Development",American Express
https://www.linkedin.com/in/tammyphan/,Tammy Thi Phan,2013,"Kuala Lumpur, Malaysia",Consultant,The Boston Consulting Group
https://www.linkedin.com/in/tammyphan/,Tammy Thi Phan,Oct 2011 - Oct 2012,Singapore,Training & Workforce Transition,Accenture
https://www.linkedin.com/in/tammyphan/,Tammy Thi Phan,Feb 2010 - Oct 2011,,Nonprofit Sector Consultant & Business Development,Accenture
https://www.linkedin.com/in/tammyphan/,Tammy Thi Phan,2012,"Ho Chi Minh City, Vietnam",Private Equity Consultant,Red Square Vietnam
https://www.linkedin.com/in/zeyiz/,Zeyi Zhuwu,2018 - Present,Singapore,Tech Recruitment APAC,Google
https://www.linkedin.com/in/zeyiz/,Zeyi Zhuwu,2015,Germany,Consultant Internship,Strategy&
https://www.linkedin.com/in/zeyiz/,Zeyi Zhuwu,2013,China,Business Development Internship,Ecovis Beijing
https://www.linkedin.com/in/sapna-chadha-1128671/,Sapna Chadha,Apr 2019 - Present,Singapore,"Senior Marketing Director, Google India and Southeast Asia",Google
https://www.linkedin.com/in/sapna-chadha-1128671/,Sapna Chadha,Jan 2017 - Mar 2019,Singapore,"Marketing Director, Google Southeast Asia & India",Google
https://www.linkedin.com/in/sapna-chadha-1128671/,Sapna Chadha,Oct 2015 - Jan 2017,"New Delhi Area, India","Head of Marketing, India",Google
https://www.linkedin.com/in/sapna-chadha-1128671/,Sapna Chadha,Aug 2014 - Sep 2015,"Gurgaon, India",Head of SMB Marketing - India,Google
https://www.linkedin.com/in/sapna-chadha-1128671/,Sapna Chadha,Sep 2011 - Jul 2014,"New Delhi Area, India",Vice President & Chief Marketing Officer - American Express Banking Corp,American Express
https://www.linkedin.com/in/sapna-chadha-1128671/,Sapna Chadha,Jan 2009 - Sep 2011,,"Director, Product Management & Development",American Express
https://www.linkedin.com/in/sapna-chadha-1128671/,Sapna Chadha,2003,Greater Seattle Area,Marketing Manager,RealNetworks
https://www.linkedin.com/in/sapna-chadha-1128671/,Sapna Chadha,Apr 1998 - Sep 2002,New York,Senior Consultant,Deloitte Consulting
https://www.linkedin.com/in/sapna-chadha-1128671/,Sapna Chadha,1997,New York,"Intern, Internal Consulting Division",J.P. Morgan
