﻿employee_url,name,duration,location,job_title,company_name
https://www.linkedin.com/in/simonedooley/,Simone Dooley,Jan 2020 - Present,Singapore,"Business Staffing Partner, YouTube APAC",Google
https://www.linkedin.com/in/simonedooley/,Simone Dooley,Jun 2017 - Jan 2020,Singapore,"Staffing Channels Specialist, APAC",Google
https://www.linkedin.com/in/simonedooley/,Simone Dooley,May 2019 - Jun 2019,Greater New York City Area,Talent Intelligence Analyst - Rotation,Google
https://www.linkedin.com/in/simonedooley/,Simone Dooley,Nov 2015 - May 2017,"London, United Kingdom","Staffing Services Associate, Recruiting EMEA",Google
https://www.linkedin.com/in/simonedooley/,Simone Dooley,Sep 2015 - Nov 2015,"London, United Kingdom",Candidate Consultant,ROC Recruitment
https://www.linkedin.com/in/simonedooley/,Simone Dooley,Mar 2014 - Jun 2015,"Melbourne, Australia",Human Resources Coordinator,Rutledge AV
https://www.linkedin.com/in/simonedooley/,Simone Dooley,Jan 2012 - Sep 2012,"Florida, United States",Student Internship,Walt Disney World
https://www.linkedin.com/in/paul-wilson-15b6364/,Paul Wilson,Feb 2020 - Present,Singapore,"Managing Director, Public Sector (Asia Pacific & Japan)",Google
https://www.linkedin.com/in/paul-wilson-15b6364/,Paul Wilson,Jan 2019 - Feb 2020,,"Regional Director, Southeast Asia",Autodesk
https://www.linkedin.com/in/paul-wilson-15b6364/,Paul Wilson,Nov 2017 - Jan 2019,Asia Pacific,"Managing Director, Public Sector - Southeast Asia",Amazon Web Services
https://www.linkedin.com/in/paul-wilson-15b6364/,Paul Wilson,2012 - 2017,Singapore and Myanmar,Co-Founder and Managing Director,Microsoft Development Partner
https://www.linkedin.com/in/paul-wilson-15b6364/,Paul Wilson,2006 - 2012,"Asia Pacific, India, Japan, Greater China","Head of Sales, Microsoft Public Sector (Asia Pacific)",Microsoft
https://www.linkedin.com/in/caueleao/,Cauê Leão,Oct 2019 - Present,Singapore,"Senior Recruiter, APAC",Google
https://www.linkedin.com/in/caueleao/,Cauê Leão,May 2018 - Oct 2019,"São Paulo Area, Brazil","Senior Recruiter, LATAM",Google
https://www.linkedin.com/in/caueleao/,Cauê Leão,Nov 2015 - May 2018,"São Paulo Area, Brazil","Recruiter, LATAM",Google
https://www.linkedin.com/in/caueleao/,Cauê Leão,Mar 2014 - Oct 2015,"Curitiba Area, Brazil",Recruitment Specialist,Aker Solutions
https://www.linkedin.com/in/caueleao/,Cauê Leão,Jun 2013 - Mar 2014,"Curitiba Area, Brazil",Senior Recruitment Consultant,Hays
https://www.linkedin.com/in/caueleao/,Cauê Leão,May 2012 - Jun 2013,"Curitiba Area, Brazil",Recruitment Consultant,Hays
https://www.linkedin.com/in/caueleao/,Cauê Leão,Dec 2011 - May 2012,"Curitiba Area, Brazil",Senior Logistics Analyst - S&OP,Votorantim Cimentos
https://www.linkedin.com/in/caueleao/,Cauê Leão,Dec 2010 - Dec 2011,"Curitiba Area, Brazil",Logistics Analyst - Transports and Distribution,Votorantim Cimentos
https://www.linkedin.com/in/caueleao/,Cauê Leão,Sep 2009 - Jul 2010,,Controller Analyst,ExxonMobil
https://www.linkedin.com/in/leongminjuan/,Min Juan Leong,Mar 2018 - Present,Singapore,Staffing Channels Specialist/Talent Acquisition,Google
https://www.linkedin.com/in/leongminjuan/,Min Juan Leong,Jan 2016 - Feb 2018,Singapore,Senior Recruitment Consultant,Frank Recruitment Group
https://www.linkedin.com/in/shemaggie/,Maggie She,Jan 2019 - Present,"Taipei City, Taiwan",Staffing Operation Specialist,Google
https://www.linkedin.com/in/shemaggie/,Maggie She,Dec 2017 - Sep 2018,"Taipei City, Taiwan",Sr. HR Specialist,17 Media
https://www.linkedin.com/in/shemaggie/,Maggie She,Mar 2014 - Nov 2017,"Taipei, Taiwan",Office Manager (Taiwan/ Hong Kong),Booking.com
https://www.linkedin.com/in/shemaggie/,Maggie She,Dec 2011 - Jun 2012,Singapore,PSG Administrator,TIBCO Software
https://www.linkedin.com/in/shemaggie/,Maggie She,Mar 2010 - Aug 2011,"Taipei City, Taiwan",Office Manager,TIBCO Software
https://www.linkedin.com/in/akshitamehra/,Akshita Mehra,Apr 2018 - Jun 2020,Singapore,"Talent Acquisition - Software Engineers - , APAC (via Xpand) at Google",Google
https://www.linkedin.com/in/akshitamehra/,Akshita Mehra,Aug 2014 - Mar 2018,Singapore,Specialist Consultant - Talent Acquisition - Risk,Huxley Banking & Financial Services
https://www.linkedin.com/in/akshitamehra/,Akshita Mehra,Nov 2013 - Jul 2014,Singapore,Consultant,ConnectedGroup
https://www.linkedin.com/in/akshitamehra/,Akshita Mehra,Jul 2006 - Jun 2012,,Founder,Employment Solution
https://www.linkedin.com/in/sameer-dhingra-684116/,Sameer Dhingra,Apr 2020 - Present,Singapore,"Director, Retail & Consumer, Google Cloud, JAPAC",Google
https://www.linkedin.com/in/sameer-dhingra-684116/,Sameer Dhingra,Jun 2019 - May 2020,Singapore,Venture Partner,InnoMana Ventures
https://www.linkedin.com/in/sameer-dhingra-684116/,Sameer Dhingra,Nov 2017 - Jun 2019,Singapore,Managing Director- APAC,Trax Retail
https://www.linkedin.com/in/sameer-dhingra-684116/,Sameer Dhingra,Dec 2015 - Nov 2017,Singapore / US,Global Domain Leader- Retail & Distribution Industries.,Hewlett Packard Enterprise
https://www.linkedin.com/in/sameer-dhingra-684116/,Sameer Dhingra,Dec 2015 - Jul 2017,Singapore,"General Manager, Industry Verticals & IoT -APJ",Hewlett Packard Enterprise
https://www.linkedin.com/in/sameer-dhingra-684116/,Sameer Dhingra,May 2012 - Nov 2015,Singapore,"Vice President, Sales, APJ",HP
https://www.linkedin.com/in/sameer-dhingra-684116/,Sameer Dhingra,Nov 2009 - Apr 2012,Singapore,"Regional Director- Marketing & Business Development, HPFS-APJ",HP
https://www.linkedin.com/in/ashly-lau/,Ashly Lau,Jan 2017 - Present,,Accredited Women's Artistic Gymnastics Brevet 3 Judge,Fédération Internationale de Gymnastique (FIG)
https://www.linkedin.com/in/ashly-lau/,Ashly Lau,May 2020 - Oct 2020,,Software Engineering Intern,Google
https://www.linkedin.com/in/ashly-lau/,Ashly Lau,Oct 2019 - Mar 2020,"London, United Kingdom",Undergraduate Teaching Assistant,Imperial College London
https://www.linkedin.com/in/ashly-lau/,Ashly Lau,Jul 2019 - Sep 2019,,Summer Training Engineering Practicum Intern,Google
https://www.linkedin.com/in/ashly-lau/,Ashly Lau,Feb 2019 - Mar 2019,"London, United Kingdom",Hack A Project Intern,Facebook
https://www.linkedin.com/in/mariannlim/,Mariann Lim,Mar 2019 - Present,Singapore,"Technical Recruiter - Engineering Managers, Software Engineers and Test Engineers",Google
https://www.linkedin.com/in/mariannlim/,Mariann Lim,Sep 2014 - Feb 2019,,Co-Founder,Brand: Ruggsac (under BXM Pte Ltd)
https://www.linkedin.com/in/mariannlim/,Mariann Lim,Jan 2018 - Nov 2018,Singapore,"Recruitment Consultant, Technology (Backend)",Spencer Ogden
https://www.linkedin.com/in/mariannlim/,Mariann Lim,Sep 2014 - Jan 2018,Singapore,Head of Special Projects,Button Box Private Limited
https://www.linkedin.com/in/mariannlim/,Mariann Lim,Oct 2014 - Jan 2016,,Associate Trainer,Rie Ink Training Pte Ltd
https://www.linkedin.com/in/yuanfengfy/,Yuan Feng,Sep 2019 - Present,Singapore,Staffing Channels Specialist - APAC,Google
https://www.linkedin.com/in/yuanfengfy/,Yuan Feng,Nov 2017 - Jul 2019,Singapore,APAC Recruitment Executive,HubSpot
https://www.linkedin.com/in/yuanfengfy/,Yuan Feng,Aug 2016 - Jun 2017,Greater New York City Area,Recruitment Associate,Universal Processing LLC
https://www.linkedin.com/in/yuanfengfy/,Yuan Feng,Jun 2015 - May 2016,"Urbana-Champaign, Illinois Area","Graduate Advisor, Business Career Services",University of Illinois at Urbana-Champaign
https://www.linkedin.com/in/yuanfengfy/,Yuan Feng,Apr 2013 - Dec 2014,Singapore,"Project Officer, Nanyang Business School","Nanyang Technological University, Singapore"
