﻿employee_url,name,duration,location,job_title,company_name
https://www.linkedin.com/in/ryanpham/,Ryan Pham,Jan 2020 - Present,Singapore,Industry Manager,Google
https://www.linkedin.com/in/ryanpham/,Ryan Pham,Sep 2019 - Present,Singapore,Advisor at Antler,Antler
https://www.linkedin.com/in/ryanpham/,Ryan Pham,Jan 2018 - Jan 2020,Singapore,Head of Performance Marketing,Grab
https://www.linkedin.com/in/ryanpham/,Ryan Pham,Jul 2016 - Dec 2017,Singapore,Head Of Online,ezbuy
https://www.linkedin.com/in/ryanpham/,Ryan Pham,Aug 2010 - Nov 2014,Singapore,Head of Online Marketing,PropertyGuru Group
https://www.linkedin.com/in/dineshsekar/,Dinesh Sekar,Jul 2019 - Present,Singapore,"Senior Strategist, Payments, Abuse & Risk Analytics",Google
https://www.linkedin.com/in/dineshsekar/,Dinesh Sekar,Aug 2018 - Jul 2019,Singapore,"Senior Analyst, Payments, Product Analytics",Google
https://www.linkedin.com/in/dineshsekar/,Dinesh Sekar,Mar 2016 - Jul 2018,"Hyderabad Area, India","Strategist, Google Marketing Solutions",Google
https://www.linkedin.com/in/dineshsekar/,Dinesh Sekar,Dec 2013 - Feb 2016,"Chennai Area, India",Business Analyst,Amazon
https://www.linkedin.com/in/dineshsekar/,Dinesh Sekar,Jul 2012 - Dec 2013,"Bangalore, Karnataka, India",Analyst,Mu Sigma
https://www.linkedin.com/in/eefy-lin-22a68a65/,Eefy Lin,Mar 2020 - Present,Singapore,"Data Analytics Specialist, Google Cloud",Google
https://www.linkedin.com/in/eefy-lin-22a68a65/,Eefy Lin,Aug 2017 - Mar 2020,Singapore,"Instructor, Google Cloud",Google
https://www.linkedin.com/in/eefy-lin-22a68a65/,Eefy Lin,Apr 2016 - Jul 2017,"Taipei City, Taiwan",Cloud Support Engineer - BigData,Amazon Web Services
https://www.linkedin.com/in/eefy-lin-22a68a65/,Eefy Lin,Jul 2015 - Apr 2016,"Taipei City, Taiwan",Technical Support Manager,Etu Corporation
https://www.linkedin.com/in/eefy-lin-22a68a65/,Eefy Lin,Jun 2014 - Apr 2016,"Taipei City, Taiwan",Trainer,Etu Corporation
https://www.linkedin.com/in/arjun-narayan-2a00503/,Arjun Narayan,Jan 2020 - Present,Singapore,Director - Trust & Safety APAC,ByteDance
https://www.linkedin.com/in/arjun-narayan-2a00503/,Arjun Narayan,Jan 2018 - Present,Singapore,Global Head of Trust & Safety scaled operations,Google
https://www.linkedin.com/in/arjun-narayan-2a00503/,Arjun Narayan,Jun 2010 - Jan 2018,,Head of Trust and safety - Asia pacific,Google
https://www.linkedin.com/in/arjun-narayan-2a00503/,Arjun Narayan,Jan 2003 - May 2005,"Green Bay, Wisconsin Area",AEFA property and casualty transition lead,American Express
https://www.linkedin.com/in/bamboskaisharis/,Bambos Kaisharis,Nov 2019 - Present,Singapore,"Director, APAC Business Management & Google Store - Devices & Services",Google
https://www.linkedin.com/in/bamboskaisharis/,Bambos Kaisharis,Nov 2016 - Oct 2019,Singapore,"Head of APAC Business Management, Channel Development & Google Store - Devices & Services",Google
https://www.linkedin.com/in/bamboskaisharis/,Bambos Kaisharis,May 2014 - Oct 2016,Singapore,"Head of Sales, Southeast Asia, Hong Kong & Taiwan - APAC Hardware",Google
https://www.linkedin.com/in/bamboskaisharis/,Bambos Kaisharis,Dec 2013 - Apr 2014,,"Sector Leader, Performance Advertising - Southeat Asia, Google Ads",Google
https://www.linkedin.com/in/bamboskaisharis/,Bambos Kaisharis,Oct 2012 - Dec 2013,,"Industry Head, Travel, Southeast Asia, Google Ads",Google
https://www.linkedin.com/in/bamboskaisharis/,Bambos Kaisharis,Aug 2020 - Present,,Angel Investor,BukuKas
https://www.linkedin.com/in/bamboskaisharis/,Bambos Kaisharis,May 2020 - Present,,Angel Investor,Propseller
https://www.linkedin.com/in/bamboskaisharis/,Bambos Kaisharis,Oct 2018 - Present,Singapore,Member,Xoogler Angels
https://www.linkedin.com/in/bamboskaisharis/,Bambos Kaisharis,Dec 2019 - Present,,Angel Investor,Tigerhall
https://www.linkedin.com/in/shafrazrahim/,Shafraz Rahim,Nov 2018 - Present,Singapore,Cloud Community Manager - Southeast Asia,Google
https://www.linkedin.com/in/shafrazrahim/,Shafraz Rahim,Jul 2017 - Nov 2018,Sri Lanka,Senior Business Lead,Dialog Axiata PLC
https://www.linkedin.com/in/shafrazrahim/,Shafraz Rahim,Apr 2015 - Jul 2017,Sri Lanka,Senior Executive - Product Service Innovation,Dialog Axiata PLC
https://www.linkedin.com/in/shafrazrahim/,Shafraz Rahim,Apr 2016 - Nov 2018,,Ambassador - Sri Lanka,AngelHack
https://www.linkedin.com/in/shafrazrahim/,Shafraz Rahim,Jul 2016 - Jul 2017,Colombo,Vice President Public Relations - Dialog Toastmasters Club,Toastmasters International
https://www.linkedin.com/in/shafrazrahim/,Shafraz Rahim,Oct 2015 - Oct 2016,Sri Lanka,Toastmaster - Advanced Communicator Level,Toastmasters International
https://www.linkedin.com/in/shafrazrahim/,Shafraz Rahim,Sep 2015 - Sep 2016,Colombo,Administrative Director - Partnerships and Public Relations,SL2College
https://www.linkedin.com/in/shafrazrahim/,Shafraz Rahim,Feb 2015 - Sep 2015,Colombo,Administrative Director - Special Projects,SL2College
https://www.linkedin.com/in/floyeow/,Flo Yeow,Aug 2020 - Present,Singapore,Guest Lecturer,Singapore Management University
https://www.linkedin.com/in/floyeow/,Flo Yeow,Jul 2020 - Present,Singapore,Philippines Business Development Manager | Google Customer Solutions,Google
https://www.linkedin.com/in/floyeow/,Flo Yeow,Apr 2020 - Jul 2020,Singapore,"Malaysia & Philippines Lead, Snr. Strategic Account Manager | Google Customer Solutions",Google
https://www.linkedin.com/in/floyeow/,Flo Yeow,Dec 2010 - Present,Singapore,Founder; Photo Journalist,Flotography
https://www.linkedin.com/in/floyeow/,Flo Yeow,May 2014 - Jul 2014,Singapore,Unilever Leadership Internship Program,Unilever
https://www.linkedin.com/in/floyeow/,Flo Yeow,Feb 2013 - Jun 2013,Marina Bay Financial Centre Tower 3,Private Banking Intern,DBS Bank
https://www.linkedin.com/in/damien-lavin-b1370134/,Damien Lavin,Oct 2017 - Present,Singapore,Head of Agency (Creative and Media) - Singapore,Google
https://www.linkedin.com/in/damien-lavin-b1370134/,Damien Lavin,Mar 2016 - Oct 2017,Singapore,Chief Revenue Officer,AdParlor in Asia Pacific
https://www.linkedin.com/in/damien-lavin-b1370134/,Damien Lavin,Sep 2015 - Feb 2016,,Managing Director South East Asia and Australia / New Zealand,AdParlor in Asia Pacific
https://www.linkedin.com/in/damien-lavin-b1370134/,Damien Lavin,Jan 2014 - Aug 2015,,Vice President SEA and ANZ,Komli Media
https://www.linkedin.com/in/damien-lavin-b1370134/,Damien Lavin,Sep 2013 - Dec 2013,,Managing Director - Singapore/Malaysia/Indonesia,Komli Media
https://www.linkedin.com/in/damien-lavin-b1370134/,Damien Lavin,Jul 2011 - Dec 2012,,Group Sales Manager,Adconion Media Group
https://www.linkedin.com/in/damien-lavin-b1370134/,Damien Lavin,Feb 2009 - Jul 2011,,Sales Manager,Adconion Media Group
https://www.linkedin.com/in/damien-lavin-b1370134/,Damien Lavin,Aug 2007 - Feb 2009,"Sydney, Australia",Business Manager,Mindshare
https://www.linkedin.com/in/fangmin/,Min Fang,Mar 2020 - Present,Singapore,"Customer Engineering Manager, Southeast Asia, Google Cloud",Google
https://www.linkedin.com/in/fangmin/,Min Fang,Mar 2017 - Feb 2020,Singapore,"Senior Manager, APJ Enterprise Architect",Citrix
https://www.linkedin.com/in/fangmin/,Min Fang,Nov 2015 - Mar 2017,Singapore,"Director, Management Consulting",KPMG
https://www.linkedin.com/in/fangmin/,Min Fang,Jun 2014 - Oct 2015,Singapore,Solution Architect,Cloud Sherpas
https://www.linkedin.com/in/fangmin/,Min Fang,Jul 2013 - May 2014,,"Solution Account Director, DevOps",CA Technologies
https://www.linkedin.com/in/fangmin/,Min Fang,Jun 2012 - Jul 2013,"Plano, TX",Sr. Product Manager,CA Technologies
https://www.linkedin.com/in/janisetan/,Janise Tan • 陈美璇,May 2020 - Present,Singapore,"Startup Ecosystem Manager, Developer Relations SEA",Google
https://www.linkedin.com/in/janisetan/,Janise Tan • 陈美璇,Jan 2019 - Present,Singapore,"Google Developers Space Lead, Developer Relations Ecosystem SEA",Google
https://www.linkedin.com/in/janisetan/,Janise Tan • 陈美璇,Jul 2016 - Present,Singapore,Advisory Board Member,Kaplan Singapore
https://www.linkedin.com/in/janisetan/,Janise Tan • 陈美璇,Apr 2018 - Mar 2019,Singapore,Singapore Advisory Board,Startup Guide
https://www.linkedin.com/in/janisetan/,Janise Tan • 陈美璇,Aug 2018 - Jan 2019,Singapore,"Ecosystem Lead - Thomson Reuters Labs, Asia",Thomson Reuters
https://www.linkedin.com/in/janisetan/,Janise Tan • 陈美璇,Jan 2017 - Jul 2018,Singapore,General Manager,LEVEL3 Singapore
