﻿employee_url,name,duration,location,job_title,company_name
https://www.linkedin.com/in/rushitj/,Rushit Jhaveri,Jul 2019 - Present,Singapore,"Head, Content Solutions & Sponsorship (SEA)",Google
https://www.linkedin.com/in/rushitj/,Rushit Jhaveri,Dec 2017 - Present,Singapore,Board Of Advisors,Dockabl
https://www.linkedin.com/in/rushitj/,Rushit Jhaveri,Sep 2016 - Jun 2019,Singapore,"Vice President, Advertising Sales & Digital Partnerships",A+E Networks
https://www.linkedin.com/in/rushitj/,Rushit Jhaveri,Mar 2018 - Mar 2019,Singapore,Co Chair - IAB Content Committee,IAB
https://www.linkedin.com/in/rushitj/,Rushit Jhaveri,Jun 2012 - Aug 2016,Singapore,"Vice President, Branded Entertainment & Digital Partnerships",FremantleMedia
https://www.linkedin.com/in/rushitj/,Rushit Jhaveri,Jun 2012 - Dec 2014,Singapore,"Vice President, Brand Licensing",FremantleMedia
https://www.linkedin.com/in/plaverty/,Paul Laverty,Jan 2020 - Present,Singapore,Specialist Sales Lead APAC - Hybrid Cloud (Anthos),Google
https://www.linkedin.com/in/plaverty/,Paul Laverty,May 2017 - Jan 2020,Singapore,Azure Open Source Sales Lead Asia,Microsoft
https://www.linkedin.com/in/plaverty/,Paul Laverty,Dec 2014 - May 2017,,Azure Express Route Time Zone Lead - APAC,Microsoft
https://www.linkedin.com/in/plaverty/,Paul Laverty,Jan 2014 - Dec 2014,United Kingdom,Business Specialist vCloud Hybrid Solutions - EMEA,VMware
https://www.linkedin.com/in/plaverty/,Paul Laverty,Jan 2011 - 2014,,Windows Azure Solution Sales Specialist - Microsoft Cloud Services,Microsoft Corporation
https://www.linkedin.com/in/plaverty/,Paul Laverty,Oct 2009 - Dec 2010,,"Cloud Services - Microsoft, Technical Solutions (BPOS/Office 365), EMEA Technical Lead",Microsoft Corporation
https://www.linkedin.com/in/plaverty/,Paul Laverty,Apr 2000 - Apr 2006,,Pre Sales Consultant,OpenText
https://www.linkedin.com/in/songran/,Songran Jang,Dec 2018 - Present,Singapore,Google Maps / Geo,Google
https://www.linkedin.com/in/songran/,Songran Jang,Oct 2015 - Dec 2018,Singapore,"Strategic Partnerships Development Manager, APAC",Google
https://www.linkedin.com/in/songran/,Songran Jang,Jul 2014 - Sep 2015,Singapore,"Strategic Business Development Manager, South East Asia",Google
https://www.linkedin.com/in/songran/,Songran Jang,Oct 2012 - Jun 2014,"Sydney, Australia","Country Business Head (Cloud), Korea & Untapped Markets",Google
https://www.linkedin.com/in/songran/,Songran Jang,Apr 2011 - Oct 2012,"Seoul, Korea",Team Lead & Senior Strategist,Google
https://www.linkedin.com/in/songran/,Songran Jang,Jul 2005 - Oct 2006,Korea,Strategy & Operations,LG Our Home Ltd.
https://www.linkedin.com/in/rezarokni/,Reza Rokni,Jan 2013 - Present,"London, United Kingdom","Enterprise Solution Archetect, Google Cloud Platform",Google
https://www.linkedin.com/in/rezarokni/,Reza Rokni,Jun 2010 - Jan 2013,,Senior Principal Product Manager - Oracle Social Network,Oracle
https://www.linkedin.com/in/rezarokni/,Reza Rokni,Oct 2004 - Jun 2010,,Senior Principal Product Manager - Oracle Collaboration Technologies,Oracle
https://www.linkedin.com/in/paulanushree/,Anushree Paul,Feb 2020 - Present,Singapore,Account Executive,Google
https://www.linkedin.com/in/paulanushree/,Anushree Paul,Feb 2018 - Jan 2020,Singapore,Territory Sales Manager,Google
https://www.linkedin.com/in/paulanushree/,Anushree Paul,May 2016 - Feb 2018,Singapore,Inside Sales Specialist,Cloudera
https://www.linkedin.com/in/paulanushree/,Anushree Paul,May 2015 - Apr 2016,"Kolkata Area, India",Product Marketing Manager at Tata Group,Tata Group
https://www.linkedin.com/in/paulanushree/,Anushree Paul,May 2014 - Apr 2015,"Greater Jakarta Area, Indonesia",Account Manager,Cross Marketing Group(Indonesia)
https://www.linkedin.com/in/paulanushree/,Anushree Paul,Apr 2013 - Jun 2013,Bangalore,Digital Marketing Intern at GroupM,GroupM
https://www.linkedin.com/in/yuminguyen/,Yumi Nguyen,Apr 2020 - Present,Singapore,Corporate Account Manager,Google
https://www.linkedin.com/in/yuminguyen/,Yumi Nguyen,Nov 2018 - Apr 2020,Singapore,"Commercial Sales Manager, Mid Market & General Businesses",Salesforce
https://www.linkedin.com/in/yuminguyen/,Yumi Nguyen,Apr 2016 - Oct 2018,Singapore,Regional Corporate Sales Manager,Salesforce
https://www.linkedin.com/in/yuminguyen/,Yumi Nguyen,Apr 2013 - Apr 2016,Singapore,Territory Account Manager - Technology Business,Oracle
https://www.linkedin.com/in/yuminguyen/,Yumi Nguyen,Sep 2010 - Oct 2012,,Management Executive,FPT INFORMATION SYSTEM SINGAPORE PTE LTD
https://www.linkedin.com/in/abhijit-neelgar-233a2232/,Abhijit Neelgar,Jun 2020 - Present,Singapore,"Partner Manager, SMB, South East Asia at Google Cloud",Google
https://www.linkedin.com/in/abhijit-neelgar-233a2232/,Abhijit Neelgar,Sep 2019 - Jun 2020,Singapore,"Channel Sales Manager, Business Mobility/EUC Solutions, South East Asia & Korea",VMware
https://www.linkedin.com/in/abhijit-neelgar-233a2232/,Abhijit Neelgar,Sep 2018 - Aug 2019,Singapore,"Channel Sales Manager, Business Mobility/EUC Solutions, ASEAN",VMware
https://www.linkedin.com/in/abhijit-neelgar-233a2232/,Abhijit Neelgar,Jan 2014 - Apr 2015,Bangalore,Strategic Account Manager,SOTI
https://www.linkedin.com/in/abhijit-neelgar-233a2232/,Abhijit Neelgar,Feb 2013 - Nov 2013,Bangalore,Sales Manager,C2C AG
https://www.linkedin.com/in/abhijit-neelgar-233a2232/,Abhijit Neelgar,Jul 2011 - Jan 2013,Gurgaon,Sales Manager India & SAGE (CGBU),Oracle
https://www.linkedin.com/in/abhijit-neelgar-233a2232/,Abhijit Neelgar,Apr 2010 - Jun 2011,Bangalore,Pre- Sales (CGBU),Oracle
https://www.linkedin.com/in/diegocam/,Diego Camacho,Apr 2020 - Present,Singapore,"Head of Agency for Vietnam, Google Customer Solutions.",Google
https://www.linkedin.com/in/diegocam/,Diego Camacho,Sep 2018 - Present,"Bogotá D.C. Area, Colombia",StartUp Mentor and Coach @ Google Launchpad,Google
https://www.linkedin.com/in/diegocam/,Diego Camacho,Jul 2016 - Apr 2020,Bogotá,"Head of Andean Region, Google Customer Solutions",Google
https://www.linkedin.com/in/diegocam/,Diego Camacho,Apr 2015 - Jul 2016,Bogota,"Business Development Manager, Andean & Caribbean",Google
https://www.linkedin.com/in/diegocam/,Diego Camacho,Jan 2013 - Mar 2015,Bogota,"New Business Manager, Andean & Caribbean Region",Google
https://www.linkedin.com/in/diegocam/,Diego Camacho,Oct 2019 - Present,"Bogotá D.C. Area, Colombia",Mentor,Endeavor
https://www.linkedin.com/in/diegocam/,Diego Camacho,Jul 2012 - Dec 2012,,Xbox Business Group Lead,Microsoft
https://www.linkedin.com/in/diegocam/,Diego Camacho,Jan 2011 - Jun 2012,,Windows & Office Category Manager - Colombia & Venezuela,Microsoft
https://www.linkedin.com/in/diegocam/,Diego Camacho,Oct 2009 - Sep 2010,Australia,Customer Sales - BAT Australia,British American Tobacco
https://www.linkedin.com/in/diegocam/,Diego Camacho,Jun 2009 - Sep 2010,Australia,Master of Marketing Student - Australian School of Business,University of New South Wales
https://www.linkedin.com/in/swetha-gopalakrishnan-5ba92936/,Swetha Gopalakrishnan,Sep 2017 - Present,Singapore,Mobile Solutions Consultant,Google
https://www.linkedin.com/in/swetha-gopalakrishnan-5ba92936/,Swetha Gopalakrishnan,Jun 2017 - Sep 2017,Singapore,Advanced App Engineering Senior Analyst,Accenture
https://www.linkedin.com/in/swetha-gopalakrishnan-5ba92936/,Swetha Gopalakrishnan,Dec 2014 - Jun 2017,Singapore,Advanced App Engineering Analyst,Accenture
https://www.linkedin.com/in/swetha-gopalakrishnan-5ba92936/,Swetha Gopalakrishnan,Jan 2014 - Jul 2014,Singapore,User Experience Designer/Software Engineer,Bumbox Logistics
https://www.linkedin.com/in/swetha-gopalakrishnan-5ba92936/,Swetha Gopalakrishnan,Jan 2013 - Dec 2013,San Francisco Bay Area,Web developer,SRECTrade
https://www.linkedin.com/in/swetha-gopalakrishnan-5ba92936/,Swetha Gopalakrishnan,Oct 2011 - Oct 2012,,Vice Director of Projects for NUS Students’ Union,National University of Singapore
https://www.linkedin.com/in/swetha-gopalakrishnan-5ba92936/,Swetha Gopalakrishnan,Oct 2010 - Oct 2011,,EXCO Member of NUS Students’ Engineering Club,National University of Singapore
https://www.linkedin.com/in/alexoxland/,Alex Oxland,Jul 2019 - Present,Singapore,"Sales Manager, Google Cloud, SMB JAPAC",Google
https://www.linkedin.com/in/alexoxland/,Alex Oxland,May 2017 - Jun 2019,Singapore,ASEAN Channel Lead - Meraki,Cisco Meraki
https://www.linkedin.com/in/alexoxland/,Alex Oxland,Mar 2015 - May 2017,"London, United Kingdom",Territory Account Manager,Cisco
https://www.linkedin.com/in/alexoxland/,Alex Oxland,Apr 2013 - Mar 2015,Singapore,Regional Account Executive,IO
https://www.linkedin.com/in/alexoxland/,Alex Oxland,Jul 2011 - Jun 2013,"London, United Kingdom",Account Manager,Cisco Systems
