﻿employee_url,name,duration,location,job_title,company_name
https://www.linkedin.com/in/joeruelle/,Joe Ruelle,Sep 2019 - Present,Singapore,"Lead, Mobile Gaming, Vietnam",Google
https://www.linkedin.com/in/joeruelle/,Joe Ruelle,Feb 2018 - Sep 2019,Singapore,Territory Manager - Google Cloud - Emerging Asia,Google
https://www.linkedin.com/in/joeruelle/,Joe Ruelle,Apr 2017 - Mar 2018,Singapore,Platform Integrations - Vietnam,Google
https://www.linkedin.com/in/joeruelle/,Joe Ruelle,Sep 2015 - Apr 2017,Singapore,User Aquisition - Vietnam,Google
https://www.linkedin.com/in/joeruelle/,Joe Ruelle,May 2010 - Aug 2015,Vietnam,Techology Consultant,Personal consulting (DTE)
https://www.linkedin.com/in/joeruelle/,Joe Ruelle,2009 - 2012,,Television host and producer,Vietnam Television
https://www.linkedin.com/in/joeruelle/,Joe Ruelle,Feb 2006 - 2012,,Author and Journalist (writing in English and Vietnamese),Author
https://www.linkedin.com/in/joeruelle/,Joe Ruelle,Feb 2003 - Feb 2008,(to 2010 if including UNICEF-introduced periodic NGO work),Research and project documentation consultant,UNICEF Vietnam
https://www.linkedin.com/in/monica-tsai-ab4564/,Monica Tsai,Jan 2020 - Present,Singapore,"Head of Telco, Auto, and Finance, APAC Partnerships Solutions",Google
https://www.linkedin.com/in/monica-tsai-ab4564/,Monica Tsai,Dec 2017 - Jan 2020,Singapore,"Head of Telco Partnerships, APAC",Google
https://www.linkedin.com/in/monica-tsai-ab4564/,Monica Tsai,Jun 2015 - Nov 2017,Singapore,Senior Director (Investments and Operations),Singtel Innov8 Ventures
https://www.linkedin.com/in/monica-tsai-ab4564/,Monica Tsai,Sep 2011 - Jun 2015,Singapore,Director (Investments),Singtel Innov8 Ventures
https://www.linkedin.com/in/monica-tsai-ab4564/,Monica Tsai,Sep 2008 - Sep 2011,Singapore,Director (Strategic Investments),Singtel
https://www.linkedin.com/in/monica-tsai-ab4564/,Monica Tsai,Oct 2007 - Aug 2008,,Deputy Director (Strategic Investments),Singtel
https://www.linkedin.com/in/monica-tsai-ab4564/,Monica Tsai,Sep 2005 - Jun 2007,"Lausanne, Switzerland",Corporate Finance & Strategic Projects Manager,PubliGroupe S.A.
https://www.linkedin.com/in/monica-tsai-ab4564/,Monica Tsai,Aug 1999 - Jun 2004,"McLean, Virginia",Senior Business Analyst,Capital One Financials
https://www.linkedin.com/in/roshanchhotu/,Roshan Chhotu,Mar 2020 - Present,Singapore,"Strategy and Operations, Global Product Partnerships",Google
https://www.linkedin.com/in/roshanchhotu/,Roshan Chhotu,Jan 2019 - Jan 2020,Singapore,Head of Digital Transformation & Innovation at Deloitte Digital SEA,Deloitte Digital
https://www.linkedin.com/in/roshanchhotu/,Roshan Chhotu,Sep 2018 - Jan 2020,Singapore,Proposition and Venture Design Lead SEA,Deloitte Digital
https://www.linkedin.com/in/roshanchhotu/,Roshan Chhotu,Apr 2010 - Dec 2015,,Digital Strategy Consultant,Accenture
https://www.linkedin.com/in/roshanchhotu/,Roshan Chhotu,Jul 2014 - Dec 2014,"London, United Kingdom",Digital Strategist - Global Telco,Accenture
https://www.linkedin.com/in/steven-wee-19820b94/,Steven Wee,Dec 2019 - Present,Singapore,"Regional Security Manager (East Asia, ASEAN & Australasia)",Google
https://www.linkedin.com/in/steven-wee-19820b94/,Steven Wee,Mar 2015 - Dec 2019,,Head of Group Security (Asia Pacific),Rolls-Royce
https://www.linkedin.com/in/steven-wee-19820b94/,Steven Wee,Dec 2011 - Feb 2015,,Regional Security Manager (Asia Pacific),Diageo
https://www.linkedin.com/in/steven-wee-19820b94/,Steven Wee,Dec 1991 - Dec 2011,,Assistant Superintendent of Police,Singapore Police Force
https://www.linkedin.com/in/joseph-tng-95420462/,Joseph Tng,Oct 2019 - Present,Singapore,"Account Strategist, GCS, SG & MY",Google
https://www.linkedin.com/in/joseph-tng-95420462/,Joseph Tng,Jul 2018 - Sep 2019,Singapore,"Media and Digital Brand Manager, SEA",Diageo
https://www.linkedin.com/in/joseph-tng-95420462/,Joseph Tng,Jul 2017 - Jun 2018,,"Digital Marketing Lead, Singapore",Diageo
https://www.linkedin.com/in/joseph-tng-95420462/,Joseph Tng,May 2015 - Jul 2015,Singapore,Audit Intern,PwC
https://www.linkedin.com/in/joseph-tng-95420462/,Joseph Tng,May 2014 - Jul 2014,Singapore,Corporate Tax Intern,EY
https://www.linkedin.com/in/joseph-tng-95420462/,Joseph Tng,Apr 2013 - Jul 2013,Singapore,Design Intern,Paprika Global
https://www.linkedin.com/in/gwenwonghl/,Gwen Wong,Oct 2019 - Present,Singapore,"Regional Customer Learning Program, Cloud Customer Experience, Asia Pacific",Google
https://www.linkedin.com/in/gwenwonghl/,Gwen Wong,Jan 2019 - Sep 2019,,Gig Worker - Event Marketing & Traveller,Gig Worker
https://www.linkedin.com/in/gwenwonghl/,Gwen Wong,Jun 2018 - Dec 2018,Singapore,"Event Marketing, Global Marketing Events",Facebook
https://www.linkedin.com/in/gwenwonghl/,Gwen Wong,Nov 2017 - May 2018,Singapore,"Channel Marketing, Asia Pacific Japan",Genetec
https://www.linkedin.com/in/gwenwonghl/,Gwen Wong,Aug 2015 - Aug 2017,Singapore,"Channel Marketing, Asia Pacific Japan",ESET
https://www.linkedin.com/in/cindynpa/,Cindy Nguyen,Jun 2020 - Present,,"Startup Success Manager, Google for Startups Accelerator SEA",Google
https://www.linkedin.com/in/cindynpa/,Cindy Nguyen,May 2019 - Present,Singapore,Senior Bussiness Solutions Manager,Google
https://www.linkedin.com/in/cindynpa/,Cindy Nguyen,Jan 2017 - Apr 2019,Singapore,Business Solutions Manager,Google
https://www.linkedin.com/in/cindynpa/,Cindy Nguyen,Aug 2015 - Nov 2016,Singapore,Business Development & Account Manager,FPT Asia Pacific
https://www.linkedin.com/in/cindynpa/,Cindy Nguyen,2010 - 2016,Japan,Project Manager | Event Planner,Freelance Event Management
https://www.linkedin.com/in/cindynpa/,Cindy Nguyen,Jan 2014 - Jul 2015,"Hanoi, Vietnam",Partnership Marketing Team Lead,Mytour Vietnam
https://www.linkedin.com/in/cindynpa/,Cindy Nguyen,2011 - 2013,Japan,Broadcaster,"Ustream, an IBM Company"
https://www.linkedin.com/in/sacha-carina-van-ginhoven-08022238/,Sacha Carina van Ginhoven,Aug 2020 - Present,,Product Strategy and Vision,Gojek
https://www.linkedin.com/in/sacha-carina-van-ginhoven-08022238/,Sacha Carina van Ginhoven,Aug 2015 - Present,Global,Google Southeast Asia Startup mentor + Design Expert,Google
https://www.linkedin.com/in/sacha-carina-van-ginhoven-08022238/,Sacha Carina van Ginhoven,Apr 2015 - Jul 2020,Singapore,Industrial Design Engineering services,Mr.Leopard
https://www.linkedin.com/in/sacha-carina-van-ginhoven-08022238/,Sacha Carina van Ginhoven,Jan 2014 - Dec 2014,Dublin,Consultant for Google's top clients,Google
https://www.linkedin.com/in/sacha-carina-van-ginhoven-08022238/,Sacha Carina van Ginhoven,Jan 2014 - Dec 2014,Dublin,Design Strategy,Google
https://www.linkedin.com/in/sacha-carina-van-ginhoven-08022238/,Sacha Carina van Ginhoven,Jan 2014 - Dec 2014,Amsterdam,World Economic Forum Global Shapers Community,Global Shapers Community
https://www.linkedin.com/in/lakshmychandran/,Lakshmy Chandran,Oct 2019 - Present,Singapore,Sales Engineering,Google
https://www.linkedin.com/in/lakshmychandran/,Lakshmy Chandran,May 2016 - Sep 2019,Singapore,Development Architect,SAP Asia Pte Ltd
https://www.linkedin.com/in/lakshmychandran/,Lakshmy Chandran,Apr 2015 - May 2016,"Bengaluru Area, India",Development Expert -Telecom BigData Analytics,SAP
https://www.linkedin.com/in/lakshmychandran/,Lakshmy Chandran,Jun 2011 - Mar 2015,Bangalore,Technical Architect,SAP
https://www.linkedin.com/in/lakshmychandran/,Lakshmy Chandran,Jan 2007 - Jun 2011,Greater Atlanta Area,Principal Software Engineer,Manhattan Associates
https://www.linkedin.com/in/lakshmychandran/,Lakshmy Chandran,Jan 2003 - Nov 2006,"Bengaluru Area, India",Senior Software Engineer,Manhattan Associates
