﻿employee_url,name,duration,location,job_title,company_name
https://www.linkedin.com/in/khorshijie/,Shi-Jie Khor,Jan 2017 - Present,Singapore,Software Engineer,Google
https://www.linkedin.com/in/khorshijie/,Shi-Jie Khor,Jan 2014 - Dec 2016,Singapore,Teaching Assistant,National University of Singapore
https://www.linkedin.com/in/khorshijie/,Shi-Jie Khor,Jun 2016 - Aug 2016,"Sydney, Australia",Software Engineering Intern,Google
https://www.linkedin.com/in/khorshijie/,Shi-Jie Khor,May 2014 - Aug 2014,Singapore,Intern,D-SIMLAB Technologies
https://www.linkedin.com/in/khorshijie/,Shi-Jie Khor,Jan 2012 - Jul 2012,Singapore,Teaching Assistant,Hwa Chong Institution
https://www.linkedin.com/in/ajay-powar-9a370734/,Ajay Powar,Jun 2018 - Present,Singapore,Associate Lead Recruiter - Cloud Tech,Google
https://www.linkedin.com/in/ajay-powar-9a370734/,Ajay Powar,Jan 2018 - Jun 2018,Singapore,Cloud Recruiter,Google
https://www.linkedin.com/in/ajay-powar-9a370734/,Ajay Powar,Mar 2017 - Dec 2017,Campus London,#poctech Co-Lead,Google
https://www.linkedin.com/in/ajay-powar-9a370734/,Ajay Powar,Sep 2013 - Dec 2017,"London, United Kingdom",Recruiter,Google
https://www.linkedin.com/in/ajay-powar-9a370734/,Ajay Powar,Aug 2011 - Sep 2013,London,Consultant,TEKsystems | Aston Carter
https://www.linkedin.com/in/kanika-sagar/,Kanika Sagar,Feb 2020 - Present,Singapore,Learning & Development Specialist - APAC,Google
https://www.linkedin.com/in/kanika-sagar/,Kanika Sagar,Jan 2019 - Feb 2020,Singapore,Masters in Leadership and Organisational Change,"National Institute of Education, Singapore"
https://www.linkedin.com/in/kanika-sagar/,Kanika Sagar,Aug 2015 - Dec 2018,"New Delhi Area, India",Founder,Parth Education Foundation
https://www.linkedin.com/in/kanika-sagar/,Kanika Sagar,Mar 2013 - Jul 2015,"Mumbai Area, India","Training Associate, Communications",Teach For India
https://www.linkedin.com/in/kanika-sagar/,Kanika Sagar,Jan 2012 - Nov 2012,"Mumbai Area, India",Celebrity Manager,CAA Kwan
https://www.linkedin.com/in/stephanie-yi-xue-chin-02a48896/,Stephanie Yi Xue Chin,Jun 2020 - Present,Singapore,"Strategy and Operations, AppDev",Google
https://www.linkedin.com/in/stephanie-yi-xue-chin-02a48896/,Stephanie Yi Xue Chin,Jan 2019 - Apr 2020,Singapore,Associate,Boston Consulting Group (BCG)
https://www.linkedin.com/in/stephanie-yi-xue-chin-02a48896/,Stephanie Yi Xue Chin,2015 - 2018,Singapore,Investment Professional,Innoven Capital Singapore Pte Ltd
https://www.linkedin.com/in/stephanie-yi-xue-chin-02a48896/,Stephanie Yi Xue Chin,2014 - 2015,"New York, New York",Creative on Team of Worldwide Chief Creative Officer,Ogilvy
https://www.linkedin.com/in/rica-kartika-handayani-10049346/,Rica Kartika Handayani,Sep 2013 - Present,,Strategic Partner Manager,Google
https://www.linkedin.com/in/rica-kartika-handayani-10049346/,Rica Kartika Handayani,Jul 2011 - Sep 2013,,ASEAN Storage Channel Manager,IBM
https://www.linkedin.com/in/rica-kartika-handayani-10049346/,Rica Kartika Handayani,Jan 2011 - Aug 2011,,Competitive Sales Leader,IBM
https://www.linkedin.com/in/gunawansaputra018/,Gunawan Saputra,Jun 2019 - Present,Singapore,"Staffing Channels Specialist, APAC",Google
https://www.linkedin.com/in/gunawansaputra018/,Gunawan Saputra,Jul 2017 - May 2019,"Greater Jakarta Area, Indonesia",Talent Acquisition - Recruiter,Traveloka
https://www.linkedin.com/in/gunawansaputra018/,Gunawan Saputra,Mar 2017 - Jun 2017,"Greater Jakarta Area, Indonesia",Human Resources Manager,LYKE - Global Mobile Marketplace Services
https://www.linkedin.com/in/gunawansaputra018/,Gunawan Saputra,Mar 2016 - Mar 2017,"Greater Jakarta Area, Indonesia",Human Resources Executive,Content Collision
https://www.linkedin.com/in/gunawansaputra018/,Gunawan Saputra,Oct 2014 - Jan 2016,"Jabodetabek , Indonesia",English Tutor,BINUS English Club (BNEC)
