﻿employee_url,name,duration,location,job_title,company_name
https://www.linkedin.com/in/caiyiteh/,Caiyi Teh,Oct 2018 - Present,Singapore,"Staffing Channels Specialist, APAC",Google
https://www.linkedin.com/in/caiyiteh/,Caiyi Teh,Jan 2017 - Oct 2018,,Recruitment Consultant,Cornerstone Global Partners (Operates as CGP in Mainland China)
https://www.linkedin.com/in/caiyiteh/,Caiyi Teh,May 2014 - Dec 2016,,Recruitment Consultant,BGC Group
https://www.linkedin.com/in/caiyiteh/,Caiyi Teh,Jun 2012 - Jul 2012,,Marketing Intern,Gushcloud Malaysia
https://www.linkedin.com/in/georgehyde/,George Hyde,Apr 2017 - Present,Singapore,Staffing Manager,Google
https://www.linkedin.com/in/georgehyde/,George Hyde,Sep 2016 - Present,Singapore,Staffing Lead - PA Staffing - APAC,Google
https://www.linkedin.com/in/georgehyde/,George Hyde,Sep 2018 - Present,Singapore,Staffing Lead - PA Staffing - Engineering Leadership APAC,Google
https://www.linkedin.com/in/georgehyde/,George Hyde,Jun 2016 - Jul 2019,Singapore,Staffing Lead - PA Staffing - India (Bangalore & Hyderabad),Google
https://www.linkedin.com/in/georgehyde/,George Hyde,Nov 2015 - Apr 2017,"Tokyo, Japan",Staffing Lead - PA Staffing - Japan & Korea,Google
https://www.linkedin.com/in/georgehyde/,George Hyde,Nov 2010 - Dec 2012,"Dubai, United Arab Emirates",Principle Consultant,TAAHEED a Carmichael Fisher Compay (acquired by Cielo)
https://www.linkedin.com/in/georgehyde/,George Hyde,Dec 2008 - Nov 2010,"Dubai, United Arab Emirates",Senior Recruitment Consultant,SThree
https://www.linkedin.com/in/georgehyde/,George Hyde,Apr 2008 - Dec 2008,"Manchester, United Kingdom",Recruitment Consultant,Leap29
https://www.linkedin.com/in/celestehuang/,Celeste Huang,Jul 2019 - Present,Singapore,"Staffing Channels Specialist, APAC",Google
https://www.linkedin.com/in/celestehuang/,Celeste Huang,Jan 2019 - Jul 2019,Singapore,Assistant HR Business Partner - SEAA Marketing,Unilever
https://www.linkedin.com/in/celestehuang/,Celeste Huang,Dec 2017 - Dec 2018,Singapore,Recruitment Coordinator,Apple
https://www.linkedin.com/in/celestehuang/,Celeste Huang,May 2017 - Dec 2017,Singapore,"Recruiter, Accounting & Finance",Hays
https://www.linkedin.com/in/celestehuang/,Celeste Huang,Jul 2015 - Mar 2017,Singapore,Recruitment Consultant,BGC Group
https://www.linkedin.com/in/jasonkarmody/,Jason Karmody,May 2018 - Present,Asia Pacific,"Head & Regional Manager - Talent + Diversity, Equity & Inclusion",Google
https://www.linkedin.com/in/jasonkarmody/,Jason Karmody,Jan 2017 - May 2018,Global | Chief Portfolio: Southeast Asia,Senior Management Consultant - People & Change,KPMG
https://www.linkedin.com/in/jasonkarmody/,Jason Karmody,2014 - 2017,"Global | Specializations: North America, EU & UK","National Lead & Senior Analyst - Crisis Management, Trust & Leadership",Edelman
https://www.linkedin.com/in/jasonkarmody/,Jason Karmody,2013 - 2014,North America | Specialization: Canada,Bilingual Account Associate - Clinical Engagement & Learning,MEDUCOM Health Strategies
https://www.linkedin.com/in/jasonkarmody/,Jason Karmody,2011 - 2013,Taiwan & Canada,Lead Analyst - International Health Systems Performance,Kaohsiung Medical University & Shu-Zhen College of Management
https://www.linkedin.com/in/davidepeluso/,Davide Peluso,May 2019 - Present,Singapore,"Staffing Channels Specialist, APAC",Google
https://www.linkedin.com/in/davidepeluso/,Davide Peluso,Feb 2018 - Apr 2019,"London, United Kingdom",Technical Sourcer,Facebook
https://www.linkedin.com/in/davidepeluso/,Davide Peluso,Jun 2017 - Feb 2018,"London, United Kingdom",Technical Sourcing Recruiter,Amazon
https://www.linkedin.com/in/davidepeluso/,Davide Peluso,Aug 2016 - Jun 2017,"London, United Kingdom",Recruitment Coordinator,Amazon
https://www.linkedin.com/in/davidepeluso/,Davide Peluso,Feb 2016 - Aug 2016,"London, United Kingdom",Human Resources Coordinator,"Starwood Hotels & Resorts Worldwide, Inc."
https://www.linkedin.com/in/davidepeluso/,Davide Peluso,Jul 2015 - Jan 2016,"Brussels Area, Belgium","Human Resources Trainee, EAME","Starwood Hotels & Resorts Worldwide, Inc."
https://www.linkedin.com/in/davidepeluso/,Davide Peluso,Mar 2013 - Oct 2014,"Milan Area, Italy",Team Leader,AIESEC
https://www.linkedin.com/in/denesha-kirpalani-/,Denesha Kirpalani,Oct 2020 - Present,Singapore,Global Talent Acquisition Recruiter,TikTok
https://www.linkedin.com/in/denesha-kirpalani-/,Denesha Kirpalani,Jun 2018 - Jun 2020,Singapore,"Talent Acquisition Specialist, Asia-Pacific",Google
https://www.linkedin.com/in/denesha-kirpalani-/,Denesha Kirpalani,May 2017 - Jun 2018,Suntec Tower 4,Consultant - Healthcare & Life Sciences,Volt - International
https://www.linkedin.com/in/denesha-kirpalani-/,Denesha Kirpalani,Oct 2016 - May 2017,Singapore,Associate Consultant - Healthcare & Life Sciences,Volt - International
https://www.linkedin.com/in/denesha-kirpalani-/,Denesha Kirpalani,Oct 2013 - Mar 2014,England,Chemical Process Engineer (Internship),Newcastle University
https://www.linkedin.com/in/ingrid-liew/,Ingrid Liew,Nov 2019 - Present,Singapore,"Recruiter, Southeast Asia",Google
https://www.linkedin.com/in/ingrid-liew/,Ingrid Liew,Jul 2018 - Oct 2019,Singapore,Senior Consultant - B2B Sales & Marketing,Robert Walters
https://www.linkedin.com/in/ingrid-liew/,Ingrid Liew,Jan 2017 - Jun 2018,Singapore,Consultant - B2B Sales & Marketing,Robert Walters
https://www.linkedin.com/in/ingrid-liew/,Ingrid Liew,Oct 2014 - Mar 2016,Singapore,"Marketing Manager, Retail Commercial Fleet",Shell
https://www.linkedin.com/in/ingrid-liew/,Ingrid Liew,Jun 2013 - Sep 2014,,"HR Business Partner, Shell Jurong Island",Shell
https://www.linkedin.com/in/akshi-gupta-11bb7565/,Akshi Gupta,Jul 2018 - Present,Singapore,"Talent Acquisition Specialist, APAC - Technology (via Xpand Group)",Google
https://www.linkedin.com/in/akshi-gupta-11bb7565/,Akshi Gupta,Sep 2016 - May 2018,Singapore,Consultant | Technology Transformation,Morgan McKinley
https://www.linkedin.com/in/akshi-gupta-11bb7565/,Akshi Gupta,Apr 2015 - Sep 2016,Singapore,Associate Consultant,Huddleston Jones
https://www.linkedin.com/in/akshi-gupta-11bb7565/,Akshi Gupta,Jul 2014 - Apr 2015,Singapore,Candidate Manager,KS Consulting Pte Ltd
https://www.linkedin.com/in/akshi-gupta-11bb7565/,Akshi Gupta,Apr 2011 - Oct 2013,"Chandigarh Area, India",Human Resources Business Partner,"Mahindra & Mahindra Ltd., FES, Swaraj Division"
https://www.linkedin.com/in/shrutikhosla/,Shruti Jain,Aug 2019 - Present,Singapore,"Talent Acquisition Specialist, APAC",Google
https://www.linkedin.com/in/shrutikhosla/,Shruti Jain,Sep 2017 - Jul 2019,Singapore,Freelance work,Canadian International School in Singapore
https://www.linkedin.com/in/shrutikhosla/,Shruti Jain,Sep 2010 - Sep 2011,"Prague, Czech Republic",Recruitment Lead,DHL IT Services
https://www.linkedin.com/in/shrutikhosla/,Shruti Jain,Jul 2008 - Aug 2010,"Prague, Czech Republic",H.R.Consultant,DRILL B.S.
https://www.linkedin.com/in/shrutikhosla/,Shruti Jain,2007 - 2008,Part of BBDO Group,"Human Resource Manager - Events n Activations, Outdoor and Retail Divisions",HANSA Events (India)
https://www.linkedin.com/in/chanyy/,Janae YY C.,Mar 2019 - Present,Singapore,"Technical Recruiter, APAC",Google
https://www.linkedin.com/in/chanyy/,Janae YY C.,Feb 2018 - Mar 2019,Hong Kong,"Managing Consultant, Banking and Financial Services - Risk, Internal Audit and Compliance",Ambition
https://www.linkedin.com/in/chanyy/,Janae YY C.,Jul 2016 - Jan 2018,Hong Kong,"Senior Consultant, Banking and Financial Services Risk and Compliance",Ambition
https://www.linkedin.com/in/chanyy/,Janae YY C.,Oct 2014 - Aug 2015,Hong Kong,Recruitment Consultant (Banking and Financial Services),SearchAsia Consulting Pte Ltd
https://www.linkedin.com/in/chanyy/,Janae YY C.,Aug 2013 - Aug 2014,Hong Kong,Supervisor Trainee,Cathay Pacific Catering Services (H.K.) Ltd.
