﻿employee_url,name,duration,location,job_title,company_name
https://www.linkedin.com/in/mivanenko/,Maria Ivanenko,Apr 2020 - Present,,Accelerated Growth Lead - SG,Google
https://www.linkedin.com/in/mivanenko/,Maria Ivanenko,Jan 2019 - Apr 2020,Singapore,Account Strategist,Google
https://www.linkedin.com/in/mivanenko/,Maria Ivanenko,Jun 2017 - Jan 2019,Singapore,Data Strategist,DDB
https://www.linkedin.com/in/mivanenko/,Maria Ivanenko,Sep 2016 - Jun 2017,Singapore,Chief Marketing Officer,The Global Citizen Education Group
https://www.linkedin.com/in/mivanenko/,Maria Ivanenko,May 2016 - Jul 2016,Singapore,Summer Analyst,Kantar Vermeer
https://www.linkedin.com/in/mivanenko/,Maria Ivanenko,Aug 2015 - May 2016,"Singapore and New Haven, CT, USA",Data Analyst,Data-Driven Yale
https://www.linkedin.com/in/jolene-chin-3b7766a9/,Jolene Chin,Mar 2020 - Present,,Google Workspace Specialist,Google
https://www.linkedin.com/in/jolene-chin-3b7766a9/,Jolene Chin,Oct 2019 - Mar 2020,Singapore,Account Executive,Cloud Industry Group
https://www.linkedin.com/in/jolene-chin-3b7766a9/,Jolene Chin,Feb 2019 - Sep 2019,Singapore,Associate Inside Sales Account Manager,Aspen Technology
https://www.linkedin.com/in/jolene-chin-3b7766a9/,Jolene Chin,Feb 2018 - Jan 2019,Central Singapore,Sales Development Representative,Cvent
https://www.linkedin.com/in/jolene-chin-3b7766a9/,Jolene Chin,Jul 2016 - Feb 2018,"80 Mapletree Business City 2 #15-84, 83 Pasir Panjang Road, 117372",Account Manager & Inside Sales Representative - Google Account,ServiceSource
https://www.linkedin.com/in/jolene-chin-3b7766a9/,Jolene Chin,Mar 2016 - Jan 2018,"80 Mapletree Business City 2 #15-84, 83 Pasir Panjang Road, 117372",Sales Associate at ServiceSource Singapore Pte Ltd - Google Account (India Market),ServiceSource
https://www.linkedin.com/in/leduykhanh/,LE Duy Khanh (PhD),May 2016 - Present,Singapore,"Manager & Global ML Lead, Machine Learning and Data Science",Google
https://www.linkedin.com/in/leduykhanh/,LE Duy Khanh (PhD),Jan 2017 - Apr 2017,"Mountain View, CA, USA","Machine Learning Ninja, Applied Machine Intelligence / MLX",Google
https://www.linkedin.com/in/leduykhanh/,LE Duy Khanh (PhD),Jan 2015 - Apr 2016,,Research Scientist,"Data Storage Institute, A*STAR"
https://www.linkedin.com/in/leduykhanh/,LE Duy Khanh (PhD),Jan 2012 - Dec 2014,,Teaching Staff,National University of Singapore
https://www.linkedin.com/in/leduykhanh/,LE Duy Khanh (PhD),Jan 2010 - Jan 2014,,Doctoral Research Scholar,National University of Singapore
https://www.linkedin.com/in/leduykhanh/,LE Duy Khanh (PhD),Nov 2007 - Jun 2009,Ho Chi Minh City University of Technology,Campus Ambassador,Sun Microsystems
https://www.linkedin.com/in/jianweichuah/,Jian Wei Chuah,Oct 2017 - Present,Singapore,Software Engineer III (Google Pay),Google
https://www.linkedin.com/in/jianweichuah/,Jian Wei Chuah,Jun 2016 - Oct 2017,Singapore,Software Engineer II (Google Pay),Google
https://www.linkedin.com/in/jianweichuah/,Jian Wei Chuah,Jun 2015 - Jun 2016,"Toronto, Canada Area",Software Development Engineer,Amazon
https://www.linkedin.com/in/jianweichuah/,Jian Wei Chuah,May 2013 - May 2014,San Francisco Bay Area,Software Engineer Intern,Marin Software
https://www.linkedin.com/in/jianweichuah/,Jian Wei Chuah,May 2012 - Sep 2012,"Toronto, Canada Area",Software Engineer Intern,Next Mobile Inc.
https://www.linkedin.com/in/jianweichuah/,Jian Wei Chuah,May 2012 - Aug 2012,"Augsburg Area, Germany",Computer Vision Research Intern,University of Augsburg
https://www.linkedin.com/in/sandy-karunia/,Sandy Karunia,Jul 2019 - Present,Singapore,Software Engineer,Google
https://www.linkedin.com/in/sandy-karunia/,Sandy Karunia,Jan 2017 - Jul 2019,Singapore,Software Engineer,Grab
https://www.linkedin.com/in/sandy-karunia/,Sandy Karunia,Feb 2016 - Nov 2016,,Software Engineer,Qlapa
https://www.linkedin.com/in/sandy-karunia/,Sandy Karunia,Feb 2016 - Nov 2016,"Greater Jakarta Area, Indonesia",Full Stack Engineer,Qlapa
https://www.linkedin.com/in/sandy-karunia/,Sandy Karunia,Jul 2014 - Sep 2014,,Software Engineer Intern,Traveloka.com
https://www.linkedin.com/in/kim-rubbo-7989a15a/,Kim Rubbo,Mar 2018 - Present,Singapore,"JAPAC Training Business Lead, Google Cloud",Google
https://www.linkedin.com/in/kim-rubbo-7989a15a/,Kim Rubbo,Jun 2016 - Feb 2018,Singapore,AWS Academy Regional Program Manager,Amazon Web Services
https://www.linkedin.com/in/kim-rubbo-7989a15a/,Kim Rubbo,Jan 2007 - Dec 2016,ASIA and EMEA,Deployment Manager,Microsoft
https://www.linkedin.com/in/kim-rubbo-7989a15a/,Kim Rubbo,2012 - 2016,,Deployment Lead,Microsoft
https://www.linkedin.com/in/david-edenfield-391b1/,David Edenfield,Sep 2020 - Present,Singapore,"Regional Security Manager, APAC, Google Data Center Security",Google
https://www.linkedin.com/in/david-edenfield-391b1/,David Edenfield,Sep 2016 - Sep 2020,Singapore,Regional Security Manager,Amazon Web Services (AWS)
https://www.linkedin.com/in/david-edenfield-391b1/,David Edenfield,Apr 2014 - Sep 2016,"Tokyo, Japan",Cluster Security Manager,Amazon Web Services (AWS)
https://www.linkedin.com/in/david-edenfield-391b1/,David Edenfield,Oct 2010 - Mar 2014,"Okinawa, Japan",Security & Antiterrorism Manager - Asia Pacific Region,DoDEA
https://www.linkedin.com/in/david-edenfield-391b1/,David Edenfield,Jun 2005 - Sep 2010,"Tokyo, Japan","Chief, Security Plans and Programs",United States Air Force
https://www.linkedin.com/in/shilpi-puri-596491125/,Shilpi Puri,Oct 2018 - Present,Singapore,"Head Partners & Alliances, Google Cloud - Apigee, JAPAC",Google
https://www.linkedin.com/in/shilpi-puri-596491125/,Shilpi Puri,Jan 2013 - Oct 2018,,Shilpi Puri Senior Director - Strategic Alliances & Partner | Marketin,Aspect Software
https://www.linkedin.com/in/samtamenghrajani/,Samta Menghrajani,Mar 2019 - Present,Singapore,"UX Program Manager, Payments",Google
https://www.linkedin.com/in/samtamenghrajani/,Samta Menghrajani,Jan 2018 - Feb 2019,San Francisco Bay Area,"Senior Design Program Manager, QuickBooks Self-Employed",Intuit
https://www.linkedin.com/in/samtamenghrajani/,Samta Menghrajani,Jan 2017 - Jan 2018,San Francisco Bay Area,"Digital Project Manager, QuickBooks",Intuit
https://www.linkedin.com/in/samtamenghrajani/,Samta Menghrajani,Sep 2015 - Jan 2017,"Sydney, Australia",Digital and Customer Experience Manager,MasterCard
https://www.linkedin.com/in/samtamenghrajani/,Samta Menghrajani,Sep 2014 - Apr 2015,Singapore,"Account Manager, Digital Projects",CPR Vision Management
https://www.linkedin.com/in/samtamenghrajani/,Samta Menghrajani,Mar 2014 - Sep 2014,Singapore,"Account Manager, Brand Management",Cowan
