﻿employee_url,name,duration,location,job_title,company_name
https://www.linkedin.com/in/mailinhbui/,Mai-Linh Bui,May 2019 - Present,Singapore,"Associate Product Marketing Manager, Brand & Consumer Apps, Vietnam",Google
https://www.linkedin.com/in/mailinhbui/,Mai-Linh Bui,Nov 2018 - May 2019,Singapore,"Associate Product Marketing Manager, Consumer Apps, Vietnam",Google
https://www.linkedin.com/in/mailinhbui/,Mai-Linh Bui,Mar 2016 - Dec 2018,Singapore,"Partner Operations Manager, YouTube",Google
https://www.linkedin.com/in/mailinhbui/,Mai-Linh Bui,Aug 2015 - Feb 2016,"Philadelphia, US","Program Coordinator, Office of Institutional Advancement",Drexel University
https://www.linkedin.com/in/mailinhbui/,Mai-Linh Bui,Mar 2013 - Jul 2015,"Philadelphia, US",Blog Author,U.S. News & World Report
https://www.linkedin.com/in/mailinhbui/,Mai-Linh Bui,2014,"Ho Chi Minh City, Vietnam",Management Consulting Strategy Intern,PricewaterhouseCoopers Advisory
https://www.linkedin.com/in/mailinhbui/,Mai-Linh Bui,Apr 2013 - Sep 2013,"Newtown Square, USA",Marketing Communications Coordinator,Project Management Institute
https://www.linkedin.com/in/jiachuan/,Kwok Jia Chuan,Dec 2019 - Present,Singapore,"Global Lead, Payments Product Policy",Google
https://www.linkedin.com/in/jiachuan/,Kwok Jia Chuan,Aug 2017 - Nov 2019,Singapore,Deputy Director (Citizen & Business Products),Smart Nation and Digital Government Office
https://www.linkedin.com/in/jiachuan/,Kwok Jia Chuan,May 2014 - Aug 2017,Singapore,Assistant Director (Sector Strategy and Planning),"Ministry of Social and Family Development, Singapore (MSF)"
https://www.linkedin.com/in/jiachuan/,Kwok Jia Chuan,Feb 2012 - May 2014,Singapore,Policy Officer,Ministry of Defence of Singapore
https://www.linkedin.com/in/jiachuan/,Kwok Jia Chuan,Jun 2008 - Jul 2009,"London, United Kingdom",President - London School of Economics Chapter,AIESEC
https://www.linkedin.com/in/sumantar/,Sumanta Roy,Oct 2018 - Present,"Hyderabad Area, India",Senior Program Manager,Google
https://www.linkedin.com/in/sumantar/,Sumanta Roy,Nov 2016 - Oct 2018,"Hyderabad Area, India",Program Manager,Google
https://www.linkedin.com/in/sumantar/,Sumanta Roy,May 2016 - Nov 2016,"Hyderabad Area, India","Associate Principal, Trust and Safety",Google
https://www.linkedin.com/in/sumantar/,Sumanta Roy,Aug 2014 - May 2016,"Hyderabad Area, India","User Policy Implementation Specialist, Trust and Safety",Google
https://www.linkedin.com/in/sumantar/,Sumanta Roy,Nov 2013 - Aug 2014,,Senior Account Strategist,Google
https://www.linkedin.com/in/happyarora/,Happy Arora,Jan 2019 - Present,Singapore,"Technical Recruiter, APAC",Google
https://www.linkedin.com/in/happyarora/,Happy Arora,Apr 2018 - Jan 2019,"Bengaluru Area, India",Recruiter - Sales & Product (India),LinkedIn
https://www.linkedin.com/in/happyarora/,Happy Arora,Jan 2015 - Apr 2018,"Bengaluru Area, India",Technical Recruiter (APAC),LinkedIn
https://www.linkedin.com/in/happyarora/,Happy Arora,Sep 2014 - Dec 2014,"Gurgaon, India",Technical Recruiter,Cvent
https://www.linkedin.com/in/happyarora/,Happy Arora,Aug 2012 - Sep 2014,"Hyderabad Area, India",Talent Acquisition,Amazon
https://www.linkedin.com/in/happyarora/,Happy Arora,Dec 2011 - Feb 2012,"Rajkot Area, India",Intern,Mahindra & Mahindra
https://www.linkedin.com/in/vishaljain12/,Vishal Jain,Jan 2020 - Present,Singapore,"YouTube Ads Strategy, Southeast Asia",Google
https://www.linkedin.com/in/vishaljain12/,Vishal Jain,Jul 2019 - Oct 2019,Singapore,MBA Intern - Central Strategy,Google
https://www.linkedin.com/in/vishaljain12/,Vishal Jain,Mar 2019 - Apr 2019,"London, United Kingdom",MBA Consultant,YOOX NET-A-PORTER GROUP
https://www.linkedin.com/in/vishaljain12/,Vishal Jain,Oct 2018 - Dec 2018,"Cambridge, United Kingdom",MBA Consultant,PredictImmune
https://www.linkedin.com/in/vishaljain12/,Vishal Jain,Jul 2017 - Jul 2018,Singapore,Assistant Manager - Indonesia and Singapore BRAVIA Area Marketing,Sony
https://www.linkedin.com/in/vishaljain12/,Vishal Jain,Feb 2016 - Jul 2017,Singapore,Senior Executive - Regional TV and UX Marketing,Sony
https://www.linkedin.com/in/lioyeo/,Lionel Yeo,Jul 2020 - Present,Singapore,"Industry Manager, Travel",Google
https://www.linkedin.com/in/lioyeo/,Lionel Yeo,Jun 2018 - Jul 2020,Singapore,"Senior Commercial Manager, Strategic Partnerships",Skyscanner
https://www.linkedin.com/in/lioyeo/,Lionel Yeo,Dec 2015 - May 2018,Singapore,"Senior Manager, Hotel Partnerships - APAC",TripAdvisor
https://www.linkedin.com/in/lioyeo/,Lionel Yeo,Nov 2014 - Dec 2015,Singapore,Market Development Manager,Singapore Airlines
https://www.linkedin.com/in/lioyeo/,Lionel Yeo,Jul 2013 - Oct 2014,Singapore,Executive Assistant to Chairman/CEO,Singapore Airlines
https://www.linkedin.com/in/anu-anand-7a72621a/,Anu Anand,Mar 2020 - Present,Singapore,"HR Business Partner Lead, Cloud, Asia Pacific",Google
https://www.linkedin.com/in/anu-anand-7a72621a/,Anu Anand,Apr 2018 - Mar 2020,Singapore,"HR Business Partner, Sales, Asia Pacific",Google
https://www.linkedin.com/in/anu-anand-7a72621a/,Anu Anand,Sep 2016 - Mar 2018,"Gurgaon, India","HR Business Partner, Customer Experience, Asia Pacific",Google
https://www.linkedin.com/in/anu-anand-7a72621a/,Anu Anand,Feb 2016 - Aug 2016,"Gurgaon, India","HR Business Partner, Supply & Supply Services",RB
https://www.linkedin.com/in/anu-anand-7a72621a/,Anu Anand,Feb 2014 - Jan 2016,"Gurgaon, India","Talent Acquisition Lead, South Asia",RB
https://www.linkedin.com/in/anu-anand-7a72621a/,Anu Anand,Jan 2012 - Jan 2014,Bangalore,"HR Head, - Central Projects Organisation",ITC Limited
https://www.linkedin.com/in/anu-anand-7a72621a/,Anu Anand,May 2010 - Dec 2011,Bangalore,HR Manager - Talent Development & Management,ITC Limited
https://www.linkedin.com/in/anu-anand-7a72621a/,Anu Anand,2006,,Summer Intern - HR,Dr. Reddy's Laboratories
https://www.linkedin.com/in/joannaflint/,Joanna Flint,Apr 2017 - Present,SINGAPORE,"MANAGING DIRECTOR, GLOBAL PARTNER BUSINESS, ASIA PACIFIC",Google
https://www.linkedin.com/in/joannaflint/,Joanna Flint,Jan 2014 - Mar 2017,Singapore,MANAGING DIRECTOR - GOOGLE SINGAPORE,Google
https://www.linkedin.com/in/joannaflint/,Joanna Flint,Jul 2010 - Dec 2013,Singapore,"INDUSTRY LEADER, CONSUMER PACKAGED GOODS - ASIA PACIFIC",Google
https://www.linkedin.com/in/joannaflint/,Joanna Flint,Jan 2009 - Jun 2010,Singapore,"GO-TO-MARKET LEAD, KEY ACCOUNTS – ASIA PACIFIC",Google
https://www.linkedin.com/in/joannaflint/,Joanna Flint,Jan 2017 - Present,Singapore,Board Member,Singapore Tourism Board
https://www.linkedin.com/in/joannaflint/,Joanna Flint,Jan 2014 - Mar 2019,Singapore,Board Member,IAB Southeast Asia and India
https://www.linkedin.com/in/joannaflint/,Joanna Flint,Jan 2015 - Apr 2018,Singapore,Board Member,National University of Singapore
https://www.linkedin.com/in/joannaflint/,Joanna Flint,Dec 2014 - Dec 2017,Singapore,Board Member,SGTech
