﻿employee_url,name,duration,location,job_title,company_name
https://www.linkedin.com/in/clement-kua/,Clement Kua,Jun 2017 - Present,Singapore,"Staffing Channels Specialist, Tech, APAC",Google
https://www.linkedin.com/in/clement-kua/,Clement Kua,May 2016 - May 2017,,Training Executive,Euro Group Pte Ltd
https://www.linkedin.com/in/clement-kua/,Clement Kua,May 2015 - Aug 2015,Singapore,Human Resources Intern,McDonald's
https://www.linkedin.com/in/bnpekerti/,Bernadette Pekerti,Jun 2019 - Present,Singapore,Recruiter,Google
https://www.linkedin.com/in/bnpekerti/,Bernadette Pekerti,Feb 2019 - Present,Singapore/ Jakarta,Regional People Team - Sr Associate,Shopee
https://www.linkedin.com/in/bnpekerti/,Bernadette Pekerti,Mar 2018 - May 2019,Singapore/ Indonesia,Regional People Team - Associate,Shopee
https://www.linkedin.com/in/bnpekerti/,Bernadette Pekerti,Apr 2017 - Jan 2018,Singapore,Associate Consultant,Hays
https://www.linkedin.com/in/bnpekerti/,Bernadette Pekerti,Jul 2016 - Apr 2017,,Researcher | Recruiting Experts in Food & Nutrition,Hays
https://www.linkedin.com/in/bnpekerti/,Bernadette Pekerti,May 2015 - Aug 2015,Singapore,Intern,Tetra Pak South East Asia
https://www.linkedin.com/in/bnpekerti/,Bernadette Pekerti,Jan 2015 - May 2015,"Yatala, Queensland, Australia",Intern,Pacific Food Industries Pty Ltd
https://www.linkedin.com/in/farazazhar/,Faraz Azhar,Nov 2018 - Present,Singapore,Industry Head,Google
https://www.linkedin.com/in/farazazhar/,Faraz Azhar,Jan 2017 - Oct 2018,Singapore,Industry Manager,Google
https://www.linkedin.com/in/farazazhar/,Faraz Azhar,Jan 2016 - Dec 2016,Singapore,Principal Account Manager,Google
https://www.linkedin.com/in/farazazhar/,Faraz Azhar,Jul 2014 - Nov 2015,Dubai,Director Business and Client Servicing - GCC,Walnut Media
https://www.linkedin.com/in/farazazhar/,Faraz Azhar,Jan 2014 - Jun 2014,Dubai,Partner Account Manager,Xerox Emirates
https://www.linkedin.com/in/farazazhar/,Faraz Azhar,Jan 2013 - Dec 2013,Dubai,Managed Print Services and Integrated Solutions Manager,Xerox Emirates
https://www.linkedin.com/in/farazazhar/,Faraz Azhar,Oct 2007 - May 2011,,Business Development Manager - Middle East & Africa,Elixir Technologies
https://www.linkedin.com/in/farazazhar/,Faraz Azhar,Aug 2005 - Sep 2007,,Business Analyst,Elixir Technologies
https://www.linkedin.com/in/vanessakohyingli/,Vanessa Koh,Dec 2018 - Present,Singapore,APAC Recruiter - Global Business Operations & Portfolio,Google
https://www.linkedin.com/in/vanessakohyingli/,Vanessa Koh,Jul 2018 - Dec 2018,Singapore,Research Associate,Russell Reynolds Associates
https://www.linkedin.com/in/vanessakohyingli/,Vanessa Koh,Jan 2017 - Jun 2018,Singapore,Research Analyst,Russell Reynolds Associates
https://www.linkedin.com/in/reubenadrielyoshua/,Reuben Adriel Yoshua,May 2020 - Present,Singapore,"Community Manager, YouTube",Google
https://www.linkedin.com/in/reubenadrielyoshua/,Reuben Adriel Yoshua,Apr 2018 - May 2020,Singapore,APAC Channels,Google
https://www.linkedin.com/in/reubenadrielyoshua/,Reuben Adriel Yoshua,May 2017 - Apr 2018,"Greater Jakarta Area, Indonesia",Recruiter,Uber
https://www.linkedin.com/in/reubenadrielyoshua/,Reuben Adriel Yoshua,Sep 2015 - Apr 2017,"Greater Jakarta Area, Indonesia",Talent Practice Manager,Procter & Gamble
https://www.linkedin.com/in/ianleewy/,Ian Lee,May 2018 - Present,Singapore,"Recruiter, Asia Pacific",Google
https://www.linkedin.com/in/ianleewy/,Ian Lee,Sep 2016 - May 2018,Singapore,"Recruiter, Asia Pacific",Uber
https://www.linkedin.com/in/ianleewy/,Ian Lee,Aug 2015 - Sep 2016,Singapore,Executive Talent Associate (Contract),LinkedIn
https://www.linkedin.com/in/ianleewy/,Ian Lee,May 2015 - Jul 2015,Singapore,Talent Acquisition - Executive Search Intern,LinkedIn
https://www.linkedin.com/in/ianleewy/,Ian Lee,May 2014 - Aug 2014,Singapore,Business Development - Clients & Markets Intern,Deloitte
https://www.linkedin.com/in/ianleewy/,Ian Lee,Apr 2012 - Jul 2012,Singapore,Learning & Development - Project Assistant Intern,Trybe Limited
https://www.linkedin.com/in/jeanniejihyun/,Jeannie Jihyun Lee,May 2019 - Present,Singapore,"Country Lead, North Asia Hardware Business Development",Google
https://www.linkedin.com/in/jeanniejihyun/,Jeannie Jihyun Lee,May 2018 - May 2019,Singapore,"Google Hardware, SEA & KR Business Lead",Google
https://www.linkedin.com/in/jeanniejihyun/,Jeannie Jihyun Lee,Mar 2015 - May 2018,Singapore,Senior Programmatic Manager - DoubleClick SEA,Google
https://www.linkedin.com/in/jeanniejihyun/,Jeannie Jihyun Lee,Nov 2012 - Feb 2015,"Sydney Area, Australia",Agency Display Sales / Project Manager – Sydney,Google
https://www.linkedin.com/in/jeanniejihyun/,Jeannie Jihyun Lee,Jul 2011 - Nov 2012,"Gangnam-gu, Seoul, Korea","GMS Operations Lead, GMS Sales and Operations Korea",Google
https://www.linkedin.com/in/jeanniejihyun/,Jeannie Jihyun Lee,Jan 2011 - Jun 2011,대한민국 서울 강남구,Senior Marketing Associate,Motorola Korea
https://www.linkedin.com/in/jeanniejihyun/,Jeannie Jihyun Lee,Dec 2007 - Oct 2010,대한민국 서울 종로구,Associate Analyst - Sales and Marketing,Hyundai Insurances
https://www.linkedin.com/in/jeanniejihyun/,Jeannie Jihyun Lee,Jan 2007 - Feb 2007,대한민국 서울 강남구,Research Associate,IBM Global Business Process Services
https://www.linkedin.com/in/jeanniejihyun/,Jeannie Jihyun Lee,Jun 2006 - Aug 2006,대한민국 서울 강남구,Intern,American Chamber of Commerce in Korea
https://www.linkedin.com/in/hermione-joye-89b3683/,Hermione Joye,Nov 2019 - Present,Singapore,"Sector Lead - Travel, APAC",Google
https://www.linkedin.com/in/hermione-joye-89b3683/,Hermione Joye,May 2016 - Present,Signapore,"Head of Industry, Travel APAC",Google
https://www.linkedin.com/in/hermione-joye-89b3683/,Hermione Joye,Jan 2014 - Nov 2019,,Industry Manager - Travel - APAC,Google
https://www.linkedin.com/in/hermione-joye-89b3683/,Hermione Joye,Mar 2012 - Jan 2014,,Sales - Large Customer Solutions - Retail Industry,Google
https://www.linkedin.com/in/hermione-joye-89b3683/,Hermione Joye,Apr 2008 - Mar 2012,"Sydney, Australia",Senior Sales Executive,Seven Network Limited
https://www.linkedin.com/in/hermione-joye-89b3683/,Hermione Joye,2007 - 2008,,Campaign Manager,Whybin TBWA
https://www.linkedin.com/in/hermione-joye-89b3683/,Hermione Joye,Jan 2007 - Jun 2007,,Account Executive,M&C Saatchi
