﻿employee_url,name,duration,location,job_title,company_name
https://www.linkedin.com/in/harreshkrishnan/,Harresh Krishnan,Oct 2019 - Present,Singapore,Talent Aquisition (APAC),Google
https://www.linkedin.com/in/harreshkrishnan/,Harresh Krishnan,Jun 2018 - Oct 2019,Singapore,Executive Search Consultant,A.S.K
https://www.linkedin.com/in/harreshkrishnan/,Harresh Krishnan,May 2017 - Jun 2018,Singapore,Consultant - Financial Services Technology (Infrastructure),Robert Walters
https://www.linkedin.com/in/harreshkrishnan/,Harresh Krishnan,Jan 2014 - May 2017,Singapore,Marketing / Student Brand Manager Leader,Red Bull
https://www.linkedin.com/in/harreshkrishnan/,Harresh Krishnan,Apr 2015 - Aug 2015,,"Sports, Events & Culture",Red Bull
https://www.linkedin.com/in/harreshkrishnan/,Harresh Krishnan,Apr 2016 - Sep 2016,,Brand & Trade Marketing,Carlsberg Group
https://www.linkedin.com/in/matthewyoshida/,Matthew Yoshida,Jan 2018 - Present,Singapore,"Associate Lead Recruiter, APAC Google Cloud",Google
https://www.linkedin.com/in/matthewyoshida/,Matthew Yoshida,Jul 2014 - Jan 2018,Singapore,Recruiter - Google Marketing Solutions (GMS) APAC,Google
https://www.linkedin.com/in/matthewyoshida/,Matthew Yoshida,Mar 2010 - Jun 2014,,Recruiter - Global Business Organization,Google
https://www.linkedin.com/in/matthewyoshida/,Matthew Yoshida,2009,Greater Boston Area,Business Development,Cone
https://www.linkedin.com/in/matthewyoshida/,Matthew Yoshida,2009,"Sydney, Australia",Marketing,Australian Rugby Union
https://www.linkedin.com/in/matthewyoshida/,Matthew Yoshida,2006 - 2009,"Honolulu, HI",PUEO (Partnerships in Unlimited Educational Opportunities),Punahou School
https://www.linkedin.com/in/kunali-parikh-11689154/,Kunali Parikh,Aug 2020 - Present,Singapore,"APAC Finance Manager, Devices & Services",Google
https://www.linkedin.com/in/kunali-parikh-11689154/,Kunali Parikh,Sep 2017 - Aug 2020,Singapore,"Controller, Sales Finance",Apple
https://www.linkedin.com/in/kunali-parikh-11689154/,Kunali Parikh,May 2014 - Jun 2016,"Singapore, India, Africa (including Nigeria, Kenya, Tanzania among others)",Business Management Manager Level 3,Singtel
https://www.linkedin.com/in/kunali-parikh-11689154/,Kunali Parikh,Feb 2012 - Apr 2014,"Singapore, Pakistan, Abu Dhabi",Business Management Manager Level 2,Singtel
https://www.linkedin.com/in/kunali-parikh-11689154/,Kunali Parikh,Jan 2011 - Jan 2012,,Business Associate,Meinhardt Group
https://www.linkedin.com/in/kunali-parikh-11689154/,Kunali Parikh,Sep 2008 - Jan 2011,,Business Analyst,Meinhardt Group
https://www.linkedin.com/in/brenda-tan-7a01a1140/,Brenda Tan,Jun 2015 - Present,Singapore,Content Creator,YouTube
https://www.linkedin.com/in/brenda-tan-7a01a1140/,Brenda Tan,Jan 2015 - Apr 2015,Singapore,Teaching Assistant,Anglo-Chinese Junior College
https://www.linkedin.com/in/jimclee/,Jim L.,May 2020 - Present,Singapore,Strategic Partnerships,YouTube
https://www.linkedin.com/in/jimclee/,Jim L.,Jul 2018 - Jun 2020,,Venture Partner,Widus Partners Limited
https://www.linkedin.com/in/jimclee/,Jim L.,Jan 2015 - Apr 2020,Singapore,Data Center Strategy and Partnerships Senior Lead,Google
https://www.linkedin.com/in/jimclee/,Jim L.,Sep 2010 - Dec 2014,,Engagement Manager,A.T. Kearney
https://www.linkedin.com/in/jimclee/,Jim L.,Dec 2009 - Apr 2010,,Associate,Ignite Advisors
https://www.linkedin.com/in/hanafi-iryadi/,Hanafi Iryadi,Mar 2020 - Present,Singapore (via RGF),"Talent Sourcer, APAC Staffing Channels Team",Google
https://www.linkedin.com/in/hanafi-iryadi/,Hanafi Iryadi,Apr 2019 - Mar 2020,Singapore,"Recruiting Coordinator, APAC",Twitter
https://www.linkedin.com/in/hanafi-iryadi/,Hanafi Iryadi,Nov 2018 - Jan 2019,Singapore,Customer Success Intern,Wantedly Singapore
https://www.linkedin.com/in/hanafi-iryadi/,Hanafi Iryadi,May 2018 - Aug 2018,Singapore,"Intern - Council Recruitment and Development Analyst, APAC",GLG
https://www.linkedin.com/in/hanafi-iryadi/,Hanafi Iryadi,Dec 2017 - Jan 2018,Singapore,HR Intern (Talent Acquisition and Executive Search),Tate Asia Partners LLP
https://www.linkedin.com/in/janneteerink/,Janne Teerink,Aug 2018 - Present,Singapore,Head of APAC Strategy and Operations - Google Customer Solutions,Google
https://www.linkedin.com/in/janneteerink/,Janne Teerink,Sep 2016 - Aug 2018,Singapore,Head of APAC Large Customer Sales (LCS) Strategy and Planning,Google
https://www.linkedin.com/in/janneteerink/,Janne Teerink,Jul 2015 - Sep 2016,Singapore,Head of Sales Strategy and Operations - Products and Solutions - APAC,Google
https://www.linkedin.com/in/janneteerink/,Janne Teerink,May 2013 - Jul 2015,Amsterdam,"Head of Sales Strategy and Operations, Benelux",Google
https://www.linkedin.com/in/janneteerink/,Janne Teerink,Jun 2011 - May 2013,,Industry Manager and Team Manager,Google
https://www.linkedin.com/in/janneteerink/,Janne Teerink,Dec 2003 - Oct 2009,,Strategy Consultant,Accenture
https://www.linkedin.com/in/leannepoon/,Leanne Poon,Apr 2018 - Present,Singapore,APAC Staffing Chief of Staff,Google
https://www.linkedin.com/in/leannepoon/,Leanne Poon,Jan 2018 - Present,Singapore,20% Project - Planets,Google
https://www.linkedin.com/in/leannepoon/,Leanne Poon,May 2016 - Present,Singapore,Mentor,Google
https://www.linkedin.com/in/leannepoon/,Leanne Poon,Jul 2019 - Sep 2019,Greater Seattle Area,"Diversity, Equity, and Inclusion Program Manager (short term explorership)",Google
https://www.linkedin.com/in/leannepoon/,Leanne Poon,May 2019,"Madrid Area, Spain",Advisor (Startup Advisors Summit 2019),Google
https://www.linkedin.com/in/leannepoon/,Leanne Poon,Sep 2006 - Present,,Owner & Crafter,Amigurumi: Online Crochet Craft Store
https://www.linkedin.com/in/leannepoon/,Leanne Poon,Oct 2014 - May 2016,"Within 23 wards, Tokyo, Japan",Corporate Planning and Business Strategy - Senior Analyst,en world group
https://www.linkedin.com/in/leannepoon/,Leanne Poon,Aug 2010 - Sep 2014,"Within 23 wards, Tokyo, Japan",Financial Services Recruitment - Senior Consultant,en world group
https://www.linkedin.com/in/leannepoon/,Leanne Poon,Mar 2010 - Jul 2010,"Within 23 wards, Tokyo, Japan",Instructor,AEON
https://www.linkedin.com/in/leannepoon/,Leanne Poon,Mar 2006 - Mar 2010,"Vancouver, Canada",Portfolio Management Associate,RBC
