﻿employee_url,name,duration,location,job_title,company_name
https://www.linkedin.com/in/ngavu/,Natalie Vu,Jul 2018 - Present,Singapore,SEA Account Manager - Google Cloud,Google
https://www.linkedin.com/in/ngavu/,Natalie Vu,May 2017 - Jun 2018,Singapore,Sales Development Representative,Google
https://www.linkedin.com/in/ngavu/,Natalie Vu,Jun 2015 - Nov 2016,,Customer Engagement Representative,QAD
https://www.linkedin.com/in/ngavu/,Natalie Vu,Feb 2013 - May 2015,,Customer Care Representative,IQDynamics Private Limited
https://www.linkedin.com/in/ngavu/,Natalie Vu,Oct 2011 - May 2015,,Sales Executive,IQDynamics Private Limited
https://www.linkedin.com/in/ngavu/,Natalie Vu,Jul 2010,,Accounting Intern,Creative Technology Ltd
https://www.linkedin.com/in/ngavu/,Natalie Vu,Dec 2009 - Feb 2010,,Analyst Intern,BDO Consultants Pte Ltd
https://www.linkedin.com/in/deanwangting/,Dean (Ting) Wang,Sep 2019 - Present,"Pasir Panjang, Singapore, Singapore","Data Science Lead, Data & Insights",Google
https://www.linkedin.com/in/deanwangting/,Dean (Ting) Wang,Sep 2015 - Present,,"Advisor, Lecturer, Speakers","Various startups and universities, McKinsey"
https://www.linkedin.com/in/deanwangting/,Dean (Ting) Wang,Feb 2018 - Sep 2019,"Shanghai City, China",Chief Scientist,"Hercule, a McKinsey new Venture"
https://www.linkedin.com/in/deanwangting/,Dean (Ting) Wang,Sep 2016 - Sep 2019,"London, United Kingdom",Analytics Service Principal,QuantumBlack
https://www.linkedin.com/in/deanwangting/,Dean (Ting) Wang,Sep 2014 - Sep 2019,Singapore,Advanced Analytics Expert,McKinsey & Company
https://www.linkedin.com/in/suhita-singh-51939a36/,Suhita Singh,Jun 2018 - Present,Singapore,Program Manager,Google
https://www.linkedin.com/in/suhita-singh-51939a36/,Suhita Singh,Dec 2016 - Jun 2018,Singapore,Project Manager-Information Technology,IQVIA
https://www.linkedin.com/in/suhita-singh-51939a36/,Suhita Singh,Jun 2016 - Dec 2016,Singapore,Sr Infrastructure Project Manager,SGX
https://www.linkedin.com/in/suhita-singh-51939a36/,Suhita Singh,Dec 2015 - Jun 2016,Singapore,Service Delivery Manager,Estee Lauder Pvt Ltd
https://www.linkedin.com/in/suhita-singh-51939a36/,Suhita Singh,Aug 2014 - Mar 2015,Singapore,Transition Project Manager,"Bank of Singapore, Asia's Global Private Bank"
https://www.linkedin.com/in/apichon/,Aurélien Pichon,Oct 2018 - Present,Singapore,"Managing Director, Product, sales, strategy and Business Operations, APAC",Google
https://www.linkedin.com/in/apichon/,Aurélien Pichon,Aug 2015 - Oct 2018,Singapore,"Regional Director, Strategy and Operations, Asia Pacific",Google
https://www.linkedin.com/in/apichon/,Aurélien Pichon,Aug 2018 - Present,,Angel investor in local and international ventures,XA Network
https://www.linkedin.com/in/apichon/,Aurélien Pichon,Aug 2012 - Present,South East Asia,Angel Investment and Business Advisory,Early stage startup
https://www.linkedin.com/in/apichon/,Aurélien Pichon,Aug 2013 - Aug 2016,"Singapore, Singapore",Advisor and Mentor,FWA Singapore - Financial Women's Association
https://www.linkedin.com/in/apichon/,Aurélien Pichon,Aug 2013 - Jul 2015,Singapore,"Vice President & COO, Strategic Investments/Partnerships, Asia Pacific, Financial & Risk Division",Thomson Reuters
https://www.linkedin.com/in/apichon/,Aurélien Pichon,Jul 2012 - Oct 2013,Singapore,"Managing Director and Chief Operating Officer, APAC, Financial Division",Thomson Reuters
https://www.linkedin.com/in/juntongthien/,Juntong Thien,Mar 2020 - Present,Singapore,Account Manager,Google
https://www.linkedin.com/in/juntongthien/,Juntong Thien,Jul 2019 - Mar 2020,"Singapore, Hong Kong",Enterprise Development Representative,Google
https://www.linkedin.com/in/juntongthien/,Juntong Thien,May 2018 - Aug 2018,Singapore,Business Intern,Google
https://www.linkedin.com/in/juntongthien/,Juntong Thien,Jan 2018 - May 2018,"Singapore, Thailand",Business Intern,Grab
https://www.linkedin.com/in/juntongthien/,Juntong Thien,May 2017 - Jul 2017,Singapore,Commodities Summer Analyst,OCBC Bank
https://www.linkedin.com/in/juntongthien/,Juntong Thien,Mar 2016 - Jul 2016,Singapore,Private Equity Summer Analyst,"Unity Group - By Entrepreneurs, For Entrepreneurs"
https://www.linkedin.com/in/katherine-unson-481b0331/,Katherine Unson,Jul 2018 - Present,Singapore,"Insights & Analytics, APAC Consumer & Market Research",Google
https://www.linkedin.com/in/katherine-unson-481b0331/,Katherine Unson,Feb 2014 - Jun 2017,Singapore,"Strategy & Insights Manager, Financial Services",Google
https://www.linkedin.com/in/katherine-unson-481b0331/,Katherine Unson,May 2012 - Jan 2014,Philippines,"Country Strategist, Emerging Markets",Google
https://www.linkedin.com/in/katherine-unson-481b0331/,Katherine Unson,Dec 2011 - May 2012,Manila,"Senior Account Manager, Client Services",OgilvyOne
https://www.linkedin.com/in/katherine-unson-481b0331/,Katherine Unson,Dec 2010 - Jul 2011,Manila,"Assistant Product/Brand Manager, Brand Extensions",McDonald's Corporation
https://www.linkedin.com/in/katherine-unson-481b0331/,Katherine Unson,Oct 2007 - Sep 2010,"Manila, Philippines",Media Planner/Buyer,Starcom MediaVest Group
https://www.linkedin.com/in/tangjiahui/,Jiahui Tang,Sep 2018 - Oct 2020,,"Data Analyst (Safe Browsing), Trust & Safety",Google
https://www.linkedin.com/in/tangjiahui/,Jiahui Tang,Jul 2017 - Aug 2018,Singapore,Data Analyst,BNP Paribas
https://www.linkedin.com/in/tangjiahui/,Jiahui Tang,May 2016 - Jul 2016,Singapore,Summer Analyst Intern,UBS
https://www.linkedin.com/in/tangjiahui/,Jiahui Tang,May 2015 - Jul 2015,Singapore,Machine Learning Intern,IDA Singapore
https://www.linkedin.com/in/tangjiahui/,Jiahui Tang,Jan 2015 - May 2015,Singapore,Teaching Assistant,National University of Singapore
https://www.linkedin.com/in/charles-li-6b63a855/,Charles Li,2019 - Present,,Software Engineer,谷歌
https://www.linkedin.com/in/charles-li-6b63a855/,Charles Li,2018 - 2019,,Senior Backend Engineer,Bitmain
https://www.linkedin.com/in/charles-li-6b63a855/,Charles Li,2015 - 2018,Singapore,Software Developer,Grasshopper
https://www.linkedin.com/in/charles-li-6b63a855/,Charles Li,2013 - 2015,,Software Engineer,Sea
https://www.linkedin.com/in/charles-li-6b63a855/,Charles Li,2012,,Intern,Deutsche Bank
https://www.linkedin.com/in/lauraabella/,Laura A.,Dec 2019 - Present,Singapore,Chief of Staff - APAC Google Customer Solutions,Google
https://www.linkedin.com/in/lauraabella/,Laura A.,Jun 2018 - Dec 2019,"Silicon Valley, California",Partnerships & Business Development Lead - North America,Google
https://www.linkedin.com/in/lauraabella/,Laura A.,Jul 2012 - Jul 2017,Spain & Germany,Senior Business Consultant,McKinsey & Company
https://www.linkedin.com/in/lauraabella/,Laura A.,Aug 2015 - Aug 2016,"London, UK",Investment Associate - Santander InnoVentures Group's VC Fund (Secondment),Banco Santander
https://www.linkedin.com/in/lauraabella/,Laura A.,Jul 2011 - Sep 2011,"Chongqing, China",Market Research Analyst,Quantum Property Ltd.
https://www.linkedin.com/in/darenyoong/,Daren Yoong,Apr 2020 - Present,Singapore,"Master Faculty, APAC Google Sales School",Google
https://www.linkedin.com/in/darenyoong/,Daren Yoong,Jul 2018 - Apr 2020,Singapore,"Industry Lead, Government & Consumer Goods",Google
https://www.linkedin.com/in/darenyoong/,Daren Yoong,Apr 2016 - Jun 2018,Singapore,Sales Manager,Google
https://www.linkedin.com/in/darenyoong/,Daren Yoong,Oct 2014 - Apr 2016,Singapore,Relationship Manager,LinkedIn
https://www.linkedin.com/in/darenyoong/,Daren Yoong,Jul 2011 - Oct 2014,Singapore,Manager - Finance & Accounting Practice,Michael Page
https://www.linkedin.com/in/darenyoong/,Daren Yoong,Sep 2009 - May 2011,Thailand,ASEAN Assistant Brand Manager,Procter & Gamble
https://www.linkedin.com/in/darenyoong/,Daren Yoong,Mar 2008 - Aug 2009,Singapore,Asia Associate Finance Manager,Procter & Gamble
