﻿employee_url,name,duration,location,job_title,company_name
https://www.linkedin.com/in/srikantnayak/,Srikant Nayak,Apr 2020 - Present,Singapore,"Marketing Head of Android, Assistant, Play store (Partnerships) and Chrome, APAC",Google
https://www.linkedin.com/in/srikantnayak/,Srikant Nayak,Mar 2020 - Apr 2020,Singapore,"Chief Marketing Officer, KFC Asia",Yum! Brands
https://www.linkedin.com/in/srikantnayak/,Srikant Nayak,Feb 2019 - Mar 2020,Singapore,"Chief Strategy Officer (CSO), KFC Asia.",Yum! Brands
https://www.linkedin.com/in/srikantnayak/,Srikant Nayak,Jun 2005 - Dec 2014,,Brand Manager - Fabric Care and Baby Care Brands in ASEAN and India markets,Procter & Gamble
https://www.linkedin.com/in/srikantnayak/,Srikant Nayak,Mar 2012 - Sep 2014,"Bangkok Metropolitan Area, Thailand",Brand Manager,Procter & Gamble
https://www.linkedin.com/in/mirasumanti/,Mira Sumanti,Jan 2019 - Present,Singapore,Brand & Creative Lead - South East Asia,Google
https://www.linkedin.com/in/mirasumanti/,Mira Sumanti,May 2016 - Dec 2018,"Greater Jakarta Area, Indonesia",Consumer Marketing Manager,Google
https://www.linkedin.com/in/mirasumanti/,Mira Sumanti,Aug 2014 - Apr 2016,"Greater Jakarta Area, Indonesia",Small & Medium Business Marketing Manager,Google
https://www.linkedin.com/in/mirasumanti/,Mira Sumanti,Jan 2011 - Jul 2014,"Amsterdam Area, Netherlands",Global Digital & Social Marketing Manager - adidas NEO Label,adidas
https://www.linkedin.com/in/mirasumanti/,Mira Sumanti,Jan 2009 - Dec 2010,"Amsterdam Area, Netherlands",Global Digital & Social Marketing Manager - adidas Originals & Y-3,adidas
https://www.linkedin.com/in/mirasumanti/,Mira Sumanti,2005 - 2008,"Jakarta, Indonesia",Freelance Music Reporter,TRAX Magazine
https://www.linkedin.com/in/mirasumanti/,Mira Sumanti,2004 - 2008,"Jakarta, Indonesia",Freelance Writer,CosmoGIRL!
https://www.linkedin.com/in/bensonfuentes/,Benson F.,Oct 2018 - Present,Singapore,Product Strategy & Operations,Google
https://www.linkedin.com/in/bensonfuentes/,Benson F.,Mar 2017 - Jul 2018,Philippines,Head of Operations - Philippines & Thailand,Uber
https://www.linkedin.com/in/bensonfuentes/,Benson F.,Mar 2016 - Feb 2017,,Sr. Operations Manager - Driver Ops Lead,Uber
https://www.linkedin.com/in/bensonfuentes/,Benson F.,Jan 2010 - May 2015,Philippines,Business Intelligence Product Manager,Procter & Gamble
https://www.linkedin.com/in/jdanaraj/,Jared Danaraj,Sep 2019 - Present,Singapore,Head of Partner Engineering at Google Cloud Asia Pacific,Google
https://www.linkedin.com/in/jdanaraj/,Jared Danaraj,Jul 2017 - Sep 2019,Singapore,"Director - Ecosystem Partnerships and Strategic Technology Alliances, APJ Partner Organization",Cisco
https://www.linkedin.com/in/jdanaraj/,Jared Danaraj,Sep 2014 - Jul 2017,Singapore,"Director, Business Development – Industry & IoT Partnerships, Global Partner Organization",Cisco
https://www.linkedin.com/in/jdanaraj/,Jared Danaraj,Nov 2005 - Apr 2007,"Singapore, UAE, Bahrain","Senior Manager, Business Development",NCS Pte Ltd
https://www.linkedin.com/in/jdanaraj/,Jared Danaraj,Jun 1999 - Oct 2005,USA and Singapore,Assistant Vice President,Eutech Cybernetics
https://www.linkedin.com/in/rafael-scislowski-4000432/,Rafael Scislowski,Oct 2018 - Present,Singapore,Industry Sales Head - VN,Google
https://www.linkedin.com/in/rafael-scislowski-4000432/,Rafael Scislowski,Jul 2018 - Oct 2018,,"Regional Marketing Head ID, PH, MY",Grab
https://www.linkedin.com/in/rafael-scislowski-4000432/,Rafael Scislowski,Nov 2017 - Mar 2018,Singapore,Marketing Director - SEA,Uber
https://www.linkedin.com/in/rafael-scislowski-4000432/,Rafael Scislowski,Feb 2016 - Nov 2017,Singapore,"Senior Director, APAC Marketing Head",LEGO Group
https://www.linkedin.com/in/rafael-scislowski-4000432/,Rafael Scislowski,Sep 2014 - Feb 2016,Singapore,Head of BrandLab - APAC,Google
https://www.linkedin.com/in/ronnie-wang-89509899/,Ronnie Wang,Dec 2018 - Present,Singapore,Youtuber,YouTube
https://www.linkedin.com/in/ronnie-wang-89509899/,Ronnie Wang,2018 - Nov 2018,Singapore,Business Director,KKcoin
https://www.linkedin.com/in/ronnie-wang-89509899/,Ronnie Wang,2017 - 2018,Singapore,Business Development,Salesforce
https://www.linkedin.com/in/ronnie-wang-89509899/,Ronnie Wang,2015 - 2016,Singapore,Inside Sales Executive - APAC,FIS
https://www.linkedin.com/in/ronnie-wang-89509899/,Ronnie Wang,2014 - 2015,Singapore,Private Equity,Corporate Brokers International Pte Ltd
https://www.linkedin.com/in/manfredpan/,Manfred Pan 潘仁伟,Sep 2020 - Present,Singapore,"Industry Manager, Consumer Goods and Public Sector",Google
https://www.linkedin.com/in/manfredpan/,Manfred Pan 潘仁伟,Jan 2019 - Aug 2020,Singapore,"Account Executive, Strategic Accounts",Stripe
https://www.linkedin.com/in/manfredpan/,Manfred Pan 潘仁伟,Oct 2017 - Dec 2018,Singapore,Account Director,pymetrics
https://www.linkedin.com/in/manfredpan/,Manfred Pan 潘仁伟,2013 - Oct 2017,Singapore,Enterprise Relationship Manager,LinkedIn
https://www.linkedin.com/in/manfredpan/,Manfred Pan 潘仁伟,2012 - 2013,Singapore,Customer Success Manager,LinkedIn
https://www.linkedin.com/in/manfredpan/,Manfred Pan 潘仁伟,Aug 2013 - Dec 2013,Singapore,Brand Manager,Beam Global Asia
https://www.linkedin.com/in/dnle/,Daniel Le,Feb 2020 - Present,Singapore,"Android Partnerships Lead, Platforms & Ecosystems | Malaysia",Google
https://www.linkedin.com/in/dnle/,Daniel Le,Aug 2018 - Jan 2020,Singapore,"Agency Sales Lead, Google Customer Solutions | Vietnam",Google
https://www.linkedin.com/in/dnle/,Daniel Le,Jul 2019 - Sep 2019,Singapore,Android Partnerships Manager | Vietnam & Hong Kong,Google
https://www.linkedin.com/in/dnle/,Daniel Le,Jul 2016 - Jul 2018,Singapore,"Business Development Manager, Google Customer Solutions | Vietnam",Google
https://www.linkedin.com/in/dnle/,Daniel Le,Oct 2014 - Jul 2016,Dublin,"Account Strategist, Google Marketing Solutions | Germany",Google
https://www.linkedin.com/in/dnle/,Daniel Le,Nov 2019 - Present,Singapore,Coach & Startup Mentor,boldbasics
https://www.linkedin.com/in/dnle/,Daniel Le,Jun 2013 - Aug 2013,"München und Umgebung, Deutschland",Summer Business Analyst,Arthur D. Little
https://www.linkedin.com/in/dnle/,Daniel Le,Mar 2012 - Feb 2013,"Berlin und Umgebung, Deutschland",Consultant | Digital Strategy & Data,TD Reply
https://www.linkedin.com/in/dnle/,Daniel Le,Mar 2011 - Mar 2012,"Beijing City, China",Junior Consultant | Social Media,TD Reply
https://www.linkedin.com/in/dnle/,Daniel Le,Sep 2010 - Mar 2011,Hamburg,Corporate Strategy Development & Implementation,Beiersdorf AG
