﻿employee_url,name,duration,location,job_title,company_name
https://www.linkedin.com/in/joyxu/,Joy Xu,Jul 2019 - Present,Singapore,Staffing Channels Associate Lead,Google
https://www.linkedin.com/in/joyxu/,Joy Xu,Aug 2016 - Present,Singapore,Staffing Channels Specialist- APAC Tech,Google
https://www.linkedin.com/in/joyxu/,Joy Xu,Jun 2012 - Apr 2013,"Shanghai City, China","Program Consultant (Part time),",IDG-Asia
https://www.linkedin.com/in/joyxu/,Joy Xu,Sep 2005 - Apr 2009,"Shanghai City, China",International Staffing Consultant,Microsoft - Shanghai
https://www.linkedin.com/in/joyxu/,Joy Xu,2005,,SDET (Internship),"Tuvox - Cupertino, CA"
https://www.linkedin.com/in/joyxu/,Joy Xu,2003 - 2004,,Software Engineer,"SBC - San Ramon, CA"
https://www.linkedin.com/in/alexandra-chia/,Alexandra Chia,Aug 2020 - Present,Singapore,Talent Acquisition - Google Cloud,Google
https://www.linkedin.com/in/alexandra-chia/,Alexandra Chia,Aug 2019 - Aug 2020,Singapore,Talent Acquisition - Global Business Operations & Portfolio (GBOP),Google
https://www.linkedin.com/in/alexandra-chia/,Alexandra Chia,Mar 2018 - Aug 2019,Singapore,Internal Recruiter (SEA),Robert Walters
https://www.linkedin.com/in/alexandra-chia/,Alexandra Chia,May 2017 - Mar 2018,Singapore,Internal Recruiter - Talent Acquisition,Amoria Bond
https://www.linkedin.com/in/alexandra-chia/,Alexandra Chia,Aug 2016 - Apr 2017,Singapore,Recruitment Consultant - Life Sciences,Amoria Bond
https://www.linkedin.com/in/alexandra-chia/,Alexandra Chia,Sep 2015 - Aug 2016,Singapore,Business Development Manager,OCBC Bank
https://www.linkedin.com/in/alexandra-chia/,Alexandra Chia,2014,,Public Relations Coordinator (Internship),PublicistPR
https://www.linkedin.com/in/sarahyangsj/,Sarah Yang,Apr 2019 - Present,via Optimum Solutions,"Talent Acquisition, APAC",Google
https://www.linkedin.com/in/sarahyangsj/,Sarah Yang,Nov 2018 - Apr 2019,Singapore,Senior Recruitment Consultant - Technology,Randstad Singapore
https://www.linkedin.com/in/sarahyangsj/,Sarah Yang,Jan 2018 - Oct 2018,Singapore,Recruitment Consultant - Technology,Randstad Singapore
https://www.linkedin.com/in/sarahyangsj/,Sarah Yang,Jul 2016 - Apr 2017,Singapore,Associate Consultant | IT&T,Morgan McKinley
https://www.linkedin.com/in/gonzalogaston/,Gonzalo Gastón Sánchez,Apr 2018 - Present,Singapore,Senior Staffing Channels Specialist - APAC,Google
https://www.linkedin.com/in/gonzalogaston/,Gonzalo Gastón Sánchez,Oct 2017 - Mar 2018,Singapore,Global Customer Care APAC,Google
https://www.linkedin.com/in/gonzalogaston/,Gonzalo Gastón Sánchez,Oct 2015 - Oct 2017,Dublin,Global Customer Experience EMEA,Google
https://www.linkedin.com/in/gonzalogaston/,Gonzalo Gastón Sánchez,May 2014 - Aug 2014,"Wroclaw, Poland",Google Business Associate Internship,Google
https://www.linkedin.com/in/gonzalogaston/,Gonzalo Gastón Sánchez,Jul 2013 - Aug 2014,,Google Student Ambassador 2013-2014,Google
https://www.linkedin.com/in/gonzalogaston/,Gonzalo Gastón Sánchez,Apr 2013 - Oct 2013,Madrid,Co-Head of the International Finance Conference (Sponsorship Department),IE Business School
https://www.linkedin.com/in/gonzalogaston/,Gonzalo Gastón Sánchez,Feb 2012 - Aug 2013,"Segovia, Spain",Vice President of AIESEC External Relations Department in IE University.,AIESEC
https://www.linkedin.com/in/gonzalogaston/,Gonzalo Gastón Sánchez,Jul 2010 - Jul 2013,"Toledo, Castile-La Mancha, Spain",Summer Camp Counselor,Layos Camp - Castillo de Layos
https://www.linkedin.com/in/alansg/,Alan Donoghue,Aug 2017 - Present,Singapore,"Executive Recruiter, Leadership Hiring - Google Cloud",Google
https://www.linkedin.com/in/alansg/,Alan Donoghue,Apr 2015 - Aug 2017,"Dubai, United Arab Emirates","Regional Account Director , Middle East & Africa",Korn Ferry
https://www.linkedin.com/in/alansg/,Alan Donoghue,Aug 2012 - Feb 2015,"Dubai, United Arab Emirates",Associate Director,Jivaro Search
https://www.linkedin.com/in/alansg/,Alan Donoghue,Sep 2010 - Aug 2012,"Dubai, United Arab Emirates",Senior Consultant,TAAHEED
https://www.linkedin.com/in/alansg/,Alan Donoghue,Aug 2008 - Sep 2010,United Kingdom,Consultant,Adecco
https://www.linkedin.com/in/candiceluo/,Candice (Chen) Luo,Jul 2020 - Present,Singapore,"Account Manager (CPG, Retail, Government)",Google
https://www.linkedin.com/in/candiceluo/,Candice (Chen) Luo,Aug 2018 - Jul 2020,Singapore,Consultant,Bain & Company
https://www.linkedin.com/in/candiceluo/,Candice (Chen) Luo,Apr 2015 - Jun 2017,Singapore,Assistant Director,Monetary Authority of Singapore (MAS)
https://www.linkedin.com/in/candiceluo/,Candice (Chen) Luo,Jul 2012 - Mar 2015,,Associate,Monetary Authority of Singapore (MAS)
https://www.linkedin.com/in/mikaelac2020/,Mikaela C.,Aug 2020 - Present,Singapore,Technical Recruiter,Google
https://www.linkedin.com/in/mikaelac2020/,Mikaela C.,Apr 2019 - Jul 2020,Singapore,Technical Recruiter,Google
https://www.linkedin.com/in/mikaelac2020/,Mikaela C.,Nov 2017 - Jan 2019,Hong Kong,HR & Talent Acquisition Manager,Gatecoin
https://www.linkedin.com/in/mikaelac2020/,Mikaela C.,Nov 2016 - Nov 2017,Hong Kong,Tech Recruiter - IT Software Development,NAKAMA
https://www.linkedin.com/in/mikaelac2020/,Mikaela C.,Apr 2016 - Nov 2016,Hong Kong,Regional Recruitment Consultant - IT Software Development (APAC),Oliver James Associates
https://www.linkedin.com/in/mikaelac2020/,Mikaela C.,Sep 2015 - Mar 2016,Hong Kong,Researcher - Digital & Marketing in Financial Services Sector,Oliver James Associates
https://www.linkedin.com/in/mikaelac2020/,Mikaela C.,Jul 2014 - May 2015,"Shenzhen, Guangdong, China",Recruitment Consultant - IT,Michael Page
