﻿employee_url,name,duration,location,job_title,company_name
https://www.linkedin.com/in/gauravanand86/,Gaurav Anand,Feb 2017 - Present,Singapore,Cloud Solutions Engineer,Google
https://www.linkedin.com/in/gauravanand86/,Gaurav Anand,Sep 2015 - Jan 2017,"Bengaluru, Karnataka, India",Senior Site Reliability Engineer,LinkedIn
https://www.linkedin.com/in/gauravanand86/,Gaurav Anand,Dec 2014 - Sep 2015,"Bengaluru Area, India",Site Reliability Engineer,LinkedIn
https://www.linkedin.com/in/gauravanand86/,Gaurav Anand,Mar 2011 - Dec 2014,Hyderabad,Big Data Specialist,Bank of America
https://www.linkedin.com/in/gauravanand86/,Gaurav Anand,Oct 2008 - Mar 2011,"Mumbai Area, India",Assistant systems engineer,TCS
https://www.linkedin.com/in/lawrencetjh/,Lawrence Tan,Sep 2020 - Present,Singapore,"Technical Specialist, Mobile Apps, Professional Services",Google
https://www.linkedin.com/in/lawrencetjh/,Lawrence Tan,Nov 2019 - Present,,Flutter Author,Razeware LLC
https://www.linkedin.com/in/lawrencetjh/,Lawrence Tan,Jun 2019 - Aug 2020,Singapore,Senior Mobile Application Developer,MSD
https://www.linkedin.com/in/lawrencetjh/,Lawrence Tan,Nov 2017 - May 2019,Singapore,Mobile Application Developer,MSD
https://www.linkedin.com/in/lawrencetjh/,Lawrence Tan,Aug 2017 - Aug 2020,,Technical Author,AppCoda
https://www.linkedin.com/in/lawrencetjh/,Lawrence Tan,Sep 2015 - Oct 2017,Singapore,iOS Developer,2359 Media
https://www.linkedin.com/in/shiyunnchua/,Shi Yunn Chua 蔡诗韵,May 2019 - Present,Singapore,SA360 lead at Google Marketing Platform (SEA),Google
https://www.linkedin.com/in/shiyunnchua/,Shi Yunn Chua 蔡诗韵,Jan 2018 - Apr 2019,Singapore,Account Manager at Google Marketing Platform (SEA) - Search Ads 360,Google
https://www.linkedin.com/in/shiyunnchua/,Shi Yunn Chua 蔡诗韵,Mar 2017 - Jan 2018,Singapore,Digital Marketing and Ad Tech Manager,Singtel
https://www.linkedin.com/in/shiyunnchua/,Shi Yunn Chua 蔡诗韵,Nov 2015 - Mar 2017,Menara Maxis Kuala Lumpur,Digital Marketing Specialist,Maxis
https://www.linkedin.com/in/shiyunnchua/,Shi Yunn Chua 蔡诗韵,Sep 2013 - Nov 2015,"Kuala Lumpur, Malaysia",Management Associate,Maxis
https://www.linkedin.com/in/shiyunnchua/,Shi Yunn Chua 蔡诗韵,May 2013,"Rotterdam Area, Netherlands",VIP guest at Shell EcoMarathon,Shell Oil Company
https://www.linkedin.com/in/shiyunnchua/,Shi Yunn Chua 蔡诗韵,Jun 2012 - Sep 2012,"Newcastle Innovation Centre (NIC), UK",European R&D Summer Internship Programme,Procter & Gamble
https://www.linkedin.com/in/louisbj/,Louis Tyler Sim 준호,Dec 2019 - Present,,"Regional Brand Marketing, Brand & Reputation Asia-Pacific, RGF (Grow with Google, Economic Impact)",Google
https://www.linkedin.com/in/louisbj/,Louis Tyler Sim 준호,Mar 2015 - Present,,Digital Content Strategist,Independent Media
https://www.linkedin.com/in/louisbj/,Louis Tyler Sim 준호,Mar 2019 - Nov 2019,"Austin, Texas / Singapore","Content Operations and Search Quality (English, Mandarin & Korean), Asia-Pacific",Indeed.com
https://www.linkedin.com/in/louisbj/,Louis Tyler Sim 준호,Aug 2018 - Jan 2019,,"Research Producer, English Current Affairs, South-East Asia",Channel NewsAsia
https://www.linkedin.com/in/louisbj/,Louis Tyler Sim 준호,Feb 2018 - Jul 2018,Singapore,Regional Lead / Program Manager | Go-To-Market & Ecosystem | Driving Seller Agenda & Engagement APAC,Lazada Group
https://www.linkedin.com/in/liaohongbing/,George Liao,Jun 2018 - Present,Singapore,"Enterprise Cloud Architect, Financial Services at Google Cloud",Google
https://www.linkedin.com/in/liaohongbing/,George Liao,Oct 2015 - May 2018,Singapore,"Head of Solutions Architect, ASEAN",Alibaba Cloud
https://www.linkedin.com/in/liaohongbing/,George Liao,Feb 2015 - Sep 2015,Singapore,"Director, Cloud and Services",GlobalRoam Group Ltd
https://www.linkedin.com/in/liaohongbing/,George Liao,Jan 2014 - Feb 2015,Singapore,Engagement Manager,ServiceNow - The Enterprise IT Cloud Company
https://www.linkedin.com/in/liaohongbing/,George Liao,Mar 2012 - Dec 2013,Singapore,Principal Customer Engagement Specialist,Salesforce
https://www.linkedin.com/in/mingsheng36/,Vincent (陈明胜) Tan,Aug 2018 - Present,Singapore,"Customer Engineer, Google Cloud (APAC)",Google
https://www.linkedin.com/in/mingsheng36/,Vincent (陈明胜) Tan,Dec 2016 - Jul 2018,Singapore,Cloud Solution Architect (APAC),Dimension Data
https://www.linkedin.com/in/mingsheng36/,Vincent (陈明胜) Tan,May 2016 - Nov 2016,Singapore,Cloud Solution Specialist (APAC),Dimension Data
https://www.linkedin.com/in/mingsheng36/,Vincent (陈明胜) Tan,Mar 2010 - May 2010,Singapore,Software Engineer,IBM
https://www.linkedin.com/in/thibautbriere/,Thibaut Briere,2019 - Present,Singapore,Founder and Managing Director,Growth Marketing Studio
https://www.linkedin.com/in/thibautbriere/,Thibaut Briere,Jul 2020 - Present,"Singapore, Singapore","Mentor, Growth and Marketing",Google for Startups
https://www.linkedin.com/in/thibautbriere/,Thibaut Briere,Jul 2019 - Present,"Singapore, Singapore",Mentor,Nanyang Technological University
https://www.linkedin.com/in/thibautbriere/,Thibaut Briere,May 2020 - Present,Singapore,Investor,Time for the Planet
https://www.linkedin.com/in/thibautbriere/,Thibaut Briere,Dec 2018 - Present,Singapore,Marketer and Community Builder,French Tech Singapore
https://www.linkedin.com/in/henry-suryawirawan/,Henry Suryawirawan,Jan 2018 - Present,Singapore,Strategic Cloud Engineer,Google
https://www.linkedin.com/in/henry-suryawirawan/,Henry Suryawirawan,Jul 2020 - Present,Singapore,Podcaster,Tech Lead Journal
https://www.linkedin.com/in/henry-suryawirawan/,Henry Suryawirawan,Jan 2017 - Jan 2018,Singapore,Senior Consultant,ThoughtWorks
https://www.linkedin.com/in/henry-suryawirawan/,Henry Suryawirawan,Jan 2015 - Dec 2016,Singapore,Head of Engineering,Einsights Pte. Ltd.
https://www.linkedin.com/in/henry-suryawirawan/,Henry Suryawirawan,Apr 2014 - Dec 2014,,Senior Software Engineer,Einsights Pte. Ltd.
https://www.linkedin.com/in/henry-suryawirawan/,Henry Suryawirawan,Aug 2013 - Apr 2014,Singapore,"Associate, Technical Lead",J.P. Morgan
https://www.linkedin.com/in/kayleefung/,Kaylee Fung (冯嘉仪）,Jan 2020 - Present,Singapore,"Partner Sales Manager, Southeast Asia, Google Cloud",Google
https://www.linkedin.com/in/kayleefung/,Kaylee Fung (冯嘉仪）,Apr 2019 - Dec 2019,Singapore,"Singapore Alliances and Partnerships Lead, Google Cloud",Google
https://www.linkedin.com/in/kayleefung/,Kaylee Fung (冯嘉仪）,Apr 2018 - Mar 2019,China,"China Territory Account Manager, Google Cloud",Google
https://www.linkedin.com/in/kayleefung/,Kaylee Fung (冯嘉仪）,Jun 2012 - Present,Singapore,IT Youth Council President & Member of Executive Committee,Singapore Computer Society
https://www.linkedin.com/in/kayleefung/,Kaylee Fung (冯嘉仪）,Oct 2018 - Present,Singapore,Secretary General,Tech Talent AssemBly
https://www.linkedin.com/in/kayleefung/,Kaylee Fung (冯嘉仪）,Sep 2016 - Apr 2018,Singapore,Government and Enterprise Sales,Akamai Technologies
https://www.linkedin.com/in/kayleefung/,Kaylee Fung (冯嘉仪）,Jan 2015 - Aug 2016,Singapore,Government Senior Account Manager,3D Networks
