﻿employee_url,name,duration,location,job_title,company_name
https://www.linkedin.com/in/paulinastadnik/,Paulina Kawka,Nov 2013 - Present,Singapore,Recruiter - APAC,Google
https://www.linkedin.com/in/paulinastadnik/,Paulina Kawka,Dec 2012 - Nov 2013,Dublin,Recruitment Consultant,CPL
https://www.linkedin.com/in/paulinastadnik/,Paulina Kawka,Oct 2012 - Dec 2012,Dublin,"Recruitment Assistant, Multilingual Divison",Adecco UK & Ireland
https://www.linkedin.com/in/paulinastadnik/,Paulina Kawka,Jan 2010 - Jul 2010,"Toluca Area, Mexico",Cultural & Recruitment Assistant,Centro de Estudios Superiores Universitarios
https://www.linkedin.com/in/alantam1/,Alan Tam,Mar 2020 - Present,Singapore,"Staffing Channels Specialist, APAC",Google
https://www.linkedin.com/in/alantam1/,Alan Tam,Mar 2017 - Feb 2020,Hong Kong,Experienced Hire Senior Recruiter (APAC Engineering),Goldman Sachs
https://www.linkedin.com/in/alantam1/,Alan Tam,Feb 2015 - Sep 2016,Hong Kong,Consultant - IT&T,Randstad Hong Kong
https://www.linkedin.com/in/alantam1/,Alan Tam,Dec 2013 - Feb 2015,,Associate Consultant - IT&T,Randstad Hong Kong
https://www.linkedin.com/in/alantam1/,Alan Tam,Sep 2011 - Dec 2013,Hong Kong,Senior Financial Auditor,Deloitte Touche Tohmatshu
https://www.linkedin.com/in/gluke/,Luke Gao,Oct 2018 - Present,Singapore,Talent Acquisition Consultant - APAC,Google
https://www.linkedin.com/in/gluke/,Luke Gao,May 2015 - Oct 2018,"Beijing City, China",Associate - TMT Practice,Spencer Stuart
https://www.linkedin.com/in/gluke/,Luke Gao,Dec 2014 - May 2015,"Beijing City, China",Consultant - Technology Practice,Michael Page
https://www.linkedin.com/in/gluke/,Luke Gao,Jan 2014 - Dec 2014,"Beijing City, China",Client Relationship Manager,Computershare
https://www.linkedin.com/in/gluke/,Luke Gao,Jul 2012 - Jan 2014,"Beijing City, China",Senior Account Executive,Computershare
https://www.linkedin.com/in/ziggymangahas/,Ziggy Camille M.,Jan 2019 - Present,Singapore,"Talent Acquisition, APAC- Global Business Operations and Portfolio",Google
https://www.linkedin.com/in/ziggymangahas/,Ziggy Camille M.,Apr 2016 - Dec 2018,Singapore,Country Lead- New Business Sales,Google
https://www.linkedin.com/in/ziggymangahas/,Ziggy Camille M.,Aug 2015 - Apr 2016,Singapore,Asia Senior Business Manager,Reed Pacific Media
https://www.linkedin.com/in/ziggymangahas/,Ziggy Camille M.,Aug 2014 - Jul 2015,Singapore,Business Development Manager,Reed Pacific Media
https://www.linkedin.com/in/ziggymangahas/,Ziggy Camille M.,Apr 2013 - Dec 2013,,"Advertising Sales Manager, South East Asia",Financial Times
https://www.linkedin.com/in/ziggymangahas/,Ziggy Camille M.,Feb 2011 - Mar 2013,Singapore,Advertising Sales Executive,Financial Times
https://www.linkedin.com/in/tessneypes/,Tess Neypes,Mar 2019 - Present,Singapore,"Recruiter, APAC",Google
https://www.linkedin.com/in/tessneypes/,Tess Neypes,Oct 2018 - Feb 2019,Singapore,Talent Acquisition Specialist,Wachsman
https://www.linkedin.com/in/tessneypes/,Tess Neypes,Nov 2017 - Oct 2018,Singapore,"Recruiting Business Partner, APAC",Palo Alto Networks
https://www.linkedin.com/in/tessneypes/,Tess Neypes,Jan 2015 - Nov 2017,Singapore,"Recruiter / Sourcer, APAC",Palo Alto Networks
https://www.linkedin.com/in/tessneypes/,Tess Neypes,Dec 2011 - Jan 2015,Singapore,Business Development Manager (Enterprise Sales),Monster
https://www.linkedin.com/in/tessneypes/,Tess Neypes,Jul 2011 - Dec 2011,Singapore,Account Manager (Key Accounts - Financial Institution),DP Information Network Pte Ltd (then part of the Experian Group)
