﻿employee_url,name,duration,location,job_title,company_name
https://www.linkedin.com/in/abhishekmodi/,Abhishek Modi,May 2018 - Present,Singapore,Partnerships Development Manager,Google
https://www.linkedin.com/in/abhishekmodi/,Abhishek Modi,Apr 2016 - Apr 2018,Singapore,Partnerships Development Sr. Associate,Google
https://www.linkedin.com/in/abhishekmodi/,Abhishek Modi,Nov 2015 - Apr 2016,,Sr. Campaign Manager,Google
https://www.linkedin.com/in/abhishekmodi/,Abhishek Modi,Jan 2014 - Oct 2015,,Campaign Manager,Google
https://www.linkedin.com/in/abhishekmodi/,Abhishek Modi,Oct 2011 - Dec 2013,"Gurgaon, India",Associate Consultant,Technopak Advisors
https://www.linkedin.com/in/abhishekmodi/,Abhishek Modi,2011 - Oct 2013,India,Co-Founder,Damascus Fortune
https://www.linkedin.com/in/abhishekmodi/,Abhishek Modi,Jan 2013 - Apr 2013,,Participant,Semester At Sea / ISE
https://www.linkedin.com/in/abhishekmodi/,Abhishek Modi,Mar 2011 - 2012,,Co-Founder,InMotion Ventures Ltd. (AutomotionAds)
https://www.linkedin.com/in/apoorva-anubhuti-74830613/,Apoorva Anubhuti,Feb 2019 - Present,Singapore,"Policy and Operations Lead, Trust and Safety",YouTube
https://www.linkedin.com/in/apoorva-anubhuti-74830613/,Apoorva Anubhuti,2016 - Feb 2019,Singapore,"Program Manager, Risk Management",Google
https://www.linkedin.com/in/apoorva-anubhuti-74830613/,Apoorva Anubhuti,2015,"Paris Area, France","Global Leadership Program (Global -100): Associate, Business Development",Wipro
https://www.linkedin.com/in/apoorva-anubhuti-74830613/,Apoorva Anubhuti,Aug 2014 - Sep 2014,"Geneva Area, Switzerland",Research/Communications Associate,International Organisation of Employers (IOE)
https://www.linkedin.com/in/apoorva-anubhuti-74830613/,Apoorva Anubhuti,Dec 2011 - Jul 2014,"Turin Area, Italy",Associate Project Officer,United Nations Interregional Crime and Justice Research Institute
https://www.linkedin.com/in/kunalkaul1/,Kunal Kaul,Aug 2018 - Present,Singapore,Business Transformation & Innovation AdWords,Google
https://www.linkedin.com/in/kunalkaul1/,Kunal Kaul,Apr 2018 - Aug 2018,"Bengaluru, Karnataka, India","Director, Customer Experience Strategy, Quality & Process Excellence",Ola (ANI Technologies Pvt. Ltd)
https://www.linkedin.com/in/kunalkaul1/,Kunal Kaul,May 2017 - Apr 2018,"Bengaluru, Karnataka, India","Associate Director, Customer Experience Strategy, Quality & Process Excellence",Ola (ANI Technologies Pvt. Ltd)
https://www.linkedin.com/in/kunalkaul1/,Kunal Kaul,May 2011 - Oct 2015,Dallas/Fort Worth Area,Sr. Consultant,Cognizant Technology Solutions
https://www.linkedin.com/in/kunalkaul1/,Kunal Kaul,Nov 2009 - Dec 2010,"New Delhi Area, India",Co-Founder,Vadroits
https://www.linkedin.com/in/kunalkaul1/,Kunal Kaul,Jan 2009 - Apr 2010,,Client Engagement Manager - MESA,Evalueserve
https://www.linkedin.com/in/kunalkaul1/,Kunal Kaul,Jan 2008 - Feb 2009,,Patent Analyst - Telecom,Evalueserve
https://www.linkedin.com/in/ahobby/,Andrew Hobby,Sep 2019 - Present,Singapore,"Senior Director, Customer Engineering, Google Cloud APAC",Google
https://www.linkedin.com/in/ahobby/,Andrew Hobby,Mar 2018 - Present,Singapore,"Vice President, Systems Engineering, Asia Pacific, Japan & China",Cisco
https://www.linkedin.com/in/ahobby/,Andrew Hobby,Oct 2013 - Present,,"Managing Director, Systems Engineering, Asia Pacific & Japan",Cisco
https://www.linkedin.com/in/ahobby/,Andrew Hobby,1999 - 2004,,Engineering Manager,NetStar Networks
https://www.linkedin.com/in/ahobby/,Andrew Hobby,1994 - 1999,,Network Engineer,North Western Health
https://www.linkedin.com/in/andrewlauqf/,Andrew Lau,Aug 2020 - Present,,"Platforms & Ecosystems Strategy & Operations Manager, APAC",Google
https://www.linkedin.com/in/andrewlauqf/,Andrew Lau,Nov 2018 - Jul 2020,Singapore,"Strategy and Sales Operations Manager, SEA",Google
https://www.linkedin.com/in/andrewlauqf/,Andrew Lau,May 2017 - Oct 2018,Singapore,"Strategy and Sales Operations Senior Associate, SEA",Google
https://www.linkedin.com/in/andrewlauqf/,Andrew Lau,Nov 2015 - Apr 2017,Singapore,"Strategy and Sales Operations Associate, SEA",Google
https://www.linkedin.com/in/andrewlauqf/,Andrew Lau,Jan 2014 - Oct 2015,Global,CAS Senior Associate,GE
https://www.linkedin.com/in/andrewlauqf/,Andrew Lau,Jul 2011 - Dec 2013,,Financial Management Program,GE
https://www.linkedin.com/in/joyeephang/,Jo Yee Phang,Jan 2019 - Present,Singapore,"Google Developers Space, Developer Relations Ecosystem",Google
https://www.linkedin.com/in/joyeephang/,Jo Yee Phang,Jun 2018 - Jan 2019,,Community Management,Lazada Group
https://www.linkedin.com/in/joyeephang/,Jo Yee Phang,Nov 2016 - Jun 2018,,Marketing & Community Management,Futurelab.my
https://www.linkedin.com/in/joyeephang/,Jo Yee Phang,Sep 2016 - Nov 2016,,Talent Acquisition,123RF.com
https://www.linkedin.com/in/joyeephang/,Jo Yee Phang,Sep 2014 - Aug 2016,"Kuala Lumpur, Malaysia",Program Management,AppAsia Studio
https://www.linkedin.com/in/sherylckx/,Sheryl Chen,Oct 2019 - Present,Singapore,"Program Manager, Google Cloud Platform - JAPAC (Optimum Solutions)",Google
https://www.linkedin.com/in/sherylckx/,Sheryl Chen,Nov 2018 - Jul 2019,Singapore,"Content Manager, APAC",Unbound Global
https://www.linkedin.com/in/sherylckx/,Sheryl Chen,Dec 2017 - Jul 2018,Singapore,Conference Content Director,Tech in Asia
https://www.linkedin.com/in/sherylckx/,Sheryl Chen,Aug 2016 - Dec 2017,Singapore,Conference Associate,Tech in Asia
https://www.linkedin.com/in/sherylckx/,Sheryl Chen,2014 - 2016,Singapore,Co-Founder and Chief Marketing Officer,3Ducation
https://www.linkedin.com/in/laurenooi/,Lauren Ooi 王董薇,Oct 2019 - Present,,Google Pay,Google
https://www.linkedin.com/in/laurenooi/,Lauren Ooi 王董薇,Jun 2017 - Oct 2019,Singapore,YouTube Regional Product Lead,Google
https://www.linkedin.com/in/laurenooi/,Lauren Ooi 王董薇,Jun 2015 - Jun 2017,Singapore,YouTube Commercialization & Strategy,Google
https://www.linkedin.com/in/laurenooi/,Lauren Ooi 王董薇,Jul 2013 - Jun 2015,Singapore,Sales Finance,Google
https://www.linkedin.com/in/laurenooi/,Lauren Ooi 王董薇,Jul 2010 - Jul 2013,Singapore,Analyst,Barclays Capital
https://www.linkedin.com/in/laurenooi/,Lauren Ooi 王董薇,Jul 2008 - Jul 2009,,Intern,Marchex Voice Services
https://www.linkedin.com/in/laurenooi/,Lauren Ooi 王董薇,May 2008 - Jul 2008,,Summer Associate - Belgacom Division,Tata Consultancy Services
https://www.linkedin.com/in/laurenooi/,Lauren Ooi 王董薇,Jan 2006 - Aug 2006,,Teacher,Tanglin Secondary School
https://www.linkedin.com/in/gurpreet-dhaliwal-9b74a91b/,Gurpreet Dhaliwal,Sep 2019 - Present,Singapore,Head of Payments Compliance - South East Asia,Google
https://www.linkedin.com/in/gurpreet-dhaliwal-9b74a91b/,Gurpreet Dhaliwal,Jul 2018 - Sep 2019,Singapore,"Senior Vice President - Group AML, Payment Intermediaries & Digital Clients in APAC",Citi
https://www.linkedin.com/in/gurpreet-dhaliwal-9b74a91b/,Gurpreet Dhaliwal,Dec 2015 - Jul 2018,Singapore,"Director - Head of Financial Crime Compliance for Correspondent Banking, ASEAN & South Asia",Standard Chartered Bank
https://www.linkedin.com/in/gurpreet-dhaliwal-9b74a91b/,Gurpreet Dhaliwal,Dec 2014 - Dec 2015,Hong Kong,"Vice President - Head of Anti-Bribery & Corruption and Fraud Risk Management, APAC",Wells Fargo
https://www.linkedin.com/in/gurpreet-dhaliwal-9b74a91b/,Gurpreet Dhaliwal,Nov 2010 - Nov 2014,Hong Kong,"Vice President - Anti-Money Laundering, Economic Sanctions and Anti-Bribery & Corruption",Citi
https://www.linkedin.com/in/peeyush-agarwal-8ba5081/,Peeyush Agarwal,Nov 2018 - Present,Singapore,APAC Lead - Sales GTM Strategy & Operations (Devices & Services Partnerships),Google
https://www.linkedin.com/in/peeyush-agarwal-8ba5081/,Peeyush Agarwal,Feb 2015 - Oct 2018,Singapore,iPhone Launch Program Manager (APAC),Apple
https://www.linkedin.com/in/peeyush-agarwal-8ba5081/,Peeyush Agarwal,Jun 2014 - Aug 2014,"Berlin Area, Germany",Venture Associate (MBA Summer Intern),EPIC Companies
https://www.linkedin.com/in/peeyush-agarwal-8ba5081/,Peeyush Agarwal,Jun 2011 - Dec 2013,,Junior Associate,McKinsey & Company
https://www.linkedin.com/in/peeyush-agarwal-8ba5081/,Peeyush Agarwal,Jul 2008 - Jun 2011,,Analyst,McKinsey & Company
https://www.linkedin.com/in/peeyush-agarwal-8ba5081/,Peeyush Agarwal,May 2006 - Jul 2006,"Pune Area, India",Summer Engineering Intern,Bharat Forge Ltd
