﻿employee_url,name,duration,location,job_title,company_name
https://www.linkedin.com/in/divya-dahiya-61b0b153/,Divya Dahiya,Oct 2018 - Present,Singapore,Talent Acquisition - YouTube (Trust & Safety) | Recruiter,Google
https://www.linkedin.com/in/divya-dahiya-61b0b153/,Divya Dahiya,Aug 2017 - Oct 2018,Singapore,Talent Acquisition Specialist | Technical Recruiter - South East Asia,Experian
https://www.linkedin.com/in/divya-dahiya-61b0b153/,Divya Dahiya,Mar 2017 - Aug 2017,Singapore,Sourcing Specialist | Sourcer - South East Asia,Experian
https://www.linkedin.com/in/divya-dahiya-61b0b153/,Divya Dahiya,Mar 2016 - Sep 2016,Singapore,Associate Recruitment Consultant | Sourcer | Researcher - APAC,Spencer-Ogden
https://www.linkedin.com/in/divya-dahiya-61b0b153/,Divya Dahiya,Apr 2012 - Oct 2013,"Gurgaon, India",Human Resources Specialist,LEGEND GROUP OF COMPANY
https://www.linkedin.com/in/minghuilim/,Ming Hui Lim,Jul 2017 - Present,Singapore,"Staffing Channels Specialist (Talent Acquisition), APAC",Google
https://www.linkedin.com/in/minghuilim/,Ming Hui Lim,Apr 2015 - Jul 2017,Singapore,Senior Consultant,PageGroup
https://www.linkedin.com/in/minghuilim/,Ming Hui Lim,Jun 2012 - Apr 2015,Singapore,Specialist - Corporate Actions,Schroders
https://www.linkedin.com/in/minghuilim/,Ming Hui Lim,Aug 2010 - Jun 2012,Singapore,Senior Officer - Corporate Actions,United Overseas Bank Limited
https://www.linkedin.com/in/jaslynnsoh/,Jaslynn Soh,Feb 2020 - Present,Singapore,"Staffing Channels Specialist, APAC",Google
https://www.linkedin.com/in/jaslynnsoh/,Jaslynn Soh,Oct 2018 - Jan 2020,Singapore,"Talent Acquisition, APAC",Carousell
https://www.linkedin.com/in/jaslynnsoh/,Jaslynn Soh,Mar 2018 - Oct 2018,Singapore,"Senior Consultant - Animal Health & Nutrition, APAC",Spencer Ogden
https://www.linkedin.com/in/jaslynnsoh/,Jaslynn Soh,Mar 2016 - Feb 2018,Singapore,"Consultant - Speciality Chemicals, APAC",Spencer Ogden
https://www.linkedin.com/in/jaslynnsoh/,Jaslynn Soh,Jul 2015 - Mar 2016,Singapore,Recruitment Consultant,Capita Pte Ltd - Staffing & Search
https://www.linkedin.com/in/jaslynnsoh/,Jaslynn Soh,Sep 2012 - Mar 2015,Singapore,Senior Events Executive,Trilogy Events Private Limited
https://www.linkedin.com/in/clifford-teo-b51b12b9/,Clifford Teo,Jul 2018 - Present,Singapore,Staffing Channels Specialist (APAC),Google
https://www.linkedin.com/in/clifford-teo-b51b12b9/,Clifford Teo,Feb 2017 - Jun 2018,Singapore,Recruiter,Booking.com
https://www.linkedin.com/in/clifford-teo-b51b12b9/,Clifford Teo,Jun 2015 - Jan 2017,Singapore,Human Resources,Shilla Travel Retail Pte Ltd
https://www.linkedin.com/in/huangluisa/,Luisa Huang,Jan 2020 - Present,Singapore,Recruiter,Google
https://www.linkedin.com/in/huangluisa/,Luisa Huang,Feb 2018 - Jan 2020,"Within 23 wards, Tokyo, Japan",Recruiter,Google
https://www.linkedin.com/in/huangluisa/,Luisa Huang,Aug 2017 - Feb 2018,"Within 23 wards, Tokyo, Japan",Team Manager,Hays
https://www.linkedin.com/in/huangluisa/,Luisa Huang,Oct 2014 - Jul 2017,"Within 23 wards, Tokyo, Japan",Senior Consultant | Recruiting Experts in Sales and Marketing IT,Hays
https://www.linkedin.com/in/zsanettmaizl/,Zsanett Maizl,Feb 2018 - Present,Singapore,Recruiter,Google
https://www.linkedin.com/in/zsanettmaizl/,Zsanett Maizl,Jul 2015 - Feb 2018,Singapore,Team Lead Commercial Recruitment APAC,Booking.com
https://www.linkedin.com/in/zsanettmaizl/,Zsanett Maizl,Jan 2015 - Jun 2015,,Senior Recruiter APAC,Booking.com
https://www.linkedin.com/in/zsanettmaizl/,Zsanett Maizl,Jun 2011 - Dec 2013,"Amsterdam, the Netherlands",Recruiter,Booking.com
https://www.linkedin.com/in/zsanettmaizl/,Zsanett Maizl,Dec 2008 - May 2011,"Amsterdam, the Netherlands",Recruitment Consultant,Undutchables Recruitment Agency
https://www.linkedin.com/in/gunjan-swarup-58bb7510/,Gunjan Swarup,Mar 2019 - Present,Singapore,Staffing Channels Specialist - APAC (Via Optimum Solutions),Google
https://www.linkedin.com/in/gunjan-swarup-58bb7510/,Gunjan Swarup,Apr 2013 - Jul 2016,"Mumbai Area, India",Senior Manager - Human Resources (Talent Acquisition),Asian Paints
https://www.linkedin.com/in/gunjan-swarup-58bb7510/,Gunjan Swarup,Jul 2010 - Apr 2013,"New Delhi Area, India",Manager - Sales HR (North),Asian Paints
https://www.linkedin.com/in/gunjan-swarup-58bb7510/,Gunjan Swarup,May 2007 - Jun 2007,,Summer Intern,Tata Group
https://www.linkedin.com/in/helenleex/,Helen Lee,Dec 2019 - Present,Singapore,Channels Staffing Specialist,Google
https://www.linkedin.com/in/helenleex/,Helen Lee,May 2018 - Oct 2019,Singapore,Consultant - IT Infrastructure,Robert Walters
https://www.linkedin.com/in/helenleex/,Helen Lee,Sep 2016 - Mar 2018,Hong Kong,HR Analyst/ Business Support,Jobable.com
https://www.linkedin.com/in/helenleex/,Helen Lee,Jun 2015 - Sep 2015,Hong Kong,Internship- Banking and Financial Services,Robert Walters
https://www.linkedin.com/in/ray-paleg-182ab884/,Ray Paleg,Aug 2018 - Present,Singapore,Technical Recruiter,Google
https://www.linkedin.com/in/ray-paleg-182ab884/,Ray Paleg,Jun 2016 - Aug 2018,"Mountain View, California",Senior Staffing Services Associate,Google
https://www.linkedin.com/in/ray-paleg-182ab884/,Ray Paleg,Aug 2015 - May 2016,"Athens, Georgia Area",Urban Agriculture Intern,University of Georgia Office of Sustainability
https://www.linkedin.com/in/ray-paleg-182ab884/,Ray Paleg,Jun 2015 - Aug 2015,"Greenbelt, Maryland",Education & Public Outreach Intern,NASA Goddard Space Flight Center
https://www.linkedin.com/in/ray-paleg-182ab884/,Ray Paleg,Jan 2015 - May 2015,"Phuket, Thailand",Research Intern,Shark Guardian
https://www.linkedin.com/in/mdevasia/,Maria Devasia,Apr 2019 - Present,Singapore,Staffing Channels Specialist APAC (via Optimum),Google
https://www.linkedin.com/in/mdevasia/,Maria Devasia,May 2018 - Oct 2018,"Hyderabad Area, India",Talent Analyst,Deloitte India (Offices of the US)
https://www.linkedin.com/in/mdevasia/,Maria Devasia,Apr 2017 - Jun 2017,"Hyderabad Area, India",Talent Summer intern,Deloitte India (Offices of the US)
https://www.linkedin.com/in/mdevasia/,Maria Devasia,Jun 2013 - May 2015,Bangalore,Analyst,Goldman Sachs
https://www.linkedin.com/in/mdevasia/,Maria Devasia,Apr 2012 - May 2012,"Bengaluru, Karnataka, India",Summer Intern,Goldman Sachs
