﻿employee_url,name,duration,location,job_title,company_name
https://www.linkedin.com/in/nicholas-xu-ke-219574a1/,Nicholas Xu Ke,Sep 2017 - Present,Singapore,"Technical Sourcer/Recruiter, APAC",Google
https://www.linkedin.com/in/nicholas-xu-ke-219574a1/,Nicholas Xu Ke,Jul 2016 - Jul 2017,Singapore,Associate Consultant,Ambition
https://www.linkedin.com/in/raghav-5a3035199/,Raghav .,Nov 2019 - Present,Singapore,Internship Technical Analyst,Google        Internship
https://www.linkedin.com/in/fajar-mahdi-fatahilah-22b6bb51/,Fajar Mahdi Fatahilah,Jun 2019 - Present,Singapore,"Staffing, APAC",Google
https://www.linkedin.com/in/fajar-mahdi-fatahilah-22b6bb51/,Fajar Mahdi Fatahilah,Jul 2017 - Jun 2019,"Greater Jakarta Area, Indonesia",Senior Recruiter,Traveloka
https://www.linkedin.com/in/fajar-mahdi-fatahilah-22b6bb51/,Fajar Mahdi Fatahilah,Jul 2017,"Greater Jakarta Area, Indonesia",Associate,Korn Ferry
https://www.linkedin.com/in/fajar-mahdi-fatahilah-22b6bb51/,Fajar Mahdi Fatahilah,Oct 2015 - Jul 2017,"Greater Jakarta Area, Indonesia",Research Associate,Korn Ferry
https://www.linkedin.com/in/fajar-mahdi-fatahilah-22b6bb51/,Fajar Mahdi Fatahilah,Apr 2014 - Jun 2014,"Greater Jakarta Area, Indonesia",Intern,Korn/Ferry International
https://www.linkedin.com/in/fajar-mahdi-fatahilah-22b6bb51/,Fajar Mahdi Fatahilah,Jan 2013 - Dec 2013,Depok,Chairman,Management Student Society (MSS) FEUI
https://www.linkedin.com/in/sumeetsharmasanfrancisco/,Sumeet Sharma,Sep 2017 - Present,Singapore,"Head Of Business Development, Next Billion Users",Google
https://www.linkedin.com/in/sumeetsharmasanfrancisco/,Sumeet Sharma,Mar 2011 - Sep 2017,SFO -> SYD -> SIN,Platforms and Emerging Solutions,YouTube
https://www.linkedin.com/in/sumeetsharmasanfrancisco/,Sumeet Sharma,Oct 2009 - Mar 2011,San Francisco Bay Area,Subject Matter Expert,Autonomy (acquired by HP)
https://www.linkedin.com/in/sumeetsharmasanfrancisco/,Sumeet Sharma,Mar 2007 - Nov 2009,San Francisco Bay Area,Head of Sales Engineering,Recommind Inc. (acquired by OpenText)
https://www.linkedin.com/in/sumeetsharmasanfrancisco/,Sumeet Sharma,Jul 2005 - Mar 2007,San Francisco Bay Area,Head Of Professional Services,Aligo (acquired by Corrigo)
https://www.linkedin.com/in/harsimran-kaur-582b7243/,Harsimran Kaur,Apr 2020 - Present,,"Global Support Lead , Actions on Google(Google Assistant)",Google
https://www.linkedin.com/in/harsimran-kaur-582b7243/,Harsimran Kaur,Jul 2017 - Apr 2020,Singapore,"Review & Support Operations Lead-APAC , Actions on Google(Google Assistant)",Google
https://www.linkedin.com/in/harsimran-kaur-582b7243/,Harsimran Kaur,Aug 2016 - Jul 2017,Singapore,"Strat Ops & Project Mgmt , Advertising Services",Google
https://www.linkedin.com/in/harsimran-kaur-582b7243/,Harsimran Kaur,Oct 2015 - Aug 2016,Singapore,Program Manager - Brand Ads APAC,Google
https://www.linkedin.com/in/harsimran-kaur-582b7243/,Harsimran Kaur,Aug 2014 - Sep 2015,"Gurgaon, India",Vendor Manager,Google
https://www.linkedin.com/in/harsimran-kaur-582b7243/,Harsimran Kaur,Apr 2013 - Jul 2014,"Hyderabad Area, India",Project Manager,Novartis
https://www.linkedin.com/in/harsimran-kaur-582b7243/,Harsimran Kaur,Apr 2012 - Apr 2013,,MBA Student,Indian School of Business        Full-time
https://www.linkedin.com/in/harsimran-kaur-582b7243/,Harsimran Kaur,May 2011 - Apr 2012,"Gurgaon, India",Software Developer,Kondra Systems Inc.
https://www.linkedin.com/in/harsimran-kaur-582b7243/,Harsimran Kaur,Jan 2006 - Apr 2012,"New Delhi Area, India",Partner,Hydrolog Engineers Ltd
https://www.linkedin.com/in/chrysoberylfrancisco/,Chrys Francisco Laguitao,Sep 2019 - Present,Singapore,Senior UX Designer,Google
https://www.linkedin.com/in/chrysoberylfrancisco/,Chrys Francisco Laguitao,Apr 2018 - Sep 2019,"Zürich Area, Switzerland",Senior UX Designer,Google
https://www.linkedin.com/in/chrysoberylfrancisco/,Chrys Francisco Laguitao,Mar 2015 - Apr 2018,"Zürich Area, Switzerland",UX Designer,Google
https://www.linkedin.com/in/chrysoberylfrancisco/,Chrys Francisco Laguitao,Aug 2013 - Dec 2014,"Pittsburgh, Pennsylvania, USA",MHCI Graduate Student,Carnegie Mellon University
https://www.linkedin.com/in/chrysoberylfrancisco/,Chrys Francisco Laguitao,Jun 2014 - Aug 2014,"Mountain View, California, USA",User Experience Design Intern,Google
https://www.linkedin.com/in/chrysoberylfrancisco/,Chrys Francisco Laguitao,May 2010 - Jul 2013,"Manila, Philippines",IT Associate Manager,Procter & Gamble
https://www.linkedin.com/in/chrysoberylfrancisco/,Chrys Francisco Laguitao,May 2009 - Jul 2009,"Manila, Philippines",Real Time Control Information System (RTCIS) Intern,Hewlett-Packard
https://www.linkedin.com/in/jaydjenkins/,Jay Jenkins,Nov 2013 - Present,Singapore,"Tech Strategist and Evangelist - APAC, Google Cloud",Google
https://www.linkedin.com/in/jaydjenkins/,Jay Jenkins,Oct 2010 - Jun 2013,,"Principal Consultant, General Director - Vietnam",SMS Management & Technology
https://www.linkedin.com/in/jaydjenkins/,Jay Jenkins,Sep 2007 - Oct 2010,,BPM Practice Lead,Renewtek Pty Ltd
https://www.linkedin.com/in/jaydjenkins/,Jay Jenkins,Sep 1999 - Sep 2007,,Manager,BearingPoint
https://www.linkedin.com/in/jaydjenkins/,Jay Jenkins,Sep 1998 - Sep 1999,Greater New York City Area,Self-employed,James Jenkins
https://www.linkedin.com/in/genevieveloh/,Genevieve Loh,Mar 2020 - Present,Singapore,"People Consultant / HR Business Partner, Tech APAC",Google
https://www.linkedin.com/in/genevieveloh/,Genevieve Loh,Jun 2019 - Mar 2020,Singapore,"HR Manager / HR Business Partner, SEA & India",Nike
https://www.linkedin.com/in/genevieveloh/,Genevieve Loh,Mar 2018 - Jun 2019,,"Human Resources Manager / HR Business Partner, Southeast Asia",The Walt Disney Company
https://www.linkedin.com/in/genevieveloh/,Genevieve Loh,Jan 2015 - Feb 2018,Singapore,"Assistant Human Resources Manager / HR Business Partner, Southeast Asia",The Walt Disney Company
https://www.linkedin.com/in/genevieveloh/,Genevieve Loh,Aug 2014 - Jan 2015,Singapore,Senior HR Executive / HR Business Partner,StarHub
https://www.linkedin.com/in/genevieveloh/,Genevieve Loh,Jun 2013 - Aug 2014,Singapore,"HR Business Partner / HR Generalist, APAC",TÜV SÜD
https://www.linkedin.com/in/kunal-talwar/,Kunal T.,Nov 2017 - Present,Singapore,"Head of Strategy, Google APAC",Google
https://www.linkedin.com/in/kunal-talwar/,Kunal T.,Jan 2020 - Present,,Adjunct Professor,National University of Singapore
https://www.linkedin.com/in/kunal-talwar/,Kunal T.,Mar 2016 - Nov 2017,,Director,Creador
https://www.linkedin.com/in/kunal-talwar/,Kunal T.,Oct 2014 - Feb 2016,,Principal,The Boston Consulting Group
https://www.linkedin.com/in/kunal-talwar/,Kunal T.,Oct 2012 - Sep 2014,Singapore,Project Leader,The Boston Consulting Group
https://www.linkedin.com/in/kunal-talwar/,Kunal T.,Jun 2009 - Aug 2009,,"Summer Associate, Investment Banking Division",Morgan Stanley
