﻿employee_url,name,duration,location,job_title,company_name
https://www.linkedin.com/in/prajogotio/,Prajogo Tio,2019 - Present,Singapore,Software Engineer,Google
https://www.linkedin.com/in/prajogotio/,Prajogo Tio,2018 - 2019,Singapore,Software Engineer,Sea
https://www.linkedin.com/in/prajogotio/,Prajogo Tio,2017,United States,Software Engineer Intern,YouTube
https://www.linkedin.com/in/prajogotio/,Prajogo Tio,2016,Mountain View,Software Engineer Intern,Google
https://www.linkedin.com/in/prajogotio/,Prajogo Tio,2015,"Ottobrunn, Germany",Software Engineer Intern,Airbus Group
https://www.linkedin.com/in/leowirawan/,Leo Wirawan,Jul 2019 - Present,Singapore,Energy Strategy & Global Infrastructure,Google
https://www.linkedin.com/in/leowirawan/,Leo Wirawan,Jan 2019 - Jul 2019,Hong Kong,"Head - APAC Energy, Utilities & Basic Chemicals Procurement + Int. KAM + Contract Excellence",BASF
https://www.linkedin.com/in/leowirawan/,Leo Wirawan,Jul 2016 - Dec 2018,Hong Kong,Regional Head - Energy Products Procurement + Internal KAM + Excellence in Contracting,BASF
https://www.linkedin.com/in/leowirawan/,Leo Wirawan,Jun 2008 - Jun 2012,Singapore,"Consultant & Director of Multi-Client Studies, Asia",Boutique Management Consulting Firm: MMSA & JJ&A
https://www.linkedin.com/in/leowirawan/,Leo Wirawan,Jun 2006 - Jun 2008,Singapore,Sales - Asia Regional in-charge for Air Products Express (APEX) Services + Application Technology,Air Products
https://www.linkedin.com/in/leowirawan/,Leo Wirawan,Jul 2002 - Jun 2006,Singapore,"Production Superintendent (+ Various Technical, Operations & Management Roles)",Mitsui Chemicals Group        Full-time
https://www.linkedin.com/in/jessyxu/,Jessy Xu,Dec 2018 - Present,Singapore,APAC HRBP Lead,Google
https://www.linkedin.com/in/jessyxu/,Jessy Xu,Apr 2018 - Nov 2018,Singapore,Senior HR Director,Roche
https://www.linkedin.com/in/jessyxu/,Jessy Xu,Sep 2016 - Mar 2018,"The Hague Area, Netherlands","Global Director, Enterprise Business",Knack App
https://www.linkedin.com/in/jessyxu/,Jessy Xu,Sep 2014 - Sep 2016,Hong Kong,"Regional HR Head, Attraction & Transformation",AXA
https://www.linkedin.com/in/jessyxu/,Jessy Xu,Oct 2010 - Sep 2014,Hong Kong,HR Director,Roche Pharmaceuticals
https://www.linkedin.com/in/christineyoong/,Christine Yoong,Aug 2020 - Present,Singapore,"Technology Partnerships, Google Cloud",Google
https://www.linkedin.com/in/christineyoong/,Christine Yoong,Jan 2020 - Aug 2020,Singapore,Founder,Jota.ai
https://www.linkedin.com/in/christineyoong/,Christine Yoong,Feb 2018 - Sep 2019,San Francisco Bay Area,"Strategic Partnerships, Google Cloud",Google
https://www.linkedin.com/in/christineyoong/,Christine Yoong,2016 - 2018,Greater Seattle Area,Business Development,Microsoft
https://www.linkedin.com/in/christineyoong/,Christine Yoong,2015 - 2017,"Kuala Lumpur, Malaysia",Co-Founder and CEO,TheSteps.co
https://www.linkedin.com/in/elliechandet/,Ellie Chandet,May 2020 - Present,Singapore,"Program Specialist, HR Strategy & Operations",Google
https://www.linkedin.com/in/elliechandet/,Ellie Chandet,Nov 2018 - Apr 2020,Singapore,"Senior Associate, Staffing Services, APAC",Google
https://www.linkedin.com/in/elliechandet/,Ellie Chandet,Aug 2019 - Sep 2019,"Greater Boston Area, Mexico City","Talent Outreach Operations, USA & LatAm (Rotation)",Google
https://www.linkedin.com/in/elliechandet/,Ellie Chandet,Jan 2018 - Oct 2018,Singapore,"Associate, Staffing Services, APAC",Google
https://www.linkedin.com/in/elliechandet/,Ellie Chandet,Dec 2016 - Dec 2017,Singapore,"Recruiting Coordinator, APAC (via Hays)",Google
https://www.linkedin.com/in/elliechandet/,Ellie Chandet,Oct 2015 - Nov 2016,Singapore,"HR Executive, APAC",Neurones IT Asia
https://www.linkedin.com/in/elliechandet/,Ellie Chandet,Apr 2015 - Sep 2015,Singapore,"HR Management Trainee, APAC",Neurones IT Asia
https://www.linkedin.com/in/elliechandet/,Ellie Chandet,Jan 2014 - Oct 2014,"Région de Paris, France","Project Manager, EMEA",Sanofi        Internship
https://www.linkedin.com/in/elliechandet/,Ellie Chandet,Sep 2012 - Sep 2013,"Région de Paris, France","Early Career Recruiter, EMEA",Airbus        Apprenticeship
https://www.linkedin.com/in/elliechandet/,Ellie Chandet,Apr 2012 - Sep 2012,"Région de Paris, France",Retail Operations Associate,Louis Vuitton        Internship
https://www.linkedin.com/in/avery-chew-7a1b5b43/,Avery Chew,Jan 2019 - Present,Singapore,"APAC Strategy and Operations Lead, Advertising Services",Google
https://www.linkedin.com/in/avery-chew-7a1b5b43/,Avery Chew,Aug 2014 - Dec 2018,Singapore,Consultant,Bain & Company
https://www.linkedin.com/in/peixianho/,Pei Xian Ho,Sep 2019 - Present,,"Product Marketing Manager, Consumer Apps",Google
https://www.linkedin.com/in/peixianho/,Pei Xian Ho,Aug 2017 - Sep 2019,Singapore,"Associate Product Marketing Manager, Ads Marketing, APAC",Google
https://www.linkedin.com/in/peixianho/,Pei Xian Ho,Aug 2016 - Jan 2017,,Teaching Assistant - Integrated Marketing Communications,SMU - Singapore Management University
https://www.linkedin.com/in/peixianho/,Pei Xian Ho,May 2016 - Jul 2016,,Global Corporate Banking Summer Analyst,OCBC Bank
https://www.linkedin.com/in/peixianho/,Pei Xian Ho,Oct 2015,,P&G CEO Academy,Procter & Gamble
https://www.linkedin.com/in/peixianho/,Pei Xian Ho,May 2015 - Aug 2015,,Research Assistant,LVMH-SMU Asian Luxury Brand Initiative
