﻿employee_url,name,duration,location,job_title,company_name
https://www.linkedin.com/in/navneetkaursran/,Navneet Kaur,May 2018 - Present,Singapore,Channels Staffing Specialist,Google        Full-time
https://www.linkedin.com/in/navneetkaursran/,Navneet Kaur,Oct 2016 - May 2018,Singapore,Regional Recruitment Support Specialist,British Council
https://www.linkedin.com/in/navneetkaursran/,Navneet Kaur,May 2015 - Aug 2015,Singapore,Human Resources Intern,Westpac Banking Corporation
https://www.linkedin.com/in/navneetkaursran/,Navneet Kaur,Jul 2014 - Sep 2014,Singapore,Human Resources Assistant,Harry's Singapore Pte Ltd
https://www.linkedin.com/in/navneetkaursran/,Navneet Kaur,Sep 2012 - Apr 2013,Singapore,Compensation and Benefits Intern,Syngenta Asia Pacific
https://www.linkedin.com/in/shuying-goh-369819152/,Shuying Goh,Sep 2019 - Present,Singapore,"Staffing Channels Specialist, APAC",Google
https://www.linkedin.com/in/shuying-goh-369819152/,Shuying Goh,Sep 2017 - Sep 2019,,Talent Acquisition Executive,KPMG Singapore
https://www.linkedin.com/in/kate-yu-huang-78919453/,Kate (Yu) Huang,Oct 2018 - Present,Singapore,Senior Software Engineer,Google
https://www.linkedin.com/in/kate-yu-huang-78919453/,Kate (Yu) Huang,Aug 2018 - Present,Singapore,Software Engineer,Google
https://www.linkedin.com/in/kate-yu-huang-78919453/,Kate (Yu) Huang,Feb 2015 - Aug 2018,San Francisco Bay Area,Software Engineer,Google
https://www.linkedin.com/in/kate-yu-huang-78919453/,Kate (Yu) Huang,Aug 2011 - Dec 2012,,Software Engineer,MediaTek
https://www.linkedin.com/in/kate-yu-huang-78919453/,Kate (Yu) Huang,Jul 2010 - Sep 2010,"Hsinchu, Taiwan",Software Engineer Intern,MediaTek
https://www.linkedin.com/in/kate-yu-huang-78919453/,Kate (Yu) Huang,Jul 2009 - Sep 2009,Taiwan,Software Engineer Intern,Institute for Information Industry
https://www.linkedin.com/in/stephanie-davis-59917a/,Stephanie Davis,May 2019 - Present,Singapore,"Managing Director, Southeast and South Asia",Google
https://www.linkedin.com/in/stephanie-davis-59917a/,Stephanie Davis,Aug 2017 - May 2019,Singapore,"Country Director, Singapore",Google
https://www.linkedin.com/in/stephanie-davis-59917a/,Stephanie Davis,Apr 2016 - Aug 2017,New Zealand,"Country Director, New Zealand",Google
https://www.linkedin.com/in/stephanie-davis-59917a/,Stephanie Davis,Feb 2013 - Mar 2016,San Francisco Bay Area,"Director, U.S. Travel Industry",Google
https://www.linkedin.com/in/stephanie-davis-59917a/,Stephanie Davis,Jul 2011 - Feb 2013,"Dublin, Ireland and London, England","Head of UKI Online Advertising: Finance, Travel, Retail & Technology",Google
https://www.linkedin.com/in/stephanie-davis-59917a/,Stephanie Davis,Jan 2004 - Jul 2006,"San Jose, California","Managing Director of Market Insights and Research, Knight Ridder Corporate",Knight Ridder
https://www.linkedin.com/in/stephanie-davis-59917a/,Stephanie Davis,Jul 2002 - Jan 2004,"San Jose, California","Major and Key Accounts Advertising Manager, San Jose Mercury News",Knight Ridder
https://www.linkedin.com/in/stephanie-davis-59917a/,Stephanie Davis,1996 - 1998,,Senior Research Analyst & Project Manager,Mercer University Medical School
https://www.linkedin.com/in/justinhiewjianhan/,Justin H.,Aug 2018 - Present,Singapore,APAC Talent Acquisition | Global Business & Operations,Google
https://www.linkedin.com/in/justinhiewjianhan/,Justin H.,Oct 2017 - Aug 2018,Singapore,Senior Recruitment Consultant | Human Resources (APAC),Kerry Consulting
https://www.linkedin.com/in/justinhiewjianhan/,Justin H.,Jun 2014 - Sep 2017,Singapore,Senior Recruitment Consultant,Hays
https://www.linkedin.com/in/smita-ahuja-9168aa60/,Smita Ahuja,Mar 2019 - Present,Singapore,Leadership Staffing,Google
https://www.linkedin.com/in/smita-ahuja-9168aa60/,Smita Ahuja,Sep 2016 - Sep 2018,Singapore,Systems Trainer │Leading systems-centric learning & development in Asia,Hays
https://www.linkedin.com/in/smita-ahuja-9168aa60/,Smita Ahuja,Jun 2012 - Jan 2015,Singapore,Senior Consultant │Recruiting experts in oil & gas,Hays
https://www.linkedin.com/in/smita-ahuja-9168aa60/,Smita Ahuja,Apr 2011 - Jun 2012,Singapore,Recruitment Consultant,Positive Moves        Full-time
https://www.linkedin.com/in/narissa-ho/,Narissa Ho,Jun 2020 - Present,Singapore,Account Strategist,Google        Full-time
https://www.linkedin.com/in/narissa-ho/,Narissa Ho,Oct 2018 - Present,,Lifetime Member,Beta Gamma Sigma
https://www.linkedin.com/in/narissa-ho/,Narissa Ho,Aug 2018 - Jun 2020,Singapore,Client Acquisition and Services Executive,CityHub Holdings Pte Ltd
https://www.linkedin.com/in/narissa-ho/,Narissa Ho,Aug 2017 - Jun 2020,Singapore,Teaching Assistant,Singapore Management University
https://www.linkedin.com/in/narissa-ho/,Narissa Ho,May 2019 - Aug 2019,Singapore,Account Management Business Intern,Google        Internship
https://www.linkedin.com/in/scottbeau/,Scott Beaumont,Mar 2019 - Present,China,"President, Asia Pacific",Google
https://www.linkedin.com/in/scottbeau/,Scott Beaumont,Aug 2013 - Mar 2019,China,"Vice President, Google Greater China & Korea",Google
https://www.linkedin.com/in/scottbeau/,Scott Beaumont,Jan 2009 - Jul 2013,London,"Director, EMEA Partnerships",Google
https://www.linkedin.com/in/scottbeau/,Scott Beaumont,Jan 2005 - Jan 2009,,CEO & Co-Founder,Refresh Mobile
https://www.linkedin.com/in/scottbeau/,Scott Beaumont,2000 - 2005,Bonn & London,"Executive Vice President, Partnerships",T-Mobile International
https://www.linkedin.com/in/scottbeau/,Scott Beaumont,Aug 1994 - Aug 1998,,Equity Analyst - Telecommunications,James Capel & Co/HSBC Investment Bank
https://www.linkedin.com/in/kieranrm/,Kieran Maher,May 2019 - Present,,"Director, APAC Compensation and Benefits",Google
https://www.linkedin.com/in/kieranrm/,Kieran Maher,Aug 2016 - Apr 2019,,Asia Pacific Compensation and Benefits Manager,Google
https://www.linkedin.com/in/kieranrm/,Kieran Maher,Jun 2012 - Jul 2016,,Asia Pacific Benefits Manager,Google
https://www.linkedin.com/in/kieranrm/,Kieran Maher,Apr 2012 - May 2012,,Asia Pacific Benefits Specialist,Google
https://www.linkedin.com/in/kieranrm/,Kieran Maher,Mar 2010 - Feb 2012,,Benefits Team Leader - EMEA and Asia Pacific,Bloomberg LP
https://www.linkedin.com/in/kieranrm/,Kieran Maher,Jun 2006 - Feb 2012,London and Hong Kong,Human Resources Relationship Manager,Bloomberg LP
https://www.linkedin.com/in/leiyuen/,Lei Yuen,Jul 2018 - Present,Singapore,Staffing Services Associate,Google
https://www.linkedin.com/in/leiyuen/,Lei Yuen,Aug 2017 - Jul 2018,Singapore,Recruitment Coordinator,Google
https://www.linkedin.com/in/leiyuen/,Lei Yuen,Jan 2017 - Jun 2017,Singapore,Talent Acquisition Operations Intern,Philips
https://www.linkedin.com/in/leiyuen/,Lei Yuen,May 2016 - Jul 2016,Singapore,HR Intern (International Mobility),STMicroelectronics
https://www.linkedin.com/in/leiyuen/,Lei Yuen,Nov 2013 - Feb 2014,Singapore,Admin Support - CBG Cards & Unsecured Loans,DBS Bank
