﻿employee_url,name,duration,location,job_title,company_name
https://www.linkedin.com/in/b%C3%A1rbara-navarro-67b682b/,Bárbara Navarro,Apr 2019 - Present,Singapore,"Head of Google Cloud, Government Affairs and Public Policy. APAC",Google
https://www.linkedin.com/in/b%C3%A1rbara-navarro-67b682b/,Bárbara Navarro,Nov 2014 - Apr 2019,Hong Kong - Singapore,Public Policy and Government Relations Director at Google Asia Pacific,Google
https://www.linkedin.com/in/b%C3%A1rbara-navarro-67b682b/,Bárbara Navarro,Mar 2008 - Oct 2014,"Madrid, Spain",Public Policy and Government Relations Director at Google South of Europe,Google
https://www.linkedin.com/in/b%C3%A1rbara-navarro-67b682b/,Bárbara Navarro,2015 - Present,,Member of Digital Asia Hub Steering Committee,Digital Asia Hub
https://www.linkedin.com/in/b%C3%A1rbara-navarro-67b682b/,Bárbara Navarro,Feb 2018 - Feb 2019,,Chair of Asia Internet Coalition,AIC
https://www.linkedin.com/in/b%C3%A1rbara-navarro-67b682b/,Bárbara Navarro,Jan 2017 - Feb 2018,,Vice Chair of Asia Cloud Computing Association,ACCA
https://www.linkedin.com/in/b%C3%A1rbara-navarro-67b682b/,Bárbara Navarro,2006 - 2008,"Madrid, Spain",Director of Intellectual Property. Government relations,NBC Universal
https://www.linkedin.com/in/heather-emslie-6b21154/,Heather Emslie,Oct 2018 - Present,Singapore,"APAC Head: G Suite, Google Cloud",Google
https://www.linkedin.com/in/heather-emslie-6b21154/,Heather Emslie,Jul 2017 - Sep 2018,Singapore,Solution Sales Director Modern Workplace (Asia),Microsoft
https://www.linkedin.com/in/heather-emslie-6b21154/,Heather Emslie,May 2014 - Aug 2017,SIngapore,APAC Solution Sales Lead - Productivity Cloud,Microsoft
https://www.linkedin.com/in/heather-emslie-6b21154/,Heather Emslie,Apr 2004 - Jan 2006,"Johannesburg Area, South Africa",Account Manager - Solution Sales,3fifteen
https://www.linkedin.com/in/heather-emslie-6b21154/,Heather Emslie,Dec 2002 - Mar 2004,"Johannesburg Area, South Africa",Project Manager,nVisionIT
https://www.linkedin.com/in/heather-emslie-6b21154/,Heather Emslie,May 2001 - Nov 2002,"Johannesburg Area, South Africa",JD Edwards Report Development Business Analyst,Lafarge
https://www.linkedin.com/in/amit-kumar-jha-2a76b0a1/,Amit Kumar Jha,Sep 2016 - Present,Singapore,Software Developer,Google
https://www.linkedin.com/in/amit-kumar-jha-2a76b0a1/,Amit Kumar Jha,May 2015 - Aug 2015,"Hyderabad Area, India",Intern,Google Summer of Code
https://www.linkedin.com/in/amit-kumar-jha-2a76b0a1/,Amit Kumar Jha,Jan 2015 - Apr 2015,,Teaching Assistant,IIIT Hyderabad
https://www.linkedin.com/in/amit-kumar-jha-2a76b0a1/,Amit Kumar Jha,Sep 2014 - Dec 2014,,Teaching Assistant,IIIT Hyderabad
https://www.linkedin.com/in/gagandeep-singh-nanra-47a5baa/,Gagandeep Singh Nanra,Jan 2018 - Present,Singapore,"Head of Strategy and Sales Operations, India sub-region, Google Cloud",Google
https://www.linkedin.com/in/gagandeep-singh-nanra-47a5baa/,Gagandeep Singh Nanra,Jul 2015 - Dec 2017,Singapore,Consultant,The Boston Consulting Group
https://www.linkedin.com/in/gagandeep-singh-nanra-47a5baa/,Gagandeep Singh Nanra,2013 - May 2015,Singapore,Senior Manager,Carrots Consulting
https://www.linkedin.com/in/gagandeep-singh-nanra-47a5baa/,Gagandeep Singh Nanra,Jan 2012 - Dec 2012,"Fontainebleau, France & Singapore",Full Time MBA Student,INSEAD
https://www.linkedin.com/in/gagandeep-singh-nanra-47a5baa/,Gagandeep Singh Nanra,Jul 2012 - Aug 2012,"Zurich, Switzerland",Core Member of the Start-up team,Start-Up company dealing in online flash sales
https://www.linkedin.com/in/huitingeeo/,Hui Ting Eeo,Jan 2019 - Present,Singapore,APAC Channel Specialist - Technology (via Optimum Solutions),Google
https://www.linkedin.com/in/huitingeeo/,Hui Ting Eeo,May 2017 - Dec 2018,Singapore,"Consultant - Software Applications, Technology | Commerce",Robert Walters
https://www.linkedin.com/in/huitingeeo/,Hui Ting Eeo,May 2016 - May 2017,"Kuala Lumpur, Malaysia",Human Resources Executive,Coach
https://www.linkedin.com/in/huitingeeo/,Hui Ting Eeo,Jun 2014 - May 2016,"Kuala Lumpur, Malaysia",Coordinator,HELP University
https://www.linkedin.com/in/amyhalligannz/,Amy Halligan,Feb 2019 - Present,Singapore,Recruiter | Google Cloud,Google
https://www.linkedin.com/in/amyhalligannz/,Amy Halligan,2018 - 2019,"Bali Province, Indonesia",Founder,Pocket
https://www.linkedin.com/in/amyhalligannz/,Amy Halligan,2016 - 2018,"Auckland, New Zealand",Digital Recruiter,Halo Consulting
https://www.linkedin.com/in/amyhalligannz/,Amy Halligan,2014 - 2016,"Auckland, New Zealand",Digital Recruiter,Potentia IDT Recruitment
https://www.linkedin.com/in/amyhalligannz/,Amy Halligan,2013 - 2014,"Wellington & Wairarapa, New Zealand",Recruiter,Beyond Recruitment
https://www.linkedin.com/in/aamiraltaf/,Aamir Altaf,Jul 2019 - Present,Singapore,Country Head: South Asian Emerging Markets,Google
https://www.linkedin.com/in/aamiraltaf/,Aamir Altaf,Jan 2018 - Jun 2019,Saudi Arabia,Country Marketing Manager - Saudi Arabia,Beiersdorf
https://www.linkedin.com/in/aamiraltaf/,Aamir Altaf,Jan 2016 - Dec 2017,Saudi Arabia,Head of Category & Brand Development - Food,Nestlé
https://www.linkedin.com/in/aamiraltaf/,Aamir Altaf,Jul 2013 - Dec 2015,Saudi Arabia,Shopper Marketing Manager,Nestlé
https://www.linkedin.com/in/aamiraltaf/,Aamir Altaf,Jun 2011 - Jul 2013,"Riyadh, Saudi Arabia",Executive Manager - Customer Value Management and Customer Retention,Etihad Etisalat Co. - Mobily
https://www.linkedin.com/in/aamiraltaf/,Aamir Altaf,Jun 2009 - Jun 2011,"Riyadh, Saudi Arabia",Manager - Customer Experience,Etihad Etisalat Co. - Mobily
https://www.linkedin.com/in/aamiraltaf/,Aamir Altaf,Mar 2008 - Jun 2009,Pakistan,Segment Manager - Prepaid,China Mobile Pakistan - ZONG
https://www.linkedin.com/in/zehao-zach-xiong-0339204b/,Zehao (Zach) Xiong,Sep 2020 - Present,Singapore,YouTube Strategy Associate,Google        Full-time
https://www.linkedin.com/in/zehao-zach-xiong-0339204b/,Zehao (Zach) Xiong,Jan 2020 - Present,Singapore,Interview Coach/ Career Coach,Case Prep Zone        Freelance
https://www.linkedin.com/in/zehao-zach-xiong-0339204b/,Zehao (Zach) Xiong,May 2019 - Present,Singapore,Senior Business Analyst,A.T. Kearney
https://www.linkedin.com/in/zehao-zach-xiong-0339204b/,Zehao (Zach) Xiong,Feb 2015 - Apr 2019,Singapore,Consultant (Japanese Collaboration),Deloitte Consulting SEA
https://www.linkedin.com/in/zehao-zach-xiong-0339204b/,Zehao (Zach) Xiong,Jan 2014 - Mar 2014,Singapore,Ecommerce Consultant Intern,Rakuten
https://www.linkedin.com/in/lingyihu/,Lingyi Hu,Jun 2019 - Present,Singapore,Software Engineer,Google
https://www.linkedin.com/in/lingyihu/,Lingyi Hu,Jul 2018 - Jun 2019,Singapore,Software Engineer,Agoda
https://www.linkedin.com/in/lingyihu/,Lingyi Hu,Jun 2017 - Aug 2017,,Summer Technology Analyst,JPMorgan Chase & Co.
https://www.linkedin.com/in/lingyihu/,Lingyi Hu,Feb 2017 - Apr 2017,,Data Science Intern,AirPublic
https://www.linkedin.com/in/lingyihu/,Lingyi Hu,Jun 2016 - Aug 2016,"Glasgow, United Kingdom",Summer Technology Analyst,JPMorgan Chase & Co.
https://www.linkedin.com/in/ginalim/,Gina Lim,Dec 2015 - Present,Singapore,"Staffing Channels Specialist, APAC",Google        Full-time
https://www.linkedin.com/in/ginalim/,Gina Lim,Feb 2015 - Jul 2015,"Taipei City, Taiwan","Human Resources Department, Intern",DHL
https://www.linkedin.com/in/ginalim/,Gina Lim,May 2014 - Jul 2014,,"Researcher, Intern",Hays Sales & Marketing
https://www.linkedin.com/in/ginalim/,Gina Lim,Mar 2011 - Sep 2011,,"Flight Attendant, Intern",Tiger Airways Singapore Pte Ltd
