﻿employee_url,name,duration,location,job_title,company_name
https://www.linkedin.com/in/bhavya-chandra-8b6b3892/,Bhavya Chandra,Jul 2019 - Present,Singapore,Software Engineer,Google        Full-time
https://www.linkedin.com/in/bhavya-chandra-8b6b3892/,Bhavya Chandra,Jun 2017 - Jun 2019,Singapore,Software Engineer,Visa        Full-time
https://www.linkedin.com/in/bhavya-chandra-8b6b3892/,Bhavya Chandra,Mar 2017 - Jun 2017,Singapore,Android Developer,Holahspace        Part-time
https://www.linkedin.com/in/bhavya-chandra-8b6b3892/,Bhavya Chandra,Jan 2017 - Feb 2017,Singapore,Software Engineer Internship,ZALORA Group        Internship
https://www.linkedin.com/in/bhavya-chandra-8b6b3892/,Bhavya Chandra,Jan 2016 - May 2016,Switzerland,Exchange student Apprentice (Intern),HSR Hochschule für Technik Rapperswil        Internship
https://www.linkedin.com/in/davinkumar/,Davin Kumar,Jul 2019 - Present,Singapore,Staffing Channels Lead APAC,Google
https://www.linkedin.com/in/davinkumar/,Davin Kumar,Oct 2018 - Jun 2019,Singapore secondment,Head of Talent Strategy & Operations,PwC Australia
https://www.linkedin.com/in/davinkumar/,Davin Kumar,Sep 2017 - Oct 2018,"Sydney, Australia",Senior Program Manager,PwC Australia
https://www.linkedin.com/in/davinkumar/,Davin Kumar,Oct 2009 - Mar 2015,Sydney & Singapore,Account Manager,SThree
https://www.linkedin.com/in/mrooke/,Michael Rooke,Mar 2018 - Present,Singapore,Google Cloud Recruiter,Google
https://www.linkedin.com/in/mrooke/,Michael Rooke,Jul 2016 - Mar 2018,Singapore,Principal Consultant,Nicoll Curtin
https://www.linkedin.com/in/mrooke/,Michael Rooke,Apr 2016 - Jul 2016,Singapore,Talent Agent,font
https://www.linkedin.com/in/mrooke/,Michael Rooke,Sep 2014 - Apr 2016,Singapore,Recruitment Consultant (IT BA/PM),Nicoll Curtin
https://www.linkedin.com/in/mrooke/,Michael Rooke,May 2014 - Jul 2014,"Southwark, London",Insurance Claims Case Handling (Review),Momenta Operations
https://www.linkedin.com/in/yentrinh/,Yen Trinh,Nov 2018 - Present,Singapore,"Manager, Global Product Partnerships, South East Asia",Google
https://www.linkedin.com/in/yentrinh/,Yen Trinh,Jan 2015 - Nov 2018,Singapore,"Manager, Content Partnerships, Entertainment, YouTube, Vietnam",Google
https://www.linkedin.com/in/yentrinh/,Yen Trinh,Mar 2013 - Dec 2014,Singapore,Analyst,Delta Partners
https://www.linkedin.com/in/yentrinh/,Yen Trinh,Oct 2012 - Feb 2013,,Independent travelling,Backpack around Vietnam
https://www.linkedin.com/in/yentrinh/,Yen Trinh,May 2012 - Sep 2012,Ho Chi Minh City,Associate (Contract),The Boston Consulting Group
https://www.linkedin.com/in/yentrinh/,Yen Trinh,Dec 2011 - Feb 2012,Vietnam,Advisory Intern,PwC
https://www.linkedin.com/in/ben-king-a910ab4/,Ben King,Aug 2019 - Present,,"Country Director, Google Singapore",Google
https://www.linkedin.com/in/ben-king-a910ab4/,Ben King,Dec 2015 - Aug 2019,Thailand,"Country Director, Google Thailand",Google
https://www.linkedin.com/in/ben-king-a910ab4/,Ben King,Nov 2014 - Dec 2015,Singapore,"Country Manager (interim), Indonesia, Emerging Markets",Google
https://www.linkedin.com/in/ben-king-a910ab4/,Ben King,Dec 2013 - Nov 2014,,"Head of Sales, Thailand",Google
https://www.linkedin.com/in/ben-king-a910ab4/,Ben King,Jan 2012 - Dec 2013,Singapore,"Industry Manager, SEA",Google
https://www.linkedin.com/in/ben-king-a910ab4/,Ben King,Jan 2011 - Jan 2012,,Group Sales Manager,Microsoft Advertising AU
https://www.linkedin.com/in/ben-king-a910ab4/,Ben King,Apr 2008 - Jan 2011,,Advertising Sales Manager,Microsoft Advertising AU
https://www.linkedin.com/in/ben-king-a910ab4/,Ben King,Feb 2007 - Apr 2008,,Account Manager,Ansearch Media
https://www.linkedin.com/in/devrelmanager/,Manikantan Krishnamurthy,Feb 2016 - Present,,"Program Manager, DevRel & Ecosystem",Google
https://www.linkedin.com/in/devrelmanager/,Manikantan Krishnamurthy,Aug 2014 - Feb 2016,,Technical Product Manager - Mobile Apps,Samsung Electronics
https://www.linkedin.com/in/devrelmanager/,Manikantan Krishnamurthy,May 2013 - Sep 2014,,"Multiscreen, Mobile Developer Evangelist at Samsung Asia, Singapore",Samsung Electronics
https://www.linkedin.com/in/devrelmanager/,Manikantan Krishnamurthy,Aug 2009 - Sep 2013,Singapore,Founder | Mobile games | Mobile developer |Mobile apps consultant,Chompgames
https://www.linkedin.com/in/devrelmanager/,Manikantan Krishnamurthy,Jun 2012 - May 2013,,Technical Consultant | Mobile Product manager,i-Sprint Innovations
https://www.linkedin.com/in/devrelmanager/,Manikantan Krishnamurthy,Oct 2011 - Jun 2012,,Technical Services Manager | Evangelist | Developer Relations,Nokia
https://www.linkedin.com/in/devrelmanager/,Manikantan Krishnamurthy,Oct 2009 - Oct 2011,Online,Forum Nokia Champion | Technology specialist | Tech Blogger | Mobile consultant,Nokia
https://www.linkedin.com/in/karmenlim/,Kar Men L.,Aug 2017 - Present,Singapore,"Talent Acquisition Specialist, APAC",Google
https://www.linkedin.com/in/karmenlim/,Kar Men L.,Jul 2015 - Aug 2017,Singapore,Talent Acquisition Specialist (Campus),EY
https://www.linkedin.com/in/karmenlim/,Kar Men L.,Jul 2014 - Jun 2015,Singapore,President,AIESEC Singapore
https://www.linkedin.com/in/karmenlim/,Kar Men L.,May 2012 - Aug 2012,Singapore,Human Resource Intern,Sony Electronics
https://www.linkedin.com/in/simonkahn/,Simon Kahn,Sep 2011 - Present,Singapore,"Chief Marketing Officer, Asia Pacific",Google
https://www.linkedin.com/in/simonkahn/,Simon Kahn,Aug 2008 - Jan 2012,,"Country Manager, Singapore",American Express
https://www.linkedin.com/in/simonkahn/,Simon Kahn,May 2005 - Jul 2008,,"Vice President, Platinum and Centurion Product Management",American Express
https://www.linkedin.com/in/samuele-saini-4723204/,Samuele Saini,Aug 2019 - Present,Singapore,"Head of Sales - Apps E-Commerce Entertainment, Southeast Asia",Google
https://www.linkedin.com/in/samuele-saini-4723204/,Samuele Saini,Mar 2017 - Aug 2019,Singapore,"Head of Strategy & Insights, Southeast Asia",Google
https://www.linkedin.com/in/samuele-saini-4723204/,Samuele Saini,Jun 2020 - Present,Singapore,Private Investor,XA Network
https://www.linkedin.com/in/samuele-saini-4723204/,Samuele Saini,Sep 2007 - Feb 2017,South East Asia,Principal,Boston Consulting Group (BCG)
https://www.linkedin.com/in/samuele-saini-4723204/,Samuele Saini,2006 - 2007,Italy,Consultant,Ayming
https://www.linkedin.com/in/samuele-saini-4723204/,Samuele Saini,2005 - 2006,Italy,Consultant,JMAC
https://www.linkedin.com/in/suchi-sethi-tuli-0145484/,Suchi Sethi Tuli,Aug 2015 - Present,Central Singapore,"Head of Staffing JAPAC, Google Cloud",Google
https://www.linkedin.com/in/suchi-sethi-tuli-0145484/,Suchi Sethi Tuli,2017 - Present,Singapore,Volunteer,INSURANCE FOUNDATION OF INDIA
https://www.linkedin.com/in/suchi-sethi-tuli-0145484/,Suchi Sethi Tuli,Jun 2010 - Jul 2015,,Executive Search and Assessment Consultant,Russell Reynolds Associates
https://www.linkedin.com/in/suchi-sethi-tuli-0145484/,Suchi Sethi Tuli,Aug 2008 - Jun 2010,,Student,Kellogg School of Management
https://www.linkedin.com/in/suchi-sethi-tuli-0145484/,Suchi Sethi Tuli,2002 - 2010,,Director,RIA Insurance Brokers
