﻿employee_url,name,duration,location,job_title,company_name
https://www.linkedin.com/in/paristran/,Paris Tran,Sep 2019 - Present,,"Territory Account Manager, Google Cloud - Vietnam",Google
https://www.linkedin.com/in/paristran/,Paris Tran,Dec 2018 - Sep 2019,Singapore,"Partner Advisor, Google Cloud - Southeast Asia",Google
https://www.linkedin.com/in/paristran/,Paris Tran,Jul 2015 - Nov 2018,,Sales Executive,I-Net Dynamics Pte Ltd
https://www.linkedin.com/in/paristran/,Paris Tran,Jun 2013 - Dec 2014,Singapore,Associate Consultant,HRnet One
https://www.linkedin.com/in/paristran/,Paris Tran,Sep 2010 - Jun 2013,Singapore,Student Ambassador,Singapore Institute of Management
https://www.linkedin.com/in/paristran/,Paris Tran,Mar 2012 - Mar 2013,Singapore,President,SIM Vietnamese Community
https://www.linkedin.com/in/arvind-mathur-0137a84/,Arvind Mathur,Apr 2018 - Present,Singapore,"Director, Leadership Staffing",Google
https://www.linkedin.com/in/arvind-mathur-0137a84/,Arvind Mathur,Dec 2013 - Present,Singapore,Senior Client Partner,Korn Ferry
https://www.linkedin.com/in/arvind-mathur-0137a84/,Arvind Mathur,Jan 2008 - Nov 2013,,Partner,Heidrick & Struggles
https://www.linkedin.com/in/arvind-mathur-0137a84/,Arvind Mathur,Jun 2002 - Jun 2007,,Partner,IBM Global Business Services
https://www.linkedin.com/in/arvind-mathur-0137a84/,Arvind Mathur,1999 - 2002,,Partner,PwC Consulting
https://www.linkedin.com/in/yangjinah/,Jin-Ah Yang,Apr 2018 - Present,Singapore,Content Partnerships Manager,YouTube
https://www.linkedin.com/in/yangjinah/,Jin-Ah Yang,Feb 2016 - Apr 2018,Singapore,Creator Strategist,YouTube
https://www.linkedin.com/in/yangjinah/,Jin-Ah Yang,Nov 2014 - Feb 2016,"Tokyo, Japan",Content Partner Operations Strategist,YouTube
https://www.linkedin.com/in/yangjinah/,Jin-Ah Yang,May 2013 - Oct 2014,Tokyo,Content Partner Operations Manager,YouTube
https://www.linkedin.com/in/yangjinah/,Jin-Ah Yang,Apr 2012 - Mar 2013,"Gangnam-gu, Seoul, Korea",Marketing Specialist,Google        Contract
https://www.linkedin.com/in/yangjinah/,Jin-Ah Yang,Jul 2011 - Dec 2011,Washington D.C. Metro Area,Digital Archiving Intern,WPFW        Internship
https://www.linkedin.com/in/yangjinah/,Jin-Ah Yang,May 2011 - Dec 2011,Washington D.C. Metro Area,Ethnocology & Music Documentary Research Assistant,Georgetown University
https://www.linkedin.com/in/yangjinah/,Jin-Ah Yang,Mar 2010 - Dec 2011,Washington D.C. Metro Area,Assistant,Georgetown University School of Continuing Studies
https://www.linkedin.com/in/christopher-siantar-87422889/,Christopher Siantar,May 2019 - Present,Singapore,"Strategy & Insights Manager, APAC Travel",Google
https://www.linkedin.com/in/christopher-siantar-87422889/,Christopher Siantar,Dec 2017 - Apr 2019,Singapore,"Strategy & Insights Associate, APAC Travel",Google
https://www.linkedin.com/in/christopher-siantar-87422889/,Christopher Siantar,Jul 2017 - Sep 2017,Singapore,Business Intern - Google Marketing Solutions,Google
https://www.linkedin.com/in/christopher-siantar-87422889/,Christopher Siantar,Jun 2016 - Sep 2016,Singapore,Startup Ecosystem Business Development Intern,Amazon Web Services
https://www.linkedin.com/in/christopher-siantar-87422889/,Christopher Siantar,May 2015 - Aug 2015,Singapore,Management Consulting Intern,Accenture
https://www.linkedin.com/in/christopher-siantar-87422889/,Christopher Siantar,Jun 2014 - Aug 2014,Singapore,Intern,Ministry of Trade and Industry (Singapore)
https://www.linkedin.com/in/vrindasingh/,Vrinda Singh,Nov 2019 - Present,Singapore,"Lead - Strategy, Ops & Client Engagement - Large Customer Marketing and Events, APAC",Google
https://www.linkedin.com/in/vrindasingh/,Vrinda Singh,Feb 2018 - Nov 2019,Singapore,Product Marketing Manager,Google
https://www.linkedin.com/in/vrindasingh/,Vrinda Singh,Jun 2014 - Jan 2018,,Senior Industry Analyst,Google
https://www.linkedin.com/in/vrindasingh/,Vrinda Singh,Jun 2013 - Aug 2013,"Paris Area, France",Summer Intern,Coty
https://www.linkedin.com/in/vrindasingh/,Vrinda Singh,Jun 2008 - Oct 2011,"New Delhi Area, India",Senior Associate,Bain & Company
https://www.linkedin.com/in/alexszabo/,Alex Szabo,2020 - Present,Singapore,Head of Strategy and Operations,Google
https://www.linkedin.com/in/alexszabo/,Alex Szabo,Jan 2018 - 2020,"Seocho-gu, Seoul, Korea",Luxury Product and Vertical Lead - The Wall,Samsung Display Solutions
https://www.linkedin.com/in/alexszabo/,Alex Szabo,2015 - 2020,Multiple,Strategy Consultant,Samsung Electronics
https://www.linkedin.com/in/alexszabo/,Alex Szabo,2014,Multiple,Consultant,McKinsey & Company
https://www.linkedin.com/in/alexszabo/,Alex Szabo,Jul 2013 - Aug 2013,Bulgaria,Summer Associate,McKinsey & Company
https://www.linkedin.com/in/tammie-teo/,Tammie Teo,Nov 2019 - Present,Singapore,"Growth Marketing Specialist | Google Pay, Next Billion Users",Google
https://www.linkedin.com/in/tammie-teo/,Tammie Teo,Aug 2018 - Nov 2019,Singapore,"Assistant Consumer Marketing Manager, International Markets",PayPal
https://www.linkedin.com/in/tammie-teo/,Tammie Teo,Sep 2017 - Aug 2018,Singapore,Regional CRM Marketing Analyst,Sephora Digital SEA
https://www.linkedin.com/in/tammie-teo/,Tammie Teo,Jan 2017 - Sep 2017,Singapore,"Digital, Loyalty & Portfolio Marketing Coordinator, APAC",Marriott International
https://www.linkedin.com/in/tammie-teo/,Tammie Teo,Jan 2016 - Jun 2016,Singapore,"Digital Marketing Intern, APAC",Marriott International
https://www.linkedin.com/in/monmanuela/,Monika Manuela Hengki,May 2020 - Aug 2020,,Software Engineer Intern,Google
https://www.linkedin.com/in/monmanuela/,Monika Manuela Hengki,Feb 2020 - Mar 2020,,Software Engineer Intern,Improbable
https://www.linkedin.com/in/monmanuela/,Monika Manuela Hengki,May 2019 - Aug 2019,Singapore,STEP Intern,Google
https://www.linkedin.com/in/monmanuela/,Monika Manuela Hengki,Aug 2018 - Dec 2018,,Undergraduate Teaching Assistant,National University of Singapore
https://www.linkedin.com/in/monmanuela/,Monika Manuela Hengki,May 2018 - Jul 2018,,Software Engineering Intern,Rovo - Find Sports Buddies Nearby
https://www.linkedin.com/in/hyungbinkim/,Hyungbin Danny Kim,Jan 2019 - Present,Singapore,"Head of Business Strategy, APAC Google Customer Solution",Google
https://www.linkedin.com/in/hyungbinkim/,Hyungbin Danny Kim,Nov 2016 - Dec 2018,Singapore,"Strategy & Operation Manager / Principal, APAC Go-To-Market",Google
https://www.linkedin.com/in/hyungbinkim/,Hyungbin Danny Kim,Feb 2014 - Oct 2016,Singapore,"Strategy Lead, APAC Travel",Google
https://www.linkedin.com/in/hyungbinkim/,Hyungbin Danny Kim,Aug 2015 - Present,Singapore,Adjunct Faculty Of Marketing,National University of Singapore
https://www.linkedin.com/in/hyungbinkim/,Hyungbin Danny Kim,Dec 2012 - Jan 2014,Singapore,APAC Retail Senior Analyst,Apple
https://www.linkedin.com/in/hyungbinkim/,Hyungbin Danny Kim,Sep 2008 - Sep 2010,Greater Boston Area,Actuarial Consultant,Ernst & Young
