﻿employee_url,name,duration,location,job_title,company_name
https://www.linkedin.com/in/charlotte-park-0014bb67/,Charlotte Park,Jan 2020 - Present,Singapore,"Associate Lead, Talent and Outreach Programs",Google
https://www.linkedin.com/in/charlotte-park-0014bb67/,Charlotte Park,Apr 2016 - Jan 2020,Singapore,"University Programs Specialist, APAC",Google
https://www.linkedin.com/in/charlotte-park-0014bb67/,Charlotte Park,Nov 2013 - Mar 2016,,Online Candidate Specialist - APAC,Google
https://www.linkedin.com/in/charlotte-park-0014bb67/,Charlotte Park,Jan 2013,"Mexico City Area, Mexico",Program Evaluation Intern,Venture Partners
https://www.linkedin.com/in/charlotte-park-0014bb67/,Charlotte Park,Sep 2012 - Dec 2012,,Digital Learning Intern,WGBH
https://www.linkedin.com/in/charlotte-park-0014bb67/,Charlotte Park,Jan 2012 - Jun 2012,De Vargas Elementary School,Instructional Assistant,Cupertino Union School District
https://www.linkedin.com/in/charlotte-park-0014bb67/,Charlotte Park,Aug 2009 - Aug 2011,"Cheongju, Chungcheongbuk-do, Korea",English Teacher,Chungbuk Province of Education
https://www.linkedin.com/in/arielboh/,Ariel Boh,Apr 2019 - Present,Singapore,Recruiting Coordinator,Google
https://www.linkedin.com/in/arielboh/,Ariel Boh,Oct 2017 - Feb 2019,Singapore,Recruitment Executive,Cartrack Asia Pacific
https://www.linkedin.com/in/arielboh/,Ariel Boh,Sep 2015 - Sep 2016,Singapore,"Executive, Projects",SMRT Corporation Ltd
https://www.linkedin.com/in/arielboh/,Ariel Boh,Jan 2014 - Jul 2015,Singapore,HR Solutions Representative,BNP Paribas
https://www.linkedin.com/in/arielboh/,Ariel Boh,Jun 2012 - Aug 2012,Singapore,HR Assistant,Arvato
https://www.linkedin.com/in/raunak-bhandari/,Raunak Bhandari,Aug 2018 - Present,Singapore,Staffing Channels Specialist - APAC Headquarters | Talent Acquisition | DEI Advocate,Google        Full-time
https://www.linkedin.com/in/raunak-bhandari/,Raunak Bhandari,Mar 2017 - Jun 2018,"Bengaluru Area, India",India Talent Lead Generation and Intelligence - Campus Programs and University Relations Manager,Intel Corporation
https://www.linkedin.com/in/raunak-bhandari/,Raunak Bhandari,Oct 2016 - Mar 2017,"Bengaluru Area, India",India Talent Acquisition - Talent Advisor and Consultant | Senior Recruiter | Human Resources,Intel Corporation
https://www.linkedin.com/in/raunak-bhandari/,Raunak Bhandari,Jun 2014 - May 2015,"Bengaluru Area, India",HR Consultant - Global Leadership Development Program (Human Resources),JW Marriott
https://www.linkedin.com/in/raunak-bhandari/,Raunak Bhandari,Aug 2012 - Jan 2013,"Bengaluru Area, India",Human Resources Intern,ITC Hotels
https://www.linkedin.com/in/jocelyn-yap-2b8ba43b/,Jocelyn Yap,Nov 2016 - Present,Singapore,"Recruiter, APAC Staffing Programs (Campus)",Google
https://www.linkedin.com/in/jocelyn-yap-2b8ba43b/,Jocelyn Yap,May 2015 - Nov 2016,,"Recruiter, Campus recruitment (contract via Optimum Solutions)",Google
https://www.linkedin.com/in/jocelyn-yap-2b8ba43b/,Jocelyn Yap,Oct 2013 - May 2015,,"Talent Acquisition Specialist, Campus recruitment",Ernst & Young Solutions LLP
https://www.linkedin.com/in/jocelyn-yap-2b8ba43b/,Jocelyn Yap,Oct 2011 - Oct 2013,,Human Resource Executive,PSB Academy
https://www.linkedin.com/in/jocelyn-yap-2b8ba43b/,Jocelyn Yap,Nov 2010 - Aug 2011,,Human Resource Executive (Contract),Sysmex Asia Pacific Pte. Ltd.
https://www.linkedin.com/in/pandora-leong-81934228/,Pandora Leong,Sep 2019 - Present,,"Staffing Channels Specialist, APAC at Google (via Optimum)",Google
https://www.linkedin.com/in/pandora-leong-81934228/,Pandora Leong,Apr 2018 - Aug 2019,,"Senior Associate, Human Resources",Ministry of Finance (Singapore)
https://www.linkedin.com/in/pandora-leong-81934228/,Pandora Leong,May 2015 - Mar 2018,Singapore,HR Associate,Ministry of Finance (Singapore)
https://www.linkedin.com/in/pandora-leong-81934228/,Pandora Leong,Jun 2013 - May 2015,Singapore,HR Executive (Recruitment),Singapore Airlines
https://www.linkedin.com/in/pandora-leong-81934228/,Pandora Leong,May 2012 - Jul 2012,Singapore,HR Intern,ICAP
https://www.linkedin.com/in/pandora-leong-81934228/,Pandora Leong,May 2011 - Jul 2011,,HR Intern,Sentosa Leisure Group
https://www.linkedin.com/in/vijaysharma-in/,Vijay Sharma,Feb 2020 - Present,Singapore,Staffing Channels Specialist (via RGF),Google
https://www.linkedin.com/in/vijaysharma-in/,Vijay Sharma,Jan 2018 - Dec 2019,Bangalore,"Recruiter, ER- APAC",LinkedIn
https://www.linkedin.com/in/vijaysharma-in/,Vijay Sharma,Jan 2016 - Dec 2017,Bangalore,Team lead - Talent Acquisition,Capgemini
https://www.linkedin.com/in/vijaysharma-in/,Vijay Sharma,Feb 2014 - Jan 2016,Bangalore,Talent Acquisition Specialist,Capgemini
https://www.linkedin.com/in/saphianeo/,Saphia Neo,Oct 2016 - Present,Singapore,"Staffing Channels Specialist, APAC",Google
https://www.linkedin.com/in/saphianeo/,Saphia Neo,Jan 2016 - Sep 2016,Singapore,Recruitment Consultant | Accountancy & Finance,Drake International
https://www.linkedin.com/in/saphianeo/,Saphia Neo,2010 - 2015,Singapore,General Education Officer (Secondary),"Ministry of Education, Singapore (MOE)"
https://www.linkedin.com/in/saphianeo/,Saphia Neo,Jun 2008 - Aug 2008,Singapore,Summer Intern,"The Learning Lab, Singapore"
https://www.linkedin.com/in/janice-chee/,Janice Chee,Jun 2019 - Present,Singapore,"APAC Talent Acquisition, Cloud Staffing (Optimum Solutions)",Google
https://www.linkedin.com/in/janice-chee/,Janice Chee,Jan 2018 - May 2019,Singapore and Hong Kong,Senior Associate | Financial Services (Part of Hydrogen Group),Argyll Scott
https://www.linkedin.com/in/janice-chee/,Janice Chee,Apr 2016 - May 2019,Singapore and Hong Kong,Consultant | Financial Services,Hydrogen Group
https://www.linkedin.com/in/janice-chee/,Janice Chee,Nov 2014 - Apr 2016,Singapore,Personnel Consultant,Adecco Singapore
