﻿employee_url,name,duration,location,job_title,company_name
https://www.linkedin.com/in/beixian-bx-tang-12835829/,Beixian (bx) Tang,Sep 2019 - Present,Singapore,Program Manager,Google
https://www.linkedin.com/in/beixian-bx-tang-12835829/,Beixian (bx) Tang,May 2015 - Sep 2019,Singapore,HR Operations,Google
https://www.linkedin.com/in/beixian-bx-tang-12835829/,Beixian (bx) Tang,Apr 2018 - Dec 2018,Singapore,"Strategic Partner Manager (Travel Partnerships, rotation)",Google
https://www.linkedin.com/in/beixian-bx-tang-12835829/,Beixian (bx) Tang,Jan 2014 - Apr 2015,Singapore,Commercial Performance Improvement,BP
https://www.linkedin.com/in/beixian-bx-tang-12835829/,Beixian (bx) Tang,Jun 2011 - Dec 2013,Singapore,Manager,PwC
https://www.linkedin.com/in/beixian-bx-tang-12835829/,Beixian (bx) Tang,Oct 2009 - Apr 2011,Singapore,"Senior Associate, Advisory - Performance Improvement",Ernst & Young
https://www.linkedin.com/in/beixian-bx-tang-12835829/,Beixian (bx) Tang,Sep 2008 - Oct 2009,Singapore,Analyst,aAdvantage Consulting Pte Ltd
https://www.linkedin.com/in/cathy-xue-liu-cih-csp-19b30241/,"Cathy Xue Liu, CIH, CSP",Jan 2020 - Present,Singapore,EHS Program Manager,Google        Full-time
https://www.linkedin.com/in/cathy-xue-liu-cih-csp-19b30241/,"Cathy Xue Liu, CIH, CSP",Nov 2018 - Dec 2019,Singapore,Global EHS Senior Program Manager,Micron Semiconductor Asia Pte Ltd
https://www.linkedin.com/in/cathy-xue-liu-cih-csp-19b30241/,"Cathy Xue Liu, CIH, CSP",May 2015 - Nov 2018,Singapore,EHS Manager,Micron Semiconductor Asia Pte Ltd
https://www.linkedin.com/in/cathy-xue-liu-cih-csp-19b30241/,"Cathy Xue Liu, CIH, CSP",Oct 2011 - Apr 2015,Singapore,Industrial Hygiene Consultant,Golder Associates
https://www.linkedin.com/in/cathy-xue-liu-cih-csp-19b30241/,"Cathy Xue Liu, CIH, CSP",Sep 2009 - May 2011,United States,Graduate Assistant,Saint Louis University
https://www.linkedin.com/in/cathy-xue-liu-cih-csp-19b30241/,"Cathy Xue Liu, CIH, CSP",Nov 2010 - Mar 2011,Greater St. Louis Area,Intern,U.S. Department of Labor
https://www.linkedin.com/in/enric-casals-brufau-459b992/,Enric Casals Brufau,Aug 2019 - Present,Singapore,Regional Director,Booking Holdings (NASDAQ: BKNG)        Full-time
https://www.linkedin.com/in/enric-casals-brufau-459b992/,Enric Casals Brufau,Aug 2019 - Present,,Director,Agoda
https://www.linkedin.com/in/enric-casals-brufau-459b992/,Enric Casals Brufau,2017 - Present,Singapore,Country Head Indonesia,Google
https://www.linkedin.com/in/enric-casals-brufau-459b992/,Enric Casals Brufau,2015 - 2017,Singapore,"Head of Commercialization, Asia Pacific",Google
https://www.linkedin.com/in/enric-casals-brufau-459b992/,Enric Casals Brufau,Nov 2010 - Mar 2014,Singapore,Principal,Monitor Group
https://www.linkedin.com/in/enric-casals-brufau-459b992/,Enric Casals Brufau,Jun 2007 - Nov 2010,,Manager,McKinsey & Company
https://www.linkedin.com/in/ericawongtm/,Erica Wong,Jun 2016 - Present,Singapore,"Editor-in-Chief, Think with Google APAC",Google
https://www.linkedin.com/in/ericawongtm/,Erica Wong,May 2015 - Jun 2016,Singapore,"Managing Editor, Think with Google APAC",Google
https://www.linkedin.com/in/ericawongtm/,Erica Wong,Jun 2011 - May 2015,Singapore,Managing Editor,LUX Magazine
https://www.linkedin.com/in/ericawongtm/,Erica Wong,Jan 2007 - Nov 2010,Hong Kong,Global Sales Manager,LUXE City Guides
https://www.linkedin.com/in/ericawongtm/,Erica Wong,Jun 2004 - Oct 2006,Beijing,Business Development Manager,Quintessentially
https://www.linkedin.com/in/gracechuasj/,Grace Chua,Nov 2019 - Present,Singapore,"Corporate Communications Manager, APAC",Google
https://www.linkedin.com/in/gracechuasj/,Grace Chua,Oct 2018 - Nov 2019,Singapore,Chief Impact Officer (CSR),Experian
https://www.linkedin.com/in/gracechuasj/,Grace Chua,Sep 2018 - Nov 2019,Singapore,APAC Communications Lead,Experian
https://www.linkedin.com/in/gracechuasj/,Grace Chua,May 2019 - Sep 2019,Singapore,Fellow,Company of Good
https://www.linkedin.com/in/gracechuasj/,Grace Chua,Jun 2017 - Jun 2018,Singapore,Communications Lead,Uber
https://www.linkedin.com/in/gracechuasj/,Grace Chua,Dec 2015 - Jun 2017,Singapore,Marketing Manager,Uber
https://www.linkedin.com/in/gracechuasj/,Grace Chua,Dec 2014 - Dec 2015,Singapore,Assistant Marketing Manager,Harper's Bazaar
https://www.linkedin.com/in/gracechuasj/,Grace Chua,Dec 2013 - Dec 2014,Singapore,Senior Marketing Executive,Harper's Bazaar
https://www.linkedin.com/in/rohantiwary/,Rohan Tiwary,Dec 2019 - Present,Singapore,"Head of Partnerships, APAC (Media & Entertainment; News & Publishing)",Google
https://www.linkedin.com/in/rohantiwary/,Rohan Tiwary,Feb 2017 - Nov 2019,Singapore,"Head of Partnerships, APAC (Media & Entertainment)",Google
https://www.linkedin.com/in/rohantiwary/,Rohan Tiwary,Apr 2014 - Feb 2017,India,Large Customer Sales,Google
https://www.linkedin.com/in/rohantiwary/,Rohan Tiwary,Nov 2018 - Present,Singapore,Angel Investor,XA Network
https://www.linkedin.com/in/rohantiwary/,Rohan Tiwary,Sep 2010 - Mar 2014,"New Delhi Area, India",Management Consulting,Accenture
https://www.linkedin.com/in/rohantiwary/,Rohan Tiwary,Dec 2007 - Sep 2010,"New Delhi Area, India",Deputy Chief Manager,Bennett Coleman and Co. Ltd. (Times Group)
https://www.linkedin.com/in/rohantiwary/,Rohan Tiwary,Feb 2005 - Dec 2007,"Mumbai Area, India",Senior Sales Executive,Star TV Network
https://www.linkedin.com/in/mskanwal/,Mohit Singh Kanwal,Feb 2016 - Present,Singapore,Senior Software Engineer,Google
https://www.linkedin.com/in/mskanwal/,Mohit Singh Kanwal,Oct 2014 - Feb 2016,Singapore,Android Developer,Pie.co
https://www.linkedin.com/in/mskanwal/,Mohit Singh Kanwal,Jan 2013 - Sep 2014,Singapore,Android Developer,Garena
https://www.linkedin.com/in/mskanwal/,Mohit Singh Kanwal,Aug 2011 - Aug 2013,Singapore,Open Source Developer,Mozilla Calendar Project
https://www.linkedin.com/in/mskanwal/,Mohit Singh Kanwal,May 2012 - Aug 2012,"Tokyo, Japan",Software Engineering Intern,株式会社SHIFT
https://www.linkedin.com/in/chrisboo/,Kai Hsien Boo,Jul 2020 - Present,Singapore,Software Engineer,Google        Full-time
https://www.linkedin.com/in/chrisboo/,Kai Hsien Boo,Jan 2020 - May 2020,Singapore,Parallel and Distributed Algorithms (CS4231) Teaching Assistant,National University of Singapore
https://www.linkedin.com/in/chrisboo/,Kai Hsien Boo,Jul 2019 - Sep 2019,"Taipei City, Taiwan",Software Engineer Intern,Google
https://www.linkedin.com/in/chrisboo/,Kai Hsien Boo,Jan 2019 - Jun 2019,Singapore,Software Engineer Intern,ViSenze - AI for Visual Commerce
https://www.linkedin.com/in/chrisboo/,Kai Hsien Boo,Jul 2018 - Dec 2018,Singapore,Software Engineering (CS2103T) Teaching Assistant,National University of Singapore
https://www.linkedin.com/in/chrisboo/,Kai Hsien Boo,Mar 2018 - Jun 2018,Singapore,Undergraduate Student Researcher,National University of Singapore
https://www.linkedin.com/in/serena-xu-xiaozhe/,Serena Xu,Jan 2020 - Present,Singapore,Regional Account Manager - Google Cloud,Google
https://www.linkedin.com/in/serena-xu-xiaozhe/,Serena Xu,Aug 2018 - Jan 2020,Singapore,Presales Consultant,Salesforce
https://www.linkedin.com/in/serena-xu-xiaozhe/,Serena Xu,Feb 2018 - Jul 2018,Singapore,Consultant - Technology,Ambition
https://www.linkedin.com/in/serena-xu-xiaozhe/,Serena Xu,Jul 2017 - Jan 2018,Singapore,Associate Consultant - Technology,Ambition
https://www.linkedin.com/in/serena-xu-xiaozhe/,Serena Xu,May 2016 - Aug 2016,Singapore,Data Analyst Intern,ZALORA Group
https://www.linkedin.com/in/serena-xu-xiaozhe/,Serena Xu,May 2015 - Aug 2015,Singapore,SEO Specialist Intern,ShopBack
