﻿employee_url,name,duration,location,job_title,company_name
https://www.linkedin.com/in/andina-badri-96978618/,Andina Badri,Mar 2020 - Present,San Francisco Bay Area,Global lead - YouTube Music Product Marketing & International Markets,Google
https://www.linkedin.com/in/andina-badri-96978618/,Andina Badri,Aug 2019 - Mar 2020,,"International Product Marketing Manger, YouTube Music & Premium",Google
https://www.linkedin.com/in/andina-badri-96978618/,Andina Badri,Aug 2017 - Aug 2019,Singapore,Head of Global Distribution and APAC NBU Marketing - YouTube,Google
https://www.linkedin.com/in/andina-badri-96978618/,Andina Badri,Aug 2015 - Aug 2017,"London, United Kingdom",Global Brand and Innovation Manager - Vype,Nicoventures Ltd
https://www.linkedin.com/in/andina-badri-96978618/,Andina Badri,Sep 2015 - Aug 2016,"London, United Kingdom",Senior Marketing Manager,Stuvia
https://www.linkedin.com/in/andina-badri-96978618/,Andina Badri,Oct 2013 - Oct 2015,,"Regional Brand Manager, Healthcare",Procter & Gamble
https://www.linkedin.com/in/andina-badri-96978618/,Andina Badri,Jan 2010 - Oct 2013,,"Regional Assistant Brand Manager, Beauty Care ASEAN",Procter & Gamble
https://www.linkedin.com/in/dhruv-vohra-718017147/,Dhruv Vohra,Aug 2019 - Present,,Director,Facebook        Full-time
https://www.linkedin.com/in/dhruv-vohra-718017147/,Dhruv Vohra,Aug 2019 - Present,,Member,XA Network (aka Xoogler Angels)
https://www.linkedin.com/in/dhruv-vohra-718017147/,Dhruv Vohra,Apr 2018 - Present,,"Industry Lead - Apps, Commerce and Entertainment, APAC",Google
https://www.linkedin.com/in/dhruv-vohra-718017147/,Dhruv Vohra,Aug 2017 - Present,Singapore,"Head of Industry, Tech & Telecom, South East Asia",Google
https://www.linkedin.com/in/dhruv-vohra-718017147/,Dhruv Vohra,Dec 2012 - Jun 2013,,Project Manager,PRS Legislative Research
https://www.linkedin.com/in/dhruv-vohra-718017147/,Dhruv Vohra,2007 - 2011,India,"Associate, Business Advisory Services",PwC India
https://www.linkedin.com/in/angeline-leow-35694829/,Angeline Leow,May 2016 - Present,Singapore,Head of Singapore Communications,Google
https://www.linkedin.com/in/angeline-leow-35694829/,Angeline Leow,Dec 2019 - Present,,Executive Communications for Southeast Asia,Google
https://www.linkedin.com/in/angeline-leow-35694829/,Angeline Leow,Nov 2014 - May 2016,Singapore,"Asia Pacific Communications Lead, Corporate Services & Real Estate",Goldman Sachs
https://www.linkedin.com/in/angeline-leow-35694829/,Angeline Leow,Oct 2011 - Nov 2014,Singapore,"Assistant Head, Marketing & Communications",Singapore Economic Development Board
https://www.linkedin.com/in/angeline-leow-35694829/,Angeline Leow,Jun 2009 - Sep 2011,Singapore,"Manager, Corporate Communications",Ministry of Manpower
https://www.linkedin.com/in/angeline-leow-35694829/,Angeline Leow,Jan 2008 - Jun 2008,,Intern,Hill & Knowlton
https://www.linkedin.com/in/iqra-shahid/,Iqra Shahid,Sep 2018 - Present,Singapore,"Key Account Manager - Google Marketing Solutions, South Asian Frontier",Google
https://www.linkedin.com/in/iqra-shahid/,Iqra Shahid,May 2017 - Aug 2018,"Karachi, Pakistan",Key Account Executive,British American Tobacco
https://www.linkedin.com/in/iqra-shahid/,Iqra Shahid,Aug 2016 - Apr 2017,"Karachi, Pakistan",CDD Analyst,Standard Chartered Bank
https://www.linkedin.com/in/rachelsteo/,Rachel S Teo,Aug 2019 - Present,Singapore,Government Affairs & Public Policy,Google
https://www.linkedin.com/in/rachelsteo/,Rachel S Teo,Oct 2016 - Aug 2019,Singapore,"Head, Consumer",Singapore Economic Development Board (EDB)
https://www.linkedin.com/in/rachelsteo/,Rachel S Teo,Mar 2016 - Sep 2016,Zurich,Key Account Manager,PwC Switzerland
https://www.linkedin.com/in/rachelsteo/,Rachel S Teo,Feb 2012 - Jul 2015,,Centre Director (India),Singapore Economic Development Board
https://www.linkedin.com/in/rachelsteo/,Rachel S Teo,Jul 2009 - Feb 2012,Singapore,"Assistant Head, Biomedical Sciences Group",Singapore Economic Development Board
https://www.linkedin.com/in/edwinleeatgoogle/,Edwin L.,Mar 2018 - Present,Singapore,"Staffing Channels Specialist, APAC",Google
https://www.linkedin.com/in/edwinleeatgoogle/,Edwin L.,Nov 2016 - Mar 2018,Singapore,Consultant (Human Resources),Cornerstone Global Partners (Operates as CGP in Mainland China)
https://www.linkedin.com/in/edwinleeatgoogle/,Edwin L.,Mar 2015 - Oct 2016,Singapore,Consultant I Human Resources Experts,Hays
https://www.linkedin.com/in/edwinleeatgoogle/,Edwin L.,Feb 2013 - Mar 2015,,AVP | Business Performance Management,HSBC Retail Banking and Wealth Management
https://www.linkedin.com/in/shaifali-nathan/,Shaifali Nathan,Apr 2016 - Present,Singapore,Head - Large Customer Marketing & Events APAC,Google
https://www.linkedin.com/in/shaifali-nathan/,Shaifali Nathan,Sep 2014 - Mar 2016,,"Director, Head of Marketing, Global Merchant Services - Sin & Tha",American Express
https://www.linkedin.com/in/shaifali-nathan/,Shaifali Nathan,Jun 2011 - Aug 2014,singapore,"Director, Head of Insurance - Singapore, Taiwan & Thailand",American Express
https://www.linkedin.com/in/shaifali-nathan/,Shaifali Nathan,Dec 2002 - May 2008,,"Product Manager, Consumer Cards",HSBC
https://www.linkedin.com/in/shaifali-nathan/,Shaifali Nathan,May 2001 - Sep 2002,,Premier Relationship Manager,HSBC
https://www.linkedin.com/in/shaifali-nathan/,Shaifali Nathan,Apr 2000 - Jun 2000,,"Summer Associate, Structured Finance Unit",ABN AMRO
https://www.linkedin.com/in/anish-malhotra-534829/,Anish Malhotra,Feb 2018 - Present,Singapore,South East Asia Head of Customer Engineering,Google
https://www.linkedin.com/in/anish-malhotra-534829/,Anish Malhotra,Jan 2017 - Jan 2018,Singapore,"Asia Head of Solution Engineering, Google Cloud",Google
https://www.linkedin.com/in/anish-malhotra-534829/,Anish Malhotra,Jan 2015 - Dec 2016,,"APAC Head of Sales Engineering, Cloud Platform",Google
https://www.linkedin.com/in/anish-malhotra-534829/,Anish Malhotra,Feb 2013 - Dec 2014,,"Asia Head of Sales Engineering, Google for Work",Google
https://www.linkedin.com/in/anish-malhotra-534829/,Anish Malhotra,May 2012 - Feb 2013,,"Head, Sales Engineering (India)",Google
https://www.linkedin.com/in/anish-malhotra-534829/,Anish Malhotra,Dec 2008 - May 2012,,"Director, Sales Engineering",Salesforce.com
https://www.linkedin.com/in/anish-malhotra-534829/,Anish Malhotra,Dec 2006 - Nov 2008,,Regional Sales Director,Salesforce.com
https://www.linkedin.com/in/anish-malhotra-534829/,Anish Malhotra,Apr 2004 - Jun 2006,,Product Manager,Oracle
https://www.linkedin.com/in/anish-malhotra-534829/,Anish Malhotra,Aug 2002 - Apr 2004,,Product Manager,Quark
https://www.linkedin.com/in/anish-malhotra-534829/,Anish Malhotra,Nov 2000 - Jun 2002,,Senior Java Analyst,Daleen Technologies
https://www.linkedin.com/in/kaylajs/,Kayla Jiao Shen,Mar 2018 - Present,Singapore,Staffing Channels Specialist,Google        Full-time
https://www.linkedin.com/in/kaylajs/,Kayla Jiao Shen,Jan 2017 - Jan 2018,Singapore,Senior HR Associate - Talent Acquisition,Sea
https://www.linkedin.com/in/kaylajs/,Kayla Jiao Shen,Jun 2015 - Dec 2016,Singapore,HR Associate - Talent Acquisition,Sea
https://www.linkedin.com/in/kaylajs/,Kayla Jiao Shen,May 2014 - Aug 2014,Singapore,Talent Development Intern,Caterpillar Inc.        Internship
https://www.linkedin.com/in/kaylajs/,Kayla Jiao Shen,Dec 2013 - Jan 2014,"Xiamen, Fujian, China",Human Resources Intern,Vanke        Internship
https://www.linkedin.com/in/tracygoogle/,Tracy Goh,Jun 2019 - Present,Singapore,Engineering Leadership Staffing - APAC,Google
https://www.linkedin.com/in/tracygoogle/,Tracy Goh,2015 - May 2019,Hong Kong,Director,ChapmanCG
https://www.linkedin.com/in/tracygoogle/,Tracy Goh,2013 - 2015,Singapore,Senior Associate,"The Learning Lab, Singapore"
