﻿employee_url,name,duration,location,job_title,company_name
https://www.linkedin.com/in/meng-wai-tan-5a35a5a/,"Meng Wai, Tan",May 2020 - Present,Singapore,"Head of Public Sector Customer Engineering, Asia Pacific & Japan, Google Cloud",Google        Full-time
https://www.linkedin.com/in/meng-wai-tan-5a35a5a/,"Meng Wai, Tan",Sep 2019 - May 2020,Singapore,"Senior Director & Head of Solution Architecture, GEMs (ASEAN, Korea, Hong Kong & Taiwan)",Red Hat
https://www.linkedin.com/in/meng-wai-tan-5a35a5a/,"Meng Wai, Tan",Sep 2018 - Sep 2019,Singapore,"Director & Head of Solution Architecture, GEMs (ASEAN, Korea, Hong Kong & Taiwan)",Red Hat
https://www.linkedin.com/in/meng-wai-tan-5a35a5a/,"Meng Wai, Tan",Feb 2015 - Apr 2016,,Chief Technologist & Director of Sales Consulting (Pre-sales),Oracle
https://www.linkedin.com/in/meng-wai-tan-5a35a5a/,"Meng Wai, Tan",Dec 2013 - Feb 2015,,Director of Enterprise Architecture & Sales Consulting (Pre-sales),Oracle
https://www.linkedin.com/in/meng-wai-tan-5a35a5a/,"Meng Wai, Tan",2001 - 2007,Singapore,"IT Architect (Pre-sales), Telecommunications Sector, ASEAN",Sun Microsystems
https://www.linkedin.com/in/meng-wai-tan-5a35a5a/,"Meng Wai, Tan",1999 - 2001,Singapore,"Regional Technical Account Manager, ASEAN",SilverStream Software
https://www.linkedin.com/in/meenuh/,Meenu Handa,Nov 2019 - Present,Singapore,"Senior Director, Corporate communications for Google SEA, Payments and NBU",Google
https://www.linkedin.com/in/meenuh/,Meenu Handa,Apr 2019 - Present,Singapore,"Director Communications, Payments and NBU",Google
https://www.linkedin.com/in/meenuh/,Meenu Handa,Apr 2018 - Present,Singapore,"Director Corporate Communications, India and South East Asia",Google Asia Pacific
https://www.linkedin.com/in/meenuh/,Meenu Handa,Nov 2016 - Jul 2018,"Gurgaon, India","Independent Director, Board of Directors",SRL Diagnostics
https://www.linkedin.com/in/meenuh/,Meenu Handa,Jan 2016 - Mar 2018,Gurgaon,"Director Corporate Communications, India",Google
https://www.linkedin.com/in/meenuh/,Meenu Handa,Apr 2013 - Dec 2015,GURGAON,"Director, Corporate Communications, India",AMAZON
https://www.linkedin.com/in/joanne-sun-13a42792/,Joanne (孫加恩) Sun,Apr 2019 - Present,Singapore,"Cloud Recruiter, JAPAC",Google
https://www.linkedin.com/in/joanne-sun-13a42792/,Joanne (孫加恩) Sun,May 2014 - Apr 2019,Singapore,Campus Recruiter,United Microelectronics Corporation (UMC)
https://www.linkedin.com/in/joanne-sun-13a42792/,Joanne (孫加恩) Sun,Oct 2017 - Mar 2019,Singapore,Human Resources Compensation & Benefits,United Microelectronics Corporation (UMC)
https://www.linkedin.com/in/claireledc/,Claire Le,Aug 2020 - Present,"Singapore, Singapore","Account Manager, Large Customer Sales (CPG)",Google        Full-time
https://www.linkedin.com/in/claireledc/,Claire Le,2018 - 2019,"San Francisco, California",Partner Marketing Manager,Beautylish        Full-time
https://www.linkedin.com/in/claireledc/,Claire Le,2016 - 2018,Greater Chicago Area,"MBA, Class of 2018",Northwestern University - Kellogg School of Management
https://www.linkedin.com/in/claireledc/,Claire Le,Jun 2017 - Aug 2017,,Summer Consultant,L.E.K. Consulting
https://www.linkedin.com/in/claireledc/,Claire Le,2016,Vietnam,Digital and Business Development Director,Havas Riverorchid
https://www.linkedin.com/in/colin-marson-a3b15b4/,Colin Marson,Mar 2019 - Present,Singapore,Chairman,Milieu Insight
https://www.linkedin.com/in/colin-marson-a3b15b4/,Colin Marson,Mar 2018 - Present,Singapore,"Head of Google for Education, APAC",Google
https://www.linkedin.com/in/colin-marson-a3b15b4/,Colin Marson,Jan 2014 - Feb 2018,Singapore,CEO APAC,YouGov
https://www.linkedin.com/in/colin-marson-a3b15b4/,Colin Marson,Jun 2010 - Jan 2014,Hong Kong,Co-founder and Managing Director,Decision Fuel
https://www.linkedin.com/in/colin-marson-a3b15b4/,Colin Marson,Jun 2011 - Jun 2013,Singapore,Advisory Board Member,Signal Data
https://www.linkedin.com/in/staciechan/,Stacie Chan,Mar 2018 - Present,Singapore,"Global Product Partnerships Manager, Asia-Pacific",Google
https://www.linkedin.com/in/staciechan/,Stacie Chan,Jan 2016 - Mar 2018,"Mountain View, CA",Global Product Partnerships,Google
https://www.linkedin.com/in/staciechan/,Stacie Chan,Jun 2017 - Oct 2017,Palo Alto,"Business Development Lead, Area120 Startup",Google
https://www.linkedin.com/in/staciechan/,Stacie Chan,Aug 2013 - Jan 2016,"Mountain View, CA","Community Media Manager, Google News",Google
https://www.linkedin.com/in/staciechan/,Stacie Chan,Jul 2012 - Aug 2013,,Regional Editor,"Patch.com, an Aol company"
https://www.linkedin.com/in/staciechan/,Stacie Chan,Jul 2010 - Jul 2012,"Redwood City, CA","Editor, Founder (Redwood City)","Patch.com, an Aol company"
https://www.linkedin.com/in/staciechan/,Stacie Chan,Oct 2009 - May 2010,,Editorial Associate at BNET,CBS Interactive
https://www.linkedin.com/in/staciechan/,Stacie Chan,Jun 2009 - Aug 2009,Greater Los Angeles Area,Investigative News Associate,NBC Universal
https://www.linkedin.com/in/staciechan/,Stacie Chan,Jun 2008 - Sep 2008,Greater Los Angeles Area,Staff Writer,"Eastern Group Publications, Inc"
https://www.linkedin.com/in/jishnu-mohan-48449b4a/,Jishnu Mohan,Mar 2017 - Present,Singapore,Software Engineer,Google
https://www.linkedin.com/in/jishnu-mohan-48449b4a/,Jishnu Mohan,May 2016 - Aug 2016,Mountain View,Software (Site Reliability) Engineering Intern,Google
https://www.linkedin.com/in/jishnu-mohan-48449b4a/,Jishnu Mohan,Dec 2015 - May 2016,Singapore,Engineering Intern,"Expedia, Inc."
https://www.linkedin.com/in/jishnu-mohan-48449b4a/,Jishnu Mohan,Jun 2015 - Sep 2015,Singapore,Data Analyst / Backend Engineer Intern,Holmusk
https://www.linkedin.com/in/jishnu-mohan-48449b4a/,Jishnu Mohan,Aug 2014 - Oct 2014,Singapore,Associate Consultant,Conjunct Consulting
