﻿employee_url,name,duration,location,job_title,company_name
https://www.linkedin.com/in/ingridchiam/,Ingrid Chiam,Aug 2017 - Present,Singapore,Product Marketing Manager | #IamRemarkable Facilitator,Google
https://www.linkedin.com/in/ingridchiam/,Ingrid Chiam,Feb 2016 - Jul 2017,Singapore,"Manager, eCommerce",Shopee
https://www.linkedin.com/in/ingridchiam/,Ingrid Chiam,Oct 2015 - Jan 2016,,"Assistant Manager, Regional Strategic Business Development",Shopee
https://www.linkedin.com/in/ingridchiam/,Ingrid Chiam,Jun 2014 - Sep 2015,Singapore,Management Consultant,Roland Berger
https://www.linkedin.com/in/ingridchiam/,Ingrid Chiam,Jan 2010 - Jan 2014,,Consultant,Accenture
https://www.linkedin.com/in/ingridchiam/,Ingrid Chiam,May 2009 - Aug 2009,Singapore,Summer Intern,Infocomm Investments Pte Ltd
https://www.linkedin.com/in/irashrivastava/,Ira Shrivastava,Jun 2020 - Sep 2020,India,"MBA Intern, Product Strategy & Operations - Google Pay",Google        Internship
https://www.linkedin.com/in/irashrivastava/,Ira Shrivastava,Jun 2019,Singapore,Senior Consultant,Roland Berger
https://www.linkedin.com/in/irashrivastava/,Ira Shrivastava,Jan 2018 - Jun 2019,Singapore,Consultant,Roland Berger
https://www.linkedin.com/in/irashrivastava/,Ira Shrivastava,Jan 2015 - Apr 2016,Singapore,Strategy & Analytics Consultant,IBM
https://www.linkedin.com/in/irashrivastava/,Ira Shrivastava,Sep 2014 - Dec 2014,India,Strategic Initiatives Intern,Intercorp Biotech Limited
https://www.linkedin.com/in/irashrivastava/,Ira Shrivastava,Jul 2013 - Aug 2013,New Delhi,Market Research Intern,BEAM- Simple Money Service
https://www.linkedin.com/in/tkquach/,Thien-Kim Quach,May 2018 - Present,Singapore,Talent Acquisition Specialist,Google
https://www.linkedin.com/in/tkquach/,Thien-Kim Quach,Mar 2016 - May 2018,Singapore,"Human Resource Executive, Finance",International SOS
https://www.linkedin.com/in/tkquach/,Thien-Kim Quach,Aug 2015 - Jan 2016,Greater Atlanta Area,Operations and Programs Executive,Technology Association of Georgia
https://www.linkedin.com/in/tkquach/,Thien-Kim Quach,May 2014 - Jul 2015,Greater New York City Area,"National Operations Lead, Global Citizen Student Exchange Program",AIESEC United States
https://www.linkedin.com/in/tkquach/,Thien-Kim Quach,Jun 2013 - Aug 2013,China,"Quality Control Manager, Southern China",AIESEC in Mainland of China
https://www.linkedin.com/in/dianabritt/,Diana Kane Britt,Apr 2020 - Present,Singapore,Head of Cloud Industry Solutions APAC,Google
https://www.linkedin.com/in/dianabritt/,Diana Kane Britt,Jul 2019 - Apr 2020,Singapore,Head of Google Cloud APAC/Japan - Search & ML/AI,Google
https://www.linkedin.com/in/dianabritt/,Diana Kane Britt,Jan 2017 - Jun 2019,Greater Los Angeles Area,Google Cloud Customer Manager- Media & Entertainment,Google
https://www.linkedin.com/in/dianabritt/,Diana Kane Britt,Jan 2016 - Dec 2017,San Francisco Bay Area,Partner Manager Google Cloud- APAC & Western US,Google
https://www.linkedin.com/in/dianabritt/,Diana Kane Britt,Apr 2010 - Dec 2015,San Francisco Bay Area,Key Strategic Accounts -Sales Manager Google Cloud,Google
https://www.linkedin.com/in/dianabritt/,Diana Kane Britt,Apr 2009 - Apr 2010,,Western Regional Director- Professional Services,Bluewolf
https://www.linkedin.com/in/dianabritt/,Diana Kane Britt,Feb 2006 - Feb 2009,San Francisco Bay Area,"Global ""Key Account"" Sales Executive",Salesforce.com
https://www.linkedin.com/in/dianabritt/,Diana Kane Britt,Feb 1997 - Jan 2006,,Senior Account Executive,Oracle
https://www.linkedin.com/in/wmengtao/,Mengtao W.,Jun 2019 - Present,Singapore,"Staffing Channels Specialist, APAC",Google
https://www.linkedin.com/in/wmengtao/,Mengtao W.,Oct 2017 - May 2019,Singapore,Staffing Channels Specialist (Contract),Google
https://www.linkedin.com/in/wmengtao/,Mengtao W.,May 2016 - Sep 2017,Singapore,Sourcer,Ideal Healthcare - Specialist Recruitment
https://www.linkedin.com/in/wmengtao/,Mengtao W.,Aug 2015 - Feb 2016,China,Recruiter,Hays
https://www.linkedin.com/in/erika-isayama-60857312b/,Erika Isayama,Jul 2019 - Present,Singapore,Account Manager,Google
https://www.linkedin.com/in/erika-isayama-60857312b/,Erika Isayama,Apr 2018 - Present,"Tokyo, Japan",Account Strategist,Google
https://www.linkedin.com/in/erika-isayama-60857312b/,Erika Isayama,Feb 2017,"Tokyo, Japan",Intern,CLSA
https://www.linkedin.com/in/erika-isayama-60857312b/,Erika Isayama,Oct 2016 - Dec 2016,"Tokyo, Japan",Intern,AppSocially
https://www.linkedin.com/in/erika-isayama-60857312b/,Erika Isayama,Jun 2016,"Tokyo, Japan",Intern,The Japan Foundation New York and Center for Global Partnership (CGP)
https://www.linkedin.com/in/erika-isayama-60857312b/,Erika Isayama,Jun 2014 - Apr 2016,"Tokyo, Japan",Media and Design,TEDxWasedaU
https://www.linkedin.com/in/shrutinagani/,Shruti Nagani,Jul 2018 - Present,Singapore,"Program Manager, APAC, Hardware",Google
https://www.linkedin.com/in/shrutinagani/,Shruti Nagani,Jun 2017 - Jun 2018,Singapore,Demand Planner - iPad,Apple
https://www.linkedin.com/in/shrutinagani/,Shruti Nagani,Nov 2014 - Jun 2017,Singapore,Demand Planner -iPhone,Apple
https://www.linkedin.com/in/shrutinagani/,Shruti Nagani,Jul 2012 - May 2014,Singapore,Business Analyst,Barclays Investment Bank
https://www.linkedin.com/in/shrutinagani/,Shruti Nagani,Jul 2007 - May 2012,,Computer Science IDD Graduate,"Indian Institute of Technology, Roorkee"
https://www.linkedin.com/in/shrutinagani/,Shruti Nagani,May 2011 - Jul 2011,,Graduate Analyst,"Barclays Capital, Singapore"
https://www.linkedin.com/in/wanyilee/,Wanyi Lee,Jul 2019 - Present,Singapore,Staffing Channels Associate Lead,Google
https://www.linkedin.com/in/wanyilee/,Wanyi Lee,Nov 2017 - Jul 2019,Singapore,Staffing Business Partner,Google
https://www.linkedin.com/in/wanyilee/,Wanyi Lee,Jun 2016 - Nov 2017,Singapore,Staffing Channels Specialist,Google
https://www.linkedin.com/in/wanyilee/,Wanyi Lee,Jan 2016 - May 2016,Singapore,Principal Recruiter Asia,Spencer-Ogden
https://www.linkedin.com/in/wanyilee/,Wanyi Lee,Jan 2015 - Dec 2015,,Senior Recruiter Asia,Spencer-Ogden
https://www.linkedin.com/in/wanyilee/,Wanyi Lee,Jul 2012 - Jul 2013,Singapore,Analyst Development Program- Analyst,J.P. Morgan
https://www.linkedin.com/in/wanyilee/,Wanyi Lee,May 2011 - Jul 2011,Singapore office,Summer Intern,J.P. Morgan
https://www.linkedin.com/in/wanyilee/,Wanyi Lee,May 2010 - Aug 2010,Singapore office,Summer Intern,DBS Bank
https://www.linkedin.com/in/punkhuri-chawla/,Punkhuri C.,Sep 2019 - Present,Singapore,Policy Specialist,Google
https://www.linkedin.com/in/punkhuri-chawla/,Punkhuri C.,Jan 2019 - Aug 2019,Singapore,Researcher - Intellectual Property Rights,Namazie & Co.
https://www.linkedin.com/in/punkhuri-chawla/,Punkhuri C.,Jun 2019,Singapore,Intern,Narus        Internship
https://www.linkedin.com/in/punkhuri-chawla/,Punkhuri C.,Jun 2017 - Jun 2018,"New Delhi Area, India",Research Analyst,Jindal Initiative on Research in IP and Competition (JIRICO)
https://www.linkedin.com/in/punkhuri-chawla/,Punkhuri C.,Jan 2017 - Feb 2017,"New Delhi Area, India",Legal Intern,Chambers of Senior Advocate Ms. Indira Jaising (Supreme Court of India)
