﻿employee_url,name,duration,location,job_title,company_name
https://www.linkedin.com/in/haliyusof/,Hali Y.,Nov 2019 - Present,Singapore,"Recruiter, APAC",Google
https://www.linkedin.com/in/haliyusof/,Hali Y.,Apr 2018 - Oct 2019,Singapore,"Channels Specialist, APAC",Google
https://www.linkedin.com/in/haliyusof/,Hali Y.,Apr 2017 - Mar 2018,Singapore,"Senior Internal Recruiter, SEA",Robert Walters
https://www.linkedin.com/in/haliyusof/,Hali Y.,Apr 2015 - Mar 2017,Singapore,"Internal Recruiter, SEA",Robert Walters
https://www.linkedin.com/in/haliyusof/,Hali Y.,Jul 2011 - Mar 2015,Singapore,APAC Internal Recruitment Specialist & Projects,Hydrogen Group        Full-time
https://www.linkedin.com/in/haliyusof/,Hali Y.,Jun 2008 - Dec 2008,,Airport Operations,Changi Airport Group        Full-time
https://www.linkedin.com/in/yilin-chiam-aa376886/,Yilin Chiam,Oct 2019 - Present,Singapore,"APAC Talent Acquisition, Google Cloud",Google
https://www.linkedin.com/in/yilin-chiam-aa376886/,Yilin Chiam,May 2018 - Oct 2019,Singapore,Senior Recruitment Consultant,Kelly Services
https://www.linkedin.com/in/yilin-chiam-aa376886/,Yilin Chiam,Jul 2016 - Apr 2018,Singapore,Recruitment Consultant,Kelly Services
https://www.linkedin.com/in/yilin-chiam-aa376886/,Yilin Chiam,May 2016 - Jul 2016,Singapore,APAC HR Specialist,Booking.com
https://www.linkedin.com/in/yilin-chiam-aa376886/,Yilin Chiam,Jan 2015 - Oct 2015,Singapore,HR Shared Services Executive,Kelly Services
https://www.linkedin.com/in/yilin-chiam-aa376886/,Yilin Chiam,Sep 2014 - Dec 2014,Singapore,HR & Finance Executive,Heerema Marine Contractors        Contract
https://www.linkedin.com/in/mabell-lew/,Mabell Lew,Aug 2016 - Present,Singapore,Logistics Program Manager,Google
https://www.linkedin.com/in/mabell-lew/,Mabell Lew,2015 - 2016,Singapore,Supply Chain Analyst,DHL Consulting        Full-time
https://www.linkedin.com/in/mabell-lew/,Mabell Lew,2012 - 2015,Singapore,Solutions Engineer,Menlo Worldwide Logistic Private Limited        Full-time
https://www.linkedin.com/in/doris-tang-22855461/,Doris Tang,Feb 2019 - Present,Singapore,"Account Development Representative, APAC",Google
https://www.linkedin.com/in/doris-tang-22855461/,Doris Tang,Nov 2014 - Feb 2019,Singapore,Inside Sales Executive (Customer Service),TDK
https://www.linkedin.com/in/doris-tang-22855461/,Doris Tang,Mar 2013 - Sep 2014,Singapore,Regional Business Development Executive,Sinotron United Pte Ltd
https://www.linkedin.com/in/doris-tang-22855461/,Doris Tang,Jul 2010 - Dec 2012,Singapore,Freelancer Tour Guide (Part-Time),"Bestlink, LC Planner,"
https://www.linkedin.com/in/stellali0508/,Stella Li,Jul 2019 - Present,Singapore,"Talent Acquisition, APAC at Google ( via Optimum Solutions )",Google        Full-time
https://www.linkedin.com/in/stellali0508/,Stella Li,Jul 2017 - Jul 2019,Singapore,Senior Tech Recruiter / Account Manager,"Evolution Recruitment Solutions, Singapore"
https://www.linkedin.com/in/stellali0508/,Stella Li,Mar 2016 - Jul 2017,Singapore,Recruitment Consultant - Technology,PageGroup
https://www.linkedin.com/in/stellali0508/,Stella Li,Mar 2015 - Feb 2016,"Beijing City, China",Recruitment Consultant - Technology,PageGroup
https://www.linkedin.com/in/stellali0508/,Stella Li,Nov 2014 - Mar 2015,"Beijing City, China",HR Business Partner,Tesla Motors China 特斯拉中国
https://www.linkedin.com/in/stellali0508/,Stella Li,Jul 2012 - Nov 2014,"Beijing City, China",Tech Recruiter,CRM Factory
https://www.linkedin.com/in/yin-tung-lynn-lin-7b38115/,Yin-Tung (Lynn) Lin,Jan 2015 - Present,,APAC Logistic Program Manager,Google
https://www.linkedin.com/in/yin-tung-lynn-lin-7b38115/,Yin-Tung (Lynn) Lin,Jun 2013 - Dec 2014,Singapore,Global Account Manager for Global Multi National Customers,DHL Express Singapore
https://www.linkedin.com/in/yin-tung-lynn-lin-7b38115/,Yin-Tung (Lynn) Lin,Apr 2011 - Jun 2013,Airport Logistics Park of Singapore,"Regional Contract Logistics Solutions Manager, APAC",Expeditors
https://www.linkedin.com/in/yin-tung-lynn-lin-7b38115/,Yin-Tung (Lynn) Lin,Jul 2010 - Apr 2011,Singapore,"Solutions Manager, Contract Logistics Department",Expeditors
https://www.linkedin.com/in/yin-tung-lynn-lin-7b38115/,Yin-Tung (Lynn) Lin,Feb 2009 - Jan 2010,,Procurement Specialist,Hewlett-Packard
https://www.linkedin.com/in/yin-tung-lynn-lin-7b38115/,Yin-Tung (Lynn) Lin,Jun 2008 - Dec 2008,,"Supply Chain Engineering Intern, Disney Parks Supply Chain Management",The Walt Disney Company
https://www.linkedin.com/in/reviyabut/,Revi Yabut,May 2019 - Present,Singapore,New Business Development Consultant,Google
https://www.linkedin.com/in/reviyabut/,Revi Yabut,Jun 2017 - May 2019,Singapore,General Insurance Specialist,Income        Contract
https://www.linkedin.com/in/reviyabut/,Revi Yabut,May 2016 - May 2017,Central Singapore,Senior Inside Sales Representative,PageUp        Full-time
https://www.linkedin.com/in/reviyabut/,Revi Yabut,Jan 2014 - May 2016,Singapore,Senior Lead Generation Specialist/ Events Coordinator,Singapore Press Holdings        Full-time
https://www.linkedin.com/in/reviyabut/,Revi Yabut,Oct 2011 - Jan 2014,Singapore,Inside Sales Team Lead,SeaCAD Technologies Pte Ltd        Full-time
https://www.linkedin.com/in/carlbachman/,Carl Bachman Kharazmi,Nov 2017 - Present,Singapore,Cloud Engineering,Google
https://www.linkedin.com/in/carlbachman/,Carl Bachman Kharazmi,Oct 2015 - Oct 2017,Singapore,Senior Vice President | Cloud Engineering,DBS Bank
https://www.linkedin.com/in/carlbachman/,Carl Bachman Kharazmi,Mar 2014 - Nov 2015,Singapore,APAC Infrastructure Engineering Leader,"IBM | SoftLayer Technologies, Inc."
https://www.linkedin.com/in/carlbachman/,Carl Bachman Kharazmi,Jan 2013 - Mar 2014,"Rotterdam Area, Netherlands",RSM International Full-time MBA in Finance,"Rotterdam School of Management, Erasmus University"
https://www.linkedin.com/in/carlbachman/,Carl Bachman Kharazmi,Jan 2008 - Jan 2013,"Lund, Sweden; Boston, USA",Team Lead and Enterprise Cloud Architect,"Axis Communications, Global leader in Network Video Surveillance"
