﻿employee_url,name,duration,location,job_title,company_name
https://www.linkedin.com/in/scott-palmer-96574934/,Scott Palmer,Jan 2019 - Present,Singapore,"Partnerships Manager, Trust & Safety Vendor Operations",Google
https://www.linkedin.com/in/scott-palmer-96574934/,Scott Palmer,Jun 2016 - Present,,APAC Deal Desk Specialist,Google
https://www.linkedin.com/in/scott-palmer-96574934/,Scott Palmer,Sep 2011 - May 2016,"Watford, United Kingdom",Director of Legal & Compliance,BRE Global
https://www.linkedin.com/in/scott-palmer-96574934/,Scott Palmer,Mar 2009 - Aug 2011,,Contracts Advisor,ERA Technology Ltd
https://www.linkedin.com/in/scott-palmer-96574934/,Scott Palmer,Feb 2007 - Dec 2008,,Contracts Specialist,Oracle Corporation
https://www.linkedin.com/in/googlechristinawong/,Christina Wong,Jul 2017 - Present,Singapore,"Learning & Organizational Development Lead, Asia-Pacific",Google
https://www.linkedin.com/in/googlechristinawong/,Christina Wong,Jan 2018 - Dec 2018,"Taipei City, Taiwan",HR M&A Consultant (Assignment in addition to role),Google
https://www.linkedin.com/in/googlechristinawong/,Christina Wong,Jul 2016 - Jun 2017,Central Singapore,"Learning & Development Program Manager, Asia-Pacific",Google
https://www.linkedin.com/in/googlechristinawong/,Christina Wong,Dec 2014 - Jun 2016,,"Recruiter, Global Business Operation",Google
https://www.linkedin.com/in/googlechristinawong/,Christina Wong,Aug 2011 - Nov 2014,"Within 23 wards, Tokyo, Japan",Senior Recruitment Consultant,Michael Page Japan
https://www.linkedin.com/in/googlechristinawong/,Christina Wong,Aug 2009 - Aug 2011,,Learning Assistant,Cirque du Soleil
https://www.linkedin.com/in/googlechristinawong/,Christina Wong,Aug 2007 - Aug 2008,,Assistant Language Teacher,Japan Exchange and Teaching Programme
https://www.linkedin.com/in/kai-chun-lee-18019593/,Kai Chun Lee,Mar 2018 - Present,Singapore,"Regional Recruiter, Southeast Asia",Google
https://www.linkedin.com/in/kai-chun-lee-18019593/,Kai Chun Lee,Jul 2016 - Mar 2018,Singapore,"Senior Talent Acquisition Partner, ASEAN",Thomson Reuters
https://www.linkedin.com/in/kai-chun-lee-18019593/,Kai Chun Lee,Mar 2014 - Jul 2016,,Senior Consultant,Randstad Singapore
https://www.linkedin.com/in/kai-chun-lee-18019593/,Kai Chun Lee,2013 - 2014,Singapore,Mortgage Banker,OCBC Bank
https://www.linkedin.com/in/hudda/,Ashfaq Hudda,Oct 2020 - Present,Singapore,Interim Head of APAC Vendor Operations,Google
https://www.linkedin.com/in/hudda/,Ashfaq Hudda,Apr 2019 - Present,Singapore,"Manager, Ops & Business Analytics",Google
https://www.linkedin.com/in/hudda/,Ashfaq Hudda,Jul 2016 - Mar 2019,Singapore,Strategy & Operations Lead - Google Asia Pacific,Google
https://www.linkedin.com/in/hudda/,Ashfaq Hudda,Jan 2016 - Jun 2016,San Francisco Bay Area,Marketing Consultant - CX Lab,Google
https://www.linkedin.com/in/hudda/,Ashfaq Hudda,Aug 2014 - Dec 2015,"Hyderabad Area, India",Associate Account Strategist,Google
https://www.linkedin.com/in/hudda/,Ashfaq Hudda,May 2012 - May 2014,"Hyderabad, Telangana, India",Student Brand Manager - College Internship,Red Bull
https://www.linkedin.com/in/adityamahajan2389/,Aditya Mahajan,Sep 2019 - Present,San Francisco Bay Area,Regional Strategy and Analytics Lead,Google
https://www.linkedin.com/in/adityamahajan2389/,Aditya Mahajan,Jun 2018 - Sep 2019,Singapore,Strategy and Analytics Lead - J/ APAC,Google
https://www.linkedin.com/in/adityamahajan2389/,Aditya Mahajan,Aug 2015 - Jun 2018,"Gurgaon, India",Lead Business Analyst,Google
https://www.linkedin.com/in/adityamahajan2389/,Aditya Mahajan,Jan 2015 - Jul 2015,Bangalore,Apprentice Leader,Mu Sigma Inc.
https://www.linkedin.com/in/adityamahajan2389/,Aditya Mahajan,Jul 2014 - Dec 2014,,Associate Manager,Mu Sigma Inc.
https://www.linkedin.com/in/adityamahajan2389/,Aditya Mahajan,Nov 2010 - Mar 2011,"Gurgaon, India",Business Analyst,IBM
https://www.linkedin.com/in/neeraj-gupta-073b945/,Neeraj Gupta,May 2019 - Present,Singapore,Vice President - Google Professional services Asia Pacific,Google
https://www.linkedin.com/in/neeraj-gupta-073b945/,Neeraj Gupta,Oct 2014 - May 2019,Singapore,Managing Director Tech services and Customer Care - APAC,Google
https://www.linkedin.com/in/neeraj-gupta-073b945/,Neeraj Gupta,Aug 2012 - Oct 2014,Singapore,"Director Sales - Technology, Telecom and Consumer Packaged goods",Google
https://www.linkedin.com/in/neeraj-gupta-073b945/,Neeraj Gupta,Aug 2010 - Apr 2012,,"Director, Online Sales and Operations",Google
https://www.linkedin.com/in/neeraj-gupta-073b945/,Neeraj Gupta,2008 - 2010,,General Manager - Public Education and Healthcare,Dell
https://www.linkedin.com/in/neeraj-gupta-073b945/,Neeraj Gupta,2006 - 2010,,General Manager,Dell
https://www.linkedin.com/in/neeraj-gupta-073b945/,Neeraj Gupta,Oct 2000 - Aug 2002,,Consultant,Accenture India
https://www.linkedin.com/in/neeraj-gupta-073b945/,Neeraj Gupta,1998 - 2000,,ASM,Unilever
