﻿employee_url,name,duration,location,job_title,company_name
https://www.linkedin.com/in/vishalpathak/,Vishal Pathak,Jul 2016 - Present,Singapore,"Head of Operations - People Operations, Vendor Management Office",Google
https://www.linkedin.com/in/vishalpathak/,Vishal Pathak,Sep 2010 - Jul 2016,"Gurgaon, India",Director - Strategic Sourcing and Vendor Management,UnitedHealth Group
https://www.linkedin.com/in/vishalpathak/,Vishal Pathak,Apr 2007 - Sep 2010,"Pune Area, India",Associate Vice President,Aviva
https://www.linkedin.com/in/vishalpathak/,Vishal Pathak,Aug 2002 - Apr 2007,"Gurgaon, India",Manager,American Express
https://www.linkedin.com/in/vishalpathak/,Vishal Pathak,May 2002 - Aug 2002,"Gurgaon, India",Operations Associate,Convergys
https://www.linkedin.com/in/mikekim/,Mike Kim,Dec 2019 - Present,Singapore,"Head of Google for Startups, APAC",Google
https://www.linkedin.com/in/mikekim/,Mike Kim,Nov 2016 - Dec 2019,"Gangnam-gu, Seoul, Korea","APAC Partnerships Manager, Google for Startups",Google
https://www.linkedin.com/in/mikekim/,Mike Kim,Nov 2017 - Jan 2019,"Gangnam-gu, Seoul, Korea",Head of Campus Seoul (Interim),Google
https://www.linkedin.com/in/mikekim/,Mike Kim,Nov 2014 - Oct 2016,"Seoul, Korea",Senior Director Corporate Development,(주)우아한형제들 (Woowa Bros.)
https://www.linkedin.com/in/mikekim/,Mike Kim,Jan 2012 - Oct 2014,Mountain View,Business Development,LinkedIn
https://www.linkedin.com/in/mikekim/,Mike Kim,Nov 2009 - Nov 2011,San Francisco,"Director, Business Development",Monster
https://www.linkedin.com/in/mikekim/,Mike Kim,Nov 2008 - Nov 2009,San Francisco,Marketing Manager,Zynga
https://www.linkedin.com/in/jpissaly/,Jean-Philippe ISSALY,Apr 2020 - Present,Singapore,"Partner Development Manager, Google Cloud",Google
https://www.linkedin.com/in/jpissaly/,Jean-Philippe ISSALY,Aug 2018 - Mar 2020,,Asia Azure Gaming Solution Sales,Microsoft
https://www.linkedin.com/in/jpissaly/,Jean-Philippe ISSALY,Sep 2015 - Aug 2018,Singapore,Advanced Analytics Partner & Sales Executive,Microsoft
https://www.linkedin.com/in/jpissaly/,Jean-Philippe ISSALY,Nov 2008 - Jun 2012,"Boulogne-Billancourt Area, France",Sales Manager,Winwise
https://www.linkedin.com/in/jpissaly/,Jean-Philippe ISSALY,Jun 2007 - Jul 2008,Shanghai,Brands Marketing Executive,88BRANDS.com
https://www.linkedin.com/in/monishavaradan/,Monisha Varadan,May 2018 - Present,Singapore,"Lead, Product Partnerships, Chrome/Web/News",Google
https://www.linkedin.com/in/monishavaradan/,Monisha Varadan,Jun 2010 - Present,"London, United Kingdom",Partner,Zephyr Ventures
https://www.linkedin.com/in/monishavaradan/,Monisha Varadan,Jan 2019 - Present,Singapore,Lecturer and Entrepreneur in Residence,INSEAD
https://www.linkedin.com/in/monishavaradan/,Monisha Varadan,Oct 2016 - Mar 2018,Singapore,"Lead, Google Assistant, APAC",Google
https://www.linkedin.com/in/monishavaradan/,Monisha Varadan,May 2013 - Oct 2016,Singapore,"Product Partnerships, Search/Chrome/RMI APAC",Google
https://www.linkedin.com/in/monishavaradan/,Monisha Varadan,Jul 2007 - Jan 2010,,Director/CEO,Rivington Street Corporate Finance
https://www.linkedin.com/in/martarodriguezguerra/,Marta Rodríguez-Guerra,Aug 2018 - Present,Singapore,"Google Business Recruiter, APAC",Google
https://www.linkedin.com/in/martarodriguezguerra/,Marta Rodríguez-Guerra,Mar 2017 - Aug 2018,Singapore,"Cloud Recruiter, APAC",Google
https://www.linkedin.com/in/martarodriguezguerra/,Marta Rodríguez-Guerra,Jan 2015 - Mar 2017,"Zürich Area, Switzerland","Tech Recruiter, EMEA",Google
https://www.linkedin.com/in/martarodriguezguerra/,Marta Rodríguez-Guerra,Sep 2013 - Dec 2014,"Geneva Area, Switzerland",Talent Acquisition,blue-infinity
https://www.linkedin.com/in/martarodriguezguerra/,Marta Rodríguez-Guerra,Sep 2011 - Sep 2013,"Madrid Area, Spain",Tech Recruiter,Antal International
https://www.linkedin.com/in/martarodriguezguerra/,Marta Rodríguez-Guerra,May 2011 - Sep 2011,"Madrid y alrededores, España",Marketing Internship,Air Liquide Medicinal
https://www.linkedin.com/in/tanjody/,Jody Tan,Jan 2019 - Present,Singapore,Technical Leadership Recruiter - APAC,Google
https://www.linkedin.com/in/tanjody/,Jody Tan,2016 - 2018,Singapore,"Account Executive, Talent Solutions, ANZ",LinkedIn
https://www.linkedin.com/in/tanjody/,Jody Tan,2016 - Nov 2016,,Recruitment Consultant - APAC,DSJ Global
https://www.linkedin.com/in/tanjody/,Jody Tan,2015 - 2016,,Managing Consultant,Penrose        Full-time
https://www.linkedin.com/in/tanjody/,Jody Tan,2013 - 2014,,Recruiter,Michael Page        Full-time
https://www.linkedin.com/in/claudiapark01/,Umie Claudia Porter,Jul 2020 - Present,Singapore,HR Business Partner - Core Consumer and YouTube,Google
https://www.linkedin.com/in/claudiapark01/,Umie Claudia Porter,Jul 2019 - Jul 2020,Singapore,Staffing Channels Lead - APAC,Google
https://www.linkedin.com/in/claudiapark01/,Umie Claudia Porter,Jul 2018 - Jul 2019,Singapore,"Talent Acquisition Manager - South East Asia, Malaysia, Hong Kong and Japan",LinkedIn
https://www.linkedin.com/in/claudiapark01/,Umie Claudia Porter,Jan 2017 - Jul 2018,Singapore,APAC Leadership Talent Acquisition Partner (Executive Search),LinkedIn
https://www.linkedin.com/in/claudiapark01/,Umie Claudia Porter,Feb 2014 - Jun 2015,"Sydney, Australia",Talent Acquisition Manager - Group Retail Services,Woolworths Limited
https://www.linkedin.com/in/claudiapark01/,Umie Claudia Porter,Jul 2012 - Feb 2014,,Talent Acquisition Specialist - Multi Option Retail and Marketing (All brands),Woolworths Limited
https://www.linkedin.com/in/claudiapark01/,Umie Claudia Porter,Jan 2012 - Jul 2012,"Sydney, Australia",Senior Consultant - Digital Marketing & eCommerce @ Yahoo!7,Xpand Group
https://www.linkedin.com/in/claudiapark01/,Umie Claudia Porter,Mar 2010 - Dec 2011,,"Recruitment Consultant - Sales, Marketing & Communications - Banking & Financial Services",Robert Walters
https://www.linkedin.com/in/harshil-shah-37b64bba/,Harshil Shah,Feb 2018 - Present,Singapore,Software Engineer,Google
https://www.linkedin.com/in/ria-hoban/,Ria Hoban,May 2020 - Present,Singapore,"Strategic Partnerships Lead, APAC",Google        Full-time
https://www.linkedin.com/in/ria-hoban/,Ria Hoban,Mar 2019 - May 2020,Singapore,Treasurer,American Association of Singapore        Part-time
https://www.linkedin.com/in/ria-hoban/,Ria Hoban,Aug 2018 - May 2020,Singapore,"AAPAC Head of Travel Partnerships, Principal Director",Accenture
https://www.linkedin.com/in/ria-hoban/,Ria Hoban,Feb 2015 - Aug 2018,Singapore,"AAPAC Digital Applied Intelligence Director, Ecosystems and Ventures",Accenture
https://www.linkedin.com/in/ria-hoban/,Ria Hoban,May 2005 - May 2007,,Financial Representative,Northwestern Mutual
