﻿employee_url,name,duration,location,job_title,company_name
https://www.linkedin.com/in/anthony-le-a6605317/,Anthony Le,May 2020 - Present,Singapore,Corporate Strategy & Planning,Google
https://www.linkedin.com/in/anthony-le-a6605317/,Anthony Le,Aug 2018 - Apr 2020,Singapore,Senior Manager (Strategy) and Chief of Staff,Dell Technologies
https://www.linkedin.com/in/anthony-le-a6605317/,Anthony Le,2012 - 2018,"Melbourne, Australia",Manager (Strategy),Monitor Deloitte (ex Monitor Group)
https://www.linkedin.com/in/anthony-le-a6605317/,Anthony Le,2017,"Melbourne, Australia",Consultant Advisor,Junior Adventures Group
https://www.linkedin.com/in/anthony-le-a6605317/,Anthony Le,Nov 2007 - Mar 2012,,Sales Assistant,The Good Guys
https://www.linkedin.com/in/hoangduong1607/,Duong Hoang,Mar 2020 - Present,Singapore,Software Engineer,Google        Full-time
https://www.linkedin.com/in/hoangduong1607/,Duong Hoang,May 2019 - Aug 2019,Singapore,Software Engineer Intern,Google        Internship
https://www.linkedin.com/in/hoangduong1607/,Duong Hoang,May 2018 - Aug 2018,Vietnam,Software Engineer Intern,Anduin Transactions        Internship
https://www.linkedin.com/in/hoangduong1607/,Duong Hoang,Aug 2017 - May 2018,Singapore,Teaching Assistant,National University of Singapore
https://www.linkedin.com/in/hoangduong1607/,Duong Hoang,May 2017 - Aug 2017,Singapore,Software Engineer Intern,Grasshopper         Internship
https://www.linkedin.com/in/erwinhuizenga/,Erwin Huizenga,Aug 2017 - Present,Singapore,Machine Learning Lead APAC,Google
https://www.linkedin.com/in/erwinhuizenga/,Erwin Huizenga,Aug 2020 - Present,Singapore,Mentor Google for Startups,Google
https://www.linkedin.com/in/erwinhuizenga/,Erwin Huizenga,Apr 2019 - Oct 2019,"Amsterdam Area, Netherlands",Plant Research Engineer @Google Tulip Team (20% Project),Google
https://www.linkedin.com/in/erwinhuizenga/,Erwin Huizenga,Jul 2016 - Jul 2017,Huizen,Lead Data Scientist,SAS
https://www.linkedin.com/in/erwinhuizenga/,Erwin Huizenga,Dec 2015 - Jul 2016,"Amsterdam en omgeving, Nederland",Product,IBM
https://www.linkedin.com/in/erwinhuizenga/,Erwin Huizenga,Apr 2014 - Nov 2015,Huizen,Data Scientist,SAS
https://www.linkedin.com/in/erwinhuizenga/,Erwin Huizenga,Mar 2013 - Mar 2014,"Amsterdam Area, Netherlands",Engineering Manager Machine Intelligence,Stormbits        Full-time
https://www.linkedin.com/in/sherrybywong/,Sherry Wong,Oct 2018 - Present,Singapore,"Creator Partnerships, Asia-Pacific",Next 10 Ventures
https://www.linkedin.com/in/sherrybywong/,Sherry Wong,Mar 2011 - Present,,Partnered Content Creator,YouTube
https://www.linkedin.com/in/sherrybywong/,Sherry Wong,2014 - Present,Canada,Founder & Director,Young Scholar
https://www.linkedin.com/in/sherrybywong/,Sherry Wong,2018,"Montreal, Canada Area",Digital Marketer,Vention
https://www.linkedin.com/in/darren-thayre-05044b15/,Darren Thayre,Mar 2020 - Present,Singapore,Head of Digital Transformation and Digital Ventures - JAPAC,Google        Full-time
https://www.linkedin.com/in/darren-thayre-05044b15/,Darren Thayre,Jul 2018 - Mar 2020,"Asia Pacific, Japan and China","Partner, Head of APAC, Japan and China, Technology Practice & Singapore office leader (regional HQ)",Oliver Wyman
https://www.linkedin.com/in/darren-thayre-05044b15/,Darren Thayre,Dec 2015 - Jul 2018,ASEAN,Senior Professional Services Practice Manager - ASEAN,Amazon Web Services (AWS)
https://www.linkedin.com/in/darren-thayre-05044b15/,Darren Thayre,Apr 2014 - Dec 2015,Singapore,Professional Services Practice Manager - ASEAN,Amazon Web Services (AWS)
https://www.linkedin.com/in/darren-thayre-05044b15/,Darren Thayre,Mar 2012 - Apr 2014,United Arab Emirates/Singapore,Regional Director - ASEAN,Citihub Consulting
https://www.linkedin.com/in/darren-thayre-05044b15/,Darren Thayre,Apr 2011 - Mar 2012,,Managing Director Middle East & Asia Pacific,CSTechnology
https://www.linkedin.com/in/darren-thayre-05044b15/,Darren Thayre,Jan 2006 - Apr 2011,Dubai,Senior Consultant,CSTechnology
https://www.linkedin.com/in/rajarshi-lahiri-183b3619/,Rajarshi Lahiri,Jan 2017 - Present,Singapore,"Program Manager, YouTube Asia Pacific",YouTube        Full-time
https://www.linkedin.com/in/rajarshi-lahiri-183b3619/,Rajarshi Lahiri,Jun 2016 - Dec 2016,,"Business Development, Online Partnerships",Google
https://www.linkedin.com/in/rajarshi-lahiri-183b3619/,Rajarshi Lahiri,Sep 2014 - May 2016,,"Strategist, Publisher & App developer solutions",Google
https://www.linkedin.com/in/marija-ralic-05338a11/,Marija Ralic,Jan 2019 - Present,Singapore,"Google.org Lead, Google APAC",Google
https://www.linkedin.com/in/marija-ralic-05338a11/,Marija Ralic,Sep 2015 - Jan 2019,Singapore,"Regional Philanthropies Program Manager, Asia Pacific",Microsoft
https://www.linkedin.com/in/marija-ralic-05338a11/,Marija Ralic,Nov 2013 - Feb 2015,"Munich Area, Germany",Corporate Citizenship Manager at Microsoft HQ Central and Eastern Europe,Microsoft
https://www.linkedin.com/in/marija-ralic-05338a11/,Marija Ralic,Aug 2011 - Oct 2013,,Regional Coordinator for Citizenship and Anti-Piracy,Microsoft
https://www.linkedin.com/in/marija-ralic-05338a11/,Marija Ralic,Nov 2010 - Apr 2011,,External Consultant,Suprima
https://www.linkedin.com/in/marija-ralic-05338a11/,Marija Ralic,Jun 2009 - Jan 2010,,Communication team member,European Baha'i Business Forum EBBF
https://www.linkedin.com/in/khoosujen/,Su Jen Khoo,Feb 2018 - Present,Singapore,Recruiter @Google Cloud,Google
https://www.linkedin.com/in/khoosujen/,Su Jen Khoo,Apr 2016 - Jan 2018,Singapore,Senior Consultant- Projects and Change,Robert Walters
https://www.linkedin.com/in/khoosujen/,Su Jen Khoo,Jun 2015 - Mar 2016,Singapore,Consultant- Project Services and Software Application Technology,Eames Consulting Group
https://www.linkedin.com/in/khoosujen/,Su Jen Khoo,Oct 2013 - May 2015,Malaysia,Senior Consultant - Finance Technology,Hays
https://www.linkedin.com/in/khoosujen/,Su Jen Khoo,Aug 2012 - Aug 2013,Malaysia,Clinical Research Associate,Quintiles
https://www.linkedin.com/in/ciar%C3%A1n-mcgoldrick-5686641a/,Ciarán McGoldrick,Jun 2018 - Present,Singapore,"Head of Partners & Alliances, South East Asia, Google Cloud",Google
https://www.linkedin.com/in/ciar%C3%A1n-mcgoldrick-5686641a/,Ciarán McGoldrick,Feb 2017 - Jun 2018,Singapore,Global Systems Integrator Sales Leader,Pure Storage
https://www.linkedin.com/in/ciar%C3%A1n-mcgoldrick-5686641a/,Ciarán McGoldrick,Apr 2014 - Feb 2017,Singapore,Global Account Manager,Pure Storage
https://www.linkedin.com/in/ciar%C3%A1n-mcgoldrick-5686641a/,Ciarán McGoldrick,Apr 2012 - Apr 2014,Singapore,Global Account Manager,EMC Computer Systems
https://www.linkedin.com/in/ciar%C3%A1n-mcgoldrick-5686641a/,Ciarán McGoldrick,Dec 2010 - Apr 2012,Singapore,"Senior Manager, Inside Sales - Asia-Pacific & Japan",EMC Computer Systems
https://www.linkedin.com/in/ciar%C3%A1n-mcgoldrick-5686641a/,Ciarán McGoldrick,Sep 2009 - Dec 2010,Singapore,"Director, Inside Sales - Sth. East Asia",Oracle
https://www.linkedin.com/in/ciar%C3%A1n-mcgoldrick-5686641a/,Ciarán McGoldrick,Sep 2008 - Sep 2009,,Senior Sales Manager - Sth. East Asia,Oracle
https://www.linkedin.com/in/shreya-rai-6144835/,Shreya Rai,Apr 2020 - Present,Singapore,Talent Acquisition - APAC,Binance
https://www.linkedin.com/in/shreya-rai-6144835/,Shreya Rai,Mar 2018 - Present,Singapore,"Talent Acquisition,Channels Specialist - APAC",Google
https://www.linkedin.com/in/shreya-rai-6144835/,Shreya Rai,2017,Singapore,Senior Consultant - Property,VOLT
https://www.linkedin.com/in/shreya-rai-6144835/,Shreya Rai,Nov 2013 - Dec 2016,Singapore,Consultant at Hays | Recruiting experts in Construction And Property,Hays
https://www.linkedin.com/in/shreya-rai-6144835/,Shreya Rai,Apr 2012 - Aug 2013,Bangalore,Search Consultant,Positive Moves
