﻿employee_url,name,duration,location,job_title,company_name
https://www.linkedin.com/in/rajadutta/,Raja Dutta,Dec 2019 - Present,Singapore,"Country Head, Devices & Services Partnerships, South-East Asia & India,",Google
https://www.linkedin.com/in/rajadutta/,Raja Dutta,Oct 2017 - Dec 2019,Singapore,"Head of APAC GTM Strategy, Google Nest",Google
https://www.linkedin.com/in/rajadutta/,Raja Dutta,Jul 2014 - Oct 2017,"Hyderabad Area, India","Partner, Retail Development, Android and Chrome",Google
https://www.linkedin.com/in/rajadutta/,Raja Dutta,Jul 2011 - Jul 2014,"Hyderabad Area, India","Global Sales Support Manager, EMEA Region",Google
https://www.linkedin.com/in/rajadutta/,Raja Dutta,Aug 2010 - Jul 2011,,Senior Strategy Consultant,IBM
https://www.linkedin.com/in/rajadutta/,Raja Dutta,Mar 2010 - Apr 2010,"London, United Kingdom","Consultant, Global Consulting Project",Ernst & Young
https://www.linkedin.com/in/rajadutta/,Raja Dutta,Jun 2007 - Jun 2009,,Area Sales Manager,Nokia
https://www.linkedin.com/in/rajadutta/,Raja Dutta,May 2005 - Jun 2007,,Territory Manager,Shell
https://www.linkedin.com/in/gary-lim-cw/,Gary Lim,Mar 2020 - Present,,Regional Education Leader,Google        Full-time
https://www.linkedin.com/in/gary-lim-cw/,Gary Lim,Jan 2019 - Dec 2019,Singapore,"Deputy Director, Temasek SkillsFuture Academy",Temasek Polytechnic        Full-time
https://www.linkedin.com/in/gary-lim-cw/,Gary Lim,Jul 2016 - Dec 2018,Singapore,"Director, Education & Skills",Microsoft
https://www.linkedin.com/in/gary-lim-cw/,Gary Lim,Jul 2014 - Jun 2016,Singapore,Education Programs Manager,Microsoft
https://www.linkedin.com/in/gary-lim-cw/,Gary Lim,Dec 2000 - Aug 2013,Singapore,Assistant Manager & Senior Lecturer,Nanyang Polytechnic        Full-time
https://www.linkedin.com/in/elinedebuyser/,Eline De Buyser,Jul 2019 - Present,Singapore,"Strategy & Operations Manager, APAC Marketing",Google
https://www.linkedin.com/in/elinedebuyser/,Eline De Buyser,Oct 2015 - Jun 2019,,Consultant,Bain & Company
https://www.linkedin.com/in/sugandha-pandia-a2095210/,Sugandha Pandia,2018 - Present,,Payments @ Next Billion User,Google
https://www.linkedin.com/in/sugandha-pandia-a2095210/,Sugandha Pandia,Jan 2014 - Dec 2017,Singapore,Engagement Manager,McKinsey & Company
https://www.linkedin.com/in/sugandha-pandia-a2095210/,Sugandha Pandia,Jul 2010 - Dec 2012,Singapore,Associate,Goldman Sachs
https://www.linkedin.com/in/sugandha-pandia-a2095210/,Sugandha Pandia,Jan 2008 - Jul 2010,,Analyst,Goldman Sachs
https://www.linkedin.com/in/phuongbui42/,Cara (Phuong) Bui,Oct 2019 - Present,Singapore,"Product Marketing Manager, Google Search, APAC",Google
https://www.linkedin.com/in/phuongbui42/,Cara (Phuong) Bui,Aug 2018 - Present,Singapore,Sales Team Lead,Google
https://www.linkedin.com/in/phuongbui42/,Cara (Phuong) Bui,Oct 2017 - Jul 2018,Singapore,Key Account Manager,Google
https://www.linkedin.com/in/phuongbui42/,Cara (Phuong) Bui,Jan 2016 - Sep 2017,Singapore,Account Manager,Google
https://www.linkedin.com/in/phuongbui42/,Cara (Phuong) Bui,Feb 2015 - Dec 2015,,New Business Account Manager,Google
https://www.linkedin.com/in/phuongbui42/,Cara (Phuong) Bui,Jul 2013 - Oct 2014,"Ho Chi Minh City, Vietnam",Marketing Lead,ITviec
https://www.linkedin.com/in/phuongbui42/,Cara (Phuong) Bui,Feb 2013 - May 2013,Greater Chicago Area,Marketing Intern,InContext Solutions
https://www.linkedin.com/in/phuongbui42/,Cara (Phuong) Bui,Sep 2012 - Jan 2013,,Academic Peer Advisor,St. Olaf College
https://www.linkedin.com/in/phuongbui42/,Cara (Phuong) Bui,Sep 2010 - Jan 2013,,Student worker,St. Olaf College
https://www.linkedin.com/in/phuongbui42/,Cara (Phuong) Bui,Sep 2012 - Jan 2013,,President,Vietnamese Organization: Inspiring Cultural Engagement (VOICE)
https://www.linkedin.com/in/yamkichan/,Yam Ki Chan,Jun 2018 - Present,Singapore,"Head of Financial Services Policy, Asia-Pacific Google Cloud",Google
https://www.linkedin.com/in/yamkichan/,Yam Ki Chan,Mar 2017 - Jan 2019,Hong Kong,"Head of Public Policy & Government Relations, Hong Kong and South Asia Frontier",Google
https://www.linkedin.com/in/yamkichan/,Yam Ki Chan,Mar 2017 - Jan 2019,,"Head of Energy Public Policy, Asia",Google
https://www.linkedin.com/in/yamkichan/,Yam Ki Chan,Jun 2016 - Present,Washington D.C. Metro Area,Term Member,Council on Foreign Relations
https://www.linkedin.com/in/yamkichan/,Yam Ki Chan,Oct 2014 - Jan 2017,Washington D.C. Metro Area,Director for Global and Asian Economics at the National Security Council Staff,The White House
https://www.linkedin.com/in/yamkichan/,Yam Ki Chan,Mar 2012 - Oct 2014,Washington D.C. Metro Area,International Economist - U.S.-China Strategic & Economic Dialogue (S&ED) Office,U.S. Department of the Treasury
https://www.linkedin.com/in/yamkichan/,Yam Ki Chan,Jan 2011 - Mar 2012,Washington D.C. Metro Area,International Economist/Case Officer - Committee of Foreign Investment in the United States (CFIUS),U.S. Department of the Treasury
https://www.linkedin.com/in/yamkichan/,Yam Ki Chan,2007 - 2008,"Beijing, China",Director,WildChina Company Limited
https://www.linkedin.com/in/yamkichan/,Yam Ki Chan,2006 - 2007,"Beijing, China",Princeton-in-Asia Fellow,WildChina Company Limited
https://www.linkedin.com/in/ryan-rahardjo-a0065578/,Ryan Rahardjo,May 2020 - Present,Singapore,Head of Public Affairs Southeast Asia,Google
https://www.linkedin.com/in/ryan-rahardjo-a0065578/,Ryan Rahardjo,Mar 2019 - May 2020,"Jakarta, Indonesia",Public Policy and Government Affairs Manager,Google
https://www.linkedin.com/in/ryan-rahardjo-a0065578/,Ryan Rahardjo,Sep 2017 - Mar 2019,,Public Policy and Government Affairs Senior Analyst,Google
https://www.linkedin.com/in/ryan-rahardjo-a0065578/,Ryan Rahardjo,Feb 2016 - Sep 2017,,Public Policy & Government Affairs Analyst,Google
https://www.linkedin.com/in/ryan-rahardjo-a0065578/,Ryan Rahardjo,Mar 2015 - Feb 2016,,"Parliamentarians Advocate, Advocacy and Comms Dept",United Nations Population Fund (UNFPA)
https://www.linkedin.com/in/ryan-rahardjo-a0065578/,Ryan Rahardjo,Feb 2010 - Sep 2013,,"External Relations Officer, Political and Security Dept",The ASEAN Secretariat
https://www.linkedin.com/in/ryan-rahardjo-a0065578/,Ryan Rahardjo,Nov 2009 - Feb 2010,,Junior Associate,HD Asia Advisory
https://www.linkedin.com/in/ryan-rahardjo-a0065578/,Ryan Rahardjo,May 2009 - Nov 2009,,Researcher,Parahyangan Centre for International Studies (PACIS)
https://www.linkedin.com/in/michael-tan-97917a29/,Michael Tan,Feb 2018 - Present,Singapore,"Head Of Legal, Google Cloud APAC",Google
https://www.linkedin.com/in/michael-tan-97917a29/,Michael Tan,2008 - Present,,"Head of Legal, Southeast Asia and India Partnerships Legal",Google
https://www.linkedin.com/in/michael-tan-97917a29/,Michael Tan,2006 - 2008,Singapore,Senior Legal Counsel,Yahoo! Southeast Asia
https://www.linkedin.com/in/michael-tan-97917a29/,Michael Tan,2004 - 2006,Singapore,Associate,Baker & McKenzie
