﻿employee_url,name,duration,location,job_title,company_name
https://www.linkedin.com/in/balasch/,Hector Balasch,Oct 2019 - Present,Singapore,"Head of APAC Gaming, Mobile Apps - Asia Pacific",Google
https://www.linkedin.com/in/balasch/,Hector Balasch,Mar 2017 - Oct 2019,San Francisco Bay Area,"Go-to-market & Partnerships Lead, Smart Home IoT - North America",Google
https://www.linkedin.com/in/balasch/,Hector Balasch,Jan 2015 - Mar 2017,"Dublin, Ireland","Strategy & Partnerships Lead, Mobile Monetization - Europe, Middle East & Africa",Google
https://www.linkedin.com/in/balasch/,Hector Balasch,Jan 2013 - Jan 2015,"Dublin, Ireland","Strategic Partner Manager, Web, Apps & VC - Southern Europe",Google
https://www.linkedin.com/in/balasch/,Hector Balasch,Jun 2011 - Jan 2013,"County Dublin, Ireland","Online Sales Associate, eCommerce & News - Spain",Google
https://www.linkedin.com/in/balasch/,Hector Balasch,Jan 2020 - Present,Singapore,"Expert Network Member - Digital Economy, Media & Entertainment and IoT",World Economic Forum
https://www.linkedin.com/in/balasch/,Hector Balasch,Jul 2013 - Dec 2013,"County Dublin, Ireland","New Business Development, NianticLabs@Google - EMEA","Niantic, Inc."
https://www.linkedin.com/in/balasch/,Hector Balasch,Feb 2011 - Jun 2011,"Sant Cugat del Vallès, Barcelona, Spain",R&D Alliances Intern - EMEA,HP        Internship
https://www.linkedin.com/in/michalszczecinski/,Michal Szczecinski,Sep 2019 - Present,Singapore,Data Scientist,Google
https://www.linkedin.com/in/michalszczecinski/,Michal Szczecinski,Mar 2019 - Aug 2019,Hong Kong,"Xccelerate, Hong Kong — Instructor, Data Science & Machine Learning (part time)",Xccelerate
https://www.linkedin.com/in/michalszczecinski/,Michal Szczecinski,May 2015 - Aug 2019,Hong Kong,Head of Data,GoGoVan
https://www.linkedin.com/in/michalszczecinski/,Michal Szczecinski,Oct 2015 - Dec 2015,Hong Kong,Data Analytics Instructor (part time),General Assembly
https://www.linkedin.com/in/michalszczecinski/,Michal Szczecinski,Oct 2013 - May 2015,"Oxford, United Kingdom",Product Analyst,NaturalMotion
https://www.linkedin.com/in/quynh-tram-nguyen-9744623/,Quynh Tram NGUYEN,Nov 2019 - Present,,Country Director Vietnam/Laos/Cambodia,Google
https://www.linkedin.com/in/quynh-tram-nguyen-9744623/,Quynh Tram NGUYEN,Apr 2013 - Nov 2019,,"Vice President, General Manager Vietnam, Myanmar, Laos, Cambodia",FOX Networks Group Asia
https://www.linkedin.com/in/quynh-tram-nguyen-9744623/,Quynh Tram NGUYEN,Nov 2011 - Apr 2013,Vietnam,"Head of Marcom, Events & Alternative Channels",Vietnamobile
https://www.linkedin.com/in/quynh-tram-nguyen-9744623/,Quynh Tram NGUYEN,Mar 2010 - Nov 2011,Vietnam,Chief Marketing Officer,VSTV (K+) - CANAL+ OVERSEAS Investment
https://www.linkedin.com/in/quynh-tram-nguyen-9744623/,Quynh Tram NGUYEN,Feb 2008 - Mar 2010,Vietnam,Executive Director,European Chamber of Commerce in Vietnam
https://www.linkedin.com/in/melissanguyen/,Melissa Nguyen,2016 - Present,Singapore,"Country Sales Director, Vietnam and Thailand",Google
https://www.linkedin.com/in/melissanguyen/,Melissa Nguyen,2014 - 2015,Singapore,Chief Operating and Financial Officer,The DRx Group
https://www.linkedin.com/in/melissanguyen/,Melissa Nguyen,2012 - 2014,Singapore,Director of Sales Excellence,Microsoft
https://www.linkedin.com/in/melissanguyen/,Melissa Nguyen,2004 - 2011,"New York, NY",Managing Director,Silverline Partners
https://www.linkedin.com/in/melissanguyen/,Melissa Nguyen,2002 - 2004,Greater New York City Area,Associate,Dailey Capital Management
https://www.linkedin.com/in/buckyhussain/,Bucky Hussain,Dec 2018 - Present,Singapore,"Strategy, Operations & Analytics, SEA & APAC New Business Sales",Google
https://www.linkedin.com/in/buckyhussain/,Bucky Hussain,Jun 2020 - Present,,"Startup Success Manager, Google for Startups Accelerator: Southeast Asia",Google
https://www.linkedin.com/in/buckyhussain/,Bucky Hussain,Nov 2018 - Present,Singapore,Owner,craftysingaporean        Full-time
https://www.linkedin.com/in/buckyhussain/,Bucky Hussain,Aug 2020 - Present,,Mentor,EthAum Venture Partners        Freelance
https://www.linkedin.com/in/buckyhussain/,Bucky Hussain,Sep 2020 - Present,Singapore,Advisor,KNNB        Freelance
https://www.linkedin.com/in/buckyhussain/,Bucky Hussain,May 2018 - Oct 2018,Singapore,Product & Innovation Lead,EngageRocket
https://www.linkedin.com/in/benjamin-moris-5b51401/,Benjamin Moris,Nov 2016 - Present,,Head of Staffing Channels (Tech) - APAC,Google
https://www.linkedin.com/in/benjamin-moris-5b51401/,Benjamin Moris,Jul 2015 - Nov 2016,,"Head of Online Staffing Channels, APAC",Google
https://www.linkedin.com/in/benjamin-moris-5b51401/,Benjamin Moris,Nov 2014 - Jul 2015,,"Channels Specialist, APAC",Google
https://www.linkedin.com/in/benjamin-moris-5b51401/,Benjamin Moris,Aug 2013 - Oct 2014,Singapore,Engagement Manager,DTCA - Executive Search Partners in Asia
https://www.linkedin.com/in/benjamin-moris-5b51401/,Benjamin Moris,Oct 2010 - Jun 2013,Singapore,Director,CTPartners
https://www.linkedin.com/in/benjamin-moris-5b51401/,Benjamin Moris,Mar 2007 - Sep 2010,Paris & Singapore,Senior Consultant,Michael Page
https://www.linkedin.com/in/benjamin-moris-5b51401/,Benjamin Moris,Mar 2006 - Mar 2007,France,Financial Controller - Purchasing Coordinator,Arkema - Vinyl Compounds Department
https://www.linkedin.com/in/benjamin-moris-5b51401/,Benjamin Moris,Mar 2004 - Feb 2006,,Business Application Consultant,Arkema - Vinyl Compounds Department
https://www.linkedin.com/in/aryaabhishek/,Abhishek Arya,May 2018 - Present,Singapore,"Manager, YouTube Partner Operations - IN/SEA",YouTube
https://www.linkedin.com/in/aryaabhishek/,Abhishek Arya,May 2015 - Apr 2018,"Gurgaon, India","Enterprise Cloud Sales, India",Google
https://www.linkedin.com/in/aryaabhishek/,Abhishek Arya,Apr 2013 - May 2015,"Gurgaon, India",YouTube Content Partner Operations,YouTube
https://www.linkedin.com/in/aryaabhishek/,Abhishek Arya,Oct 2011 - Mar 2013,"Gurgaon, India",AdWords Account Management,Google
https://www.linkedin.com/in/aryaabhishek/,Abhishek Arya,Jun 2008 - Sep 2011,"Gurgaon, India",Ad Review Operations,Google
https://www.linkedin.com/in/sai-srinivas-gopalan-571102/,Sai Srinivas Gopalan,Oct 2019 - Present,Singapore,Director - APAC Cloud Sales Operations and Strategy,Google
https://www.linkedin.com/in/sai-srinivas-gopalan-571102/,Sai Srinivas Gopalan,Feb 2017 - Oct 2019,Singapore,"Head of APAC Sales Strategy and Operations, Google Cloud",Google
https://www.linkedin.com/in/sai-srinivas-gopalan-571102/,Sai Srinivas Gopalan,Jan 2015 - Oct 2019,Singapore,"Head of Brand Products, APAC",Google
https://www.linkedin.com/in/sai-srinivas-gopalan-571102/,Sai Srinivas Gopalan,Nov 2012 - Dec 2014,Singapore,"APAC Head of Sales Strategy, APAC Sales Strategy and Initiatives Manager",Google
https://www.linkedin.com/in/sai-srinivas-gopalan-571102/,Sai Srinivas Gopalan,May 2004 - Nov 2012,Singapore,Engagement Manager,McKinsey & Company
https://www.linkedin.com/in/sai-srinivas-gopalan-571102/,Sai Srinivas Gopalan,Jan 2003 - May 2004,,Treasury Consultant,Reuters Asia Pte Ltd
https://www.linkedin.com/in/sai-srinivas-gopalan-571102/,Sai Srinivas Gopalan,Jun 2001 - Dec 2002,,Enterprise Application Integration Consultant,Reuters Asia Pte Ltd
https://www.linkedin.com/in/neetatolani/,Neeta Tolani,Jun 2016 - Present,Singapore,Internal Communiations Manager - SEA,Google
https://www.linkedin.com/in/neetatolani/,Neeta Tolani,Feb 2010 - Jun 2016,India,Internal Communications Manager - India,Google
https://www.linkedin.com/in/neetatolani/,Neeta Tolani,Oct 2006 - Feb 2010,,Marketing Communications Specialist,"Microsoft Global Services India, Hyderabad"
https://www.linkedin.com/in/neetatolani/,Neeta Tolani,2006 - 2008,,Consultant,C&K Management
https://www.linkedin.com/in/neetatolani/,Neeta Tolani,Aug 2006 - Oct 2006,,Consultant R&D (RTI Team),"Byrraju Foundation, Secunderabad"
https://www.linkedin.com/in/neetatolani/,Neeta Tolani,Oct 2002 - Aug 2006,,Content Writer- Marketing,CnK Management
https://www.linkedin.com/in/patrickteo/,Patrick Teo,Apr 2019 - Present,Singapore,"Head of Engineering for Payments, Next Billion Users and Site Leader for Singapore office",Google
https://www.linkedin.com/in/patrickteo/,Patrick Teo,Aug 2017 - Apr 2019,Singapore,"Chief Product Officer and EVP, Engineering",RedMart
https://www.linkedin.com/in/patrickteo/,Patrick Teo,Mar 2014 - Dec 2015,"Menlo Park, California",Head of Engineering for Local and Entities,Facebook
https://www.linkedin.com/in/patrickteo/,Patrick Teo,Dec 2009 - Dec 2013,"San Francisco, California",Head of Technology for Amazon Digital Music and Site Leader for San Francisco office,Amazon.com
https://www.linkedin.com/in/patrickteo/,Patrick Teo,Jun 1999 - Dec 2009,"Redwood City, California","VP, Engineering and Founding Member",Shutterfly
