﻿employee_url,name,duration,location,job_title,company_name
https://www.linkedin.com/in/choicathy/,Cathy Choi,Aug 2018 - Present,Singapore,HR People Partner,Google
https://www.linkedin.com/in/choicathy/,Cathy Choi,Dec 2019 - Apr 2020,Greater New York City Area,HR People Partner - Global Client & Agency Solutions,Google
https://www.linkedin.com/in/choicathy/,Cathy Choi,Jan 2016 - Aug 2018,Singapore,HR Business Partner - APAC & Greater China Shave Care,Procter & Gamble
https://www.linkedin.com/in/choicathy/,Cathy Choi,Aug 2013 - Dec 2015,"Beijing City, China","HR Leader, Beijing Innovation Center and Research & Development",Procter & Gamble
https://www.linkedin.com/in/florawong1/,Flora Wong,Sep 2017 - Present,Singapore,"Head of Field Marketing, Google Cloud, South East Asia",Google
https://www.linkedin.com/in/florawong1/,Flora Wong,Feb 2017 - Nov 2017,Singapore,Global Head of Marketing Google Maps,Google
https://www.linkedin.com/in/florawong1/,Flora Wong,Apr 2014 - Jan 2017,Singapore,"Marketing Manager Google Maps , Google Cloud, Asia Pacific",Google
https://www.linkedin.com/in/florawong1/,Flora Wong,Jul 2012 - Apr 2014,"Amsterdam Area, Netherlands","Marketing Manager Enterprise Benelux, Nordics, CEE & MEA",Google
https://www.linkedin.com/in/florawong1/,Flora Wong,Dec 2010 - Jul 2012,,Marketing Manager Google Enterprise Benelux,Google
https://www.linkedin.com/in/florawong1/,Flora Wong,Jul 2008 - Dec 2010,,Marketing & PR manager,Eperium Business Solutions
https://www.linkedin.com/in/florawong1/,Flora Wong,Jul 2006 - Jul 2008,,e-Marketing consultant,Eperium Business Solutions
https://www.linkedin.com/in/florawong1/,Flora Wong,2005 - 2006,,Marketing Coordinator Web & Direct,The phone House
https://www.linkedin.com/in/florawong1/,Flora Wong,2001 - 2005,,Marketing research coordinator,Graydon
https://www.linkedin.com/in/florawong1/,Flora Wong,2000 - 2001,,Internship - Mobile market analyst,KPN
https://www.linkedin.com/in/stephmorton/,Stephanie Morton,Jan 2020 - Present,Singapore,Staffing Channels Lead APAC,Google        Full-time
https://www.linkedin.com/in/stephmorton/,Stephanie Morton,Oct 2018 - Dec 2019,Singapore,"Global Talent Acquisition Manager: Strategy, Technology & Talent Relationship Management",Siemens
https://www.linkedin.com/in/stephmorton/,Stephanie Morton,Jan 2015 - Sep 2018,Singapore,"Global Strategy & Technology Consultant, Talent Acquisition",Siemens
https://www.linkedin.com/in/stephmorton/,Stephanie Morton,Jun 2010 - Aug 2010,"London, United Kingdom",Human Resources Analyst,Deutsche Bank
https://www.linkedin.com/in/donovansung/,Donovan Sung,Aug 2019 - Present,Singapore,"Product Management Lead, Payments, APAC",Google
https://www.linkedin.com/in/donovansung/,Donovan Sung,Nov 2014 - Aug 2019,"Beijing City, China","Xiaomi Global Spokesperson, Director of Product Management",Xiaomi Technology
https://www.linkedin.com/in/donovansung/,Donovan Sung,Jan 2012 - Oct 2014,Greater New York City Area,Product Area Lead,Spotify
https://www.linkedin.com/in/donovansung/,Donovan Sung,Oct 2009 - Jan 2012,"San Bruno, CA","Partner Product Manager, YouTube Music",YouTube
https://www.linkedin.com/in/donovansung/,Donovan Sung,Aug 2008 - Jan 2012,"Mountain View, CA",Partner Product Manager,Google
https://www.linkedin.com/in/barbara-crane-a293b8a/,Barbara Crane,Aug 2019 - Present,Singapore,"Head of Financial Services Industry, SEA - Google Cloud",Google
https://www.linkedin.com/in/barbara-crane-a293b8a/,Barbara Crane,Jan 2017 - Aug 2019,Singapore,Sales Director - Financial Services Industry,SAP
https://www.linkedin.com/in/barbara-crane-a293b8a/,Barbara Crane,Oct 2012 - Jan 2015,Singapore,Head of Client Relationship Management - APAC,RBS
https://www.linkedin.com/in/barbara-crane-a293b8a/,Barbara Crane,Oct 2010 - Oct 2012,"London, United Kingdom",Relationship Management - EMEA,RBS
https://www.linkedin.com/in/barbara-crane-a293b8a/,Barbara Crane,Aug 2007 - Oct 2010,,Sales and Structuring - Primary Market EMEA,BNP Paribas
https://www.linkedin.com/in/barbara-crane-a293b8a/,Barbara Crane,Mar 2001 - Aug 2007,"London, United Kingdom",Investment Banking and Capital Markets - EMEA,HSBC
https://www.linkedin.com/in/yennywong/,Yenny Wong,Nov 2019 - Present,Singapore,"Cloud Leadership Recruiter, Google Cloud APAC",Google        Full-time
https://www.linkedin.com/in/yennywong/,Yenny Wong,Apr 2014 - Oct 2019,Singapore,"Principal Recruiting Business Partner, APAC (GTM positions)",Palo Alto Networks
https://www.linkedin.com/in/yennywong/,Yenny Wong,Mar 2012 - Apr 2014,Singapore,Business Lead - Technology,SearchAsia Consulting        Full-time
https://www.linkedin.com/in/yennywong/,Yenny Wong,Mar 2010 - Mar 2012,Singapore,Team Manager - Tech,"Recruit Infocomms, a division of Recruit Express Singapore"
https://www.linkedin.com/in/yennywong/,Yenny Wong,Nov 2008 - Mar 2010,"Sydney, Australia",Consulting Manager - BFSI & Tech,"Recruit Infocomms, a division of Recruit Express Singapore"
https://www.linkedin.com/in/pao-j-hao/,Pao J-Hao,Jul 2020 - Present,,Business Intern,Google
https://www.linkedin.com/in/pao-j-hao/,Pao J-Hao,Jan 2020 - Jul 2020,,Enterprise Sales Intern,Amazon Web Services (AWS)
https://www.linkedin.com/in/pao-j-hao/,Pao J-Hao,May 2020 - Jun 2020,,Product Management Mentorship,Rakuten
https://www.linkedin.com/in/pao-j-hao/,Pao J-Hao,Sep 2019 - Jan 2020,,Business Development Intern,Shopee
https://www.linkedin.com/in/pao-j-hao/,Pao J-Hao,Aug 2019 - Oct 2019,,Student Consultant,Amazon Web Services (AWS)
https://www.linkedin.com/in/richard-spence-587b2b6/,Richard Spence,Mar 2018 - Present,Singapore,"Regional Sales Leader, ASEAN",Google
https://www.linkedin.com/in/richard-spence-587b2b6/,Richard Spence,Sep 2017 - May 2018,Singapore,"FSI & Fintech, Google Cloud",Google
https://www.linkedin.com/in/richard-spence-587b2b6/,Richard Spence,Mar 2015 - Sep 2017,Singapore,"Managing Director, ASEAN",Avaya
https://www.linkedin.com/in/richard-spence-587b2b6/,Richard Spence,Dec 2013 - May 2015,Singapore,Global Client Executive - Standard Chartered,Avaya
https://www.linkedin.com/in/richard-spence-587b2b6/,Richard Spence,2004 - 2006,,Business Development Manager,Thus
https://www.linkedin.com/in/richard-spence-587b2b6/,Richard Spence,Jun 2002 - Sep 2003,Bracknell,Sales Developer Global Corporate Accounts at Hewlett-Packard,Hewlett Packard
https://www.linkedin.com/in/lydia-beh-assoc-cipd-62805281/,"Lydia Beh, Assoc CIPD",Feb 2020 - Present,Singapore,Staffing Channels team - Recruiting for Google!,Google
https://www.linkedin.com/in/lydia-beh-assoc-cipd-62805281/,"Lydia Beh, Assoc CIPD",2017 - Present,Singapore,Talent Acquisition | Technology & Corporate,Cognizant
https://www.linkedin.com/in/lydia-beh-assoc-cipd-62805281/,"Lydia Beh, Assoc CIPD",Jan 2011 - Feb 2016,Takashimaya,Technology Consultant,SearchAsia Consulting Pte Ltd
https://www.linkedin.com/in/lydia-beh-assoc-cipd-62805281/,"Lydia Beh, Assoc CIPD",Mar 2016 - 2016,Singapore,Senior Consultant - Technology (Regional),Spencer-Ogden
https://www.linkedin.com/in/carolynbwu/,Carolyn Wu,2019 - Present,Singapore,"Global Program Manager & APAC Lead, Customer Solutions",Google
https://www.linkedin.com/in/carolynbwu/,Carolyn Wu,2018 - 2019,San Francisco Bay Area,Business Operations & Strategy,LinkedIn
https://www.linkedin.com/in/carolynbwu/,Carolyn Wu,2017 - 2018,San Francisco Bay Area,"Strategy & Operations, SMB Marketing",Google
https://www.linkedin.com/in/carolynbwu/,Carolyn Wu,2015 - 2017,San Francisco Bay Area,"Global Product Lead, Google Analytics 360 Suite",Google
https://www.linkedin.com/in/carolynbwu/,Carolyn Wu,2013 - 2015,San Francisco Bay Area,"Manager, Global eCommerce Strategy & Operations",Levi Strauss & Co.
https://www.linkedin.com/in/carolynbwu/,Carolyn Wu,2012 - 2013,San Francisco Bay Area,"Senior Analyst, Global eCommerce Rollout",Levi Strauss & Co.
https://www.linkedin.com/in/carolynbwu/,Carolyn Wu,2010 - 2011,San Francisco Bay Area,Investment Banking Analyst,Piper Jaffray
