﻿employee_url,name,duration,location,job_title,company_name
https://www.linkedin.com/in/neocherie/,Cherie Neo,Apr 2019 - Present,Singapore,"SEA Growth Strategist, Google Customer Solutions",Google        Full-time
https://www.linkedin.com/in/neocherie/,Cherie Neo,Oct 2018 - Mar 2019,,"Senior Associate, Regional Marketing",Shopee
https://www.linkedin.com/in/neocherie/,Cherie Neo,Jan 2017 - Sep 2018,Singapore,"Senior Associate, Brand Partnerships",Shopee
https://www.linkedin.com/in/neocherie/,Cherie Neo,Jan 2014 - Jun 2014,Singapore,"Marketing Intern, Lancôme",L'Oréal
https://www.linkedin.com/in/neocherie/,Cherie Neo,Jan 2013 - Dec 2013,Singapore Management University,President,SMU Students' Association (SMUSA)
https://www.linkedin.com/in/achaule/,A-Chau Le,2017 - Present,Singapore,Business Development Manager,Google
https://www.linkedin.com/in/achaule/,A-Chau Le,2015 - 2016,"Ho Chi Minh City, Vietnam",Category Manager,Lazada Group
https://www.linkedin.com/in/achaule/,A-Chau Le,Jan 2015 - Mar 2015,"Nakuru, Kenya",Team Lead,Department for International Development (DFID)
https://www.linkedin.com/in/achaule/,A-Chau Le,Jun 2014 - Jan 2015,"London, United Kingdom",Community Manager,CRU Kafe
https://www.linkedin.com/in/achaule/,A-Chau Le,Sep 2014,"Brussels Area, Belgium",Conference Coordinator,European Commission
https://www.linkedin.com/in/susan-chong99/,Susan Chong,Sep 2020 - Present,Singapore,SEA Google Workspace Enterprise Account Management Lead,Google        Full-time
https://www.linkedin.com/in/susan-chong99/,Susan Chong,Jan 2019 - Sep 2020,Singapore,Enterprise Account Manager (Asean Territory),ServiceNow
https://www.linkedin.com/in/susan-chong99/,Susan Chong,Apr 2018 - Jan 2019,Singapore,Senior Account Executive - Enterprise Corporate Sales at Salesforce,Salesforce
https://www.linkedin.com/in/susan-chong99/,Susan Chong,Dec 2015 - Apr 2018,Singapore,"Senior Account Executive, Fast Growth & Emerging Market",Salesforce
https://www.linkedin.com/in/susan-chong99/,Susan Chong,May 2012 - Nov 2015,Singapore,Regional Sales Manager,"WD, a Western Digital company"
https://www.linkedin.com/in/susan-chong99/,Susan Chong,Nov 2010 - May 2012,"Kuala Lumpur, Malaysia",Teritorry Sales Manager,Cisco
https://www.linkedin.com/in/angela-koh-65691a2/,Angela Koh,Jan 2020 - Present,Singapore,"Head Public Sector , Google Cloud, South East Asia",Google
https://www.linkedin.com/in/angela-koh-65691a2/,Angela Koh,Jul 2019 - Jan 2020,Singapore,"Regional Head- Public Sector & Corporate- Google Cloud, South East Asia",Google
https://www.linkedin.com/in/angela-koh-65691a2/,Angela Koh,Jul 2018 - Jan 2020,Singapore,Head of Sales Google Cloud- Singapore,Google
https://www.linkedin.com/in/angela-koh-65691a2/,Angela Koh,Jun 2016 - Jul 2018,Singapore,Head of Corporate Sales,Microsoft
https://www.linkedin.com/in/angela-koh-65691a2/,Angela Koh,Jun 2016 - Jul 2017,Singapore,Head of Growth Business,Microsoft
https://www.linkedin.com/in/angela-koh-65691a2/,Angela Koh,Jan 2016 - Jun 2016,Singapore,Strategic Partner Development Head,Amazon Web Services (AWS)
https://www.linkedin.com/in/angela-koh-65691a2/,Angela Koh,Feb 2013 - Jan 2016,Singapore,ASEAN Channels & Alliance,Amazon Web Services (AWS)
https://www.linkedin.com/in/angela-koh-65691a2/,Angela Koh,Dec 2011 - Feb 2013,Singapore,"Channels Manager, ASEAN",Blue Coat Systems
https://www.linkedin.com/in/angela-koh-65691a2/,Angela Koh,Oct 2010 - Dec 2011,Singapore,"Regional Channels program Manager, ASEAN & Korea",F5 Networks
https://www.linkedin.com/in/vincenttatan/,Vincent Tatan,Aug 2019 - Present,Singapore,"Data Analyst (Machine Learning), Trust and Safety",Google
https://www.linkedin.com/in/vincenttatan/,Vincent Tatan,Apr 2019 - Present,,Technical Writer,Medium
https://www.linkedin.com/in/vincenttatan/,Vincent Tatan,Jun 2017 - Aug 2019,singapore,Data and Software Architecture Engineer (Core Processing),Visa
https://www.linkedin.com/in/vincenttatan/,Vincent Tatan,Dec 2016 - Apr 2017,Singapore,Data Scientist Intern,Lazada Group
https://www.linkedin.com/in/vincenttatan/,Vincent Tatan,May 2016 - Jul 2016,Singapore,Summer Intern (Business Intelligence),Visa
https://www.linkedin.com/in/pei-yu-82a98071/,Pei Yu,Feb 2020 - Present,Singapore,Corporate Field Sales,Google
https://www.linkedin.com/in/pei-yu-82a98071/,Pei Yu,Apr 2018 - Feb 2020,Singapore,Account Manager - Google Cloud,Google
https://www.linkedin.com/in/pei-yu-82a98071/,Pei Yu,May 2017 - Apr 2018,Singapore,Customer Success Manager ASEAN - ERP and HCM,Oracle
https://www.linkedin.com/in/pei-yu-82a98071/,Pei Yu,Jun 2016 - May 2017,Singapore,Business Development Manager - Oracle Marketing Cloud,Oracle
https://www.linkedin.com/in/pei-yu-82a98071/,Pei Yu,2013 - 2015,Singapore,Consultant Completions & Production Engineering Asia,Hydrogen Group Asia Pacific
https://www.linkedin.com/in/pei-yu-82a98071/,Pei Yu,Nov 2012 - 2013,"Sydney, Australia",Sales and Marketing Assistant,Boheme Art + Design
https://www.linkedin.com/in/kzielinski1/,Krzysztof A. Zielinski,Aug 2016 - Present,Singapore,Head of Marketing - Google Cloud - JAPAC,Google
https://www.linkedin.com/in/kzielinski1/,Krzysztof A. Zielinski,Feb 2014 - Aug 2016,Singapore,Head of Marketing - APAC,Amazon Web Services
https://www.linkedin.com/in/kzielinski1/,Krzysztof A. Zielinski,Sep 2013 - Feb 2014,Singapore,Head of Marketing - APJ - Talent Solutions,LinkedIn
https://www.linkedin.com/in/kzielinski1/,Krzysztof A. Zielinski,Jul 2009 - Sep 2013,,Marketing Director - ASEAN,VMware
https://www.linkedin.com/in/kzielinski1/,Krzysztof A. Zielinski,Aug 2006 - Jan 2010,,Senior Manager - Marketing Operations - APJ,VMware
https://www.linkedin.com/in/kzielinski1/,Krzysztof A. Zielinski,2006,,Competitive Sales Executive,IBM
https://www.linkedin.com/in/kzielinski1/,Krzysztof A. Zielinski,2005 - 2006,,Business Development Manager,IBM
https://www.linkedin.com/in/amannarain/,Aman Narain,Jan 2019 - Present,Singapore,Global New Payments Ecosystems Lead,Google
https://www.linkedin.com/in/amannarain/,Aman Narain,Nov 2017 - Jan 2019,Singapore,"Regional Head, eCommerce, Retail & Travel Partnerships, JAPAC",Google
https://www.linkedin.com/in/amannarain/,Aman Narain,2016 - 2017,Singapore,Head of Digital & Fintech,Schroders
https://www.linkedin.com/in/amannarain/,Aman Narain,2015 - 2016,Singapore,CEO International,BankBazaar.com
https://www.linkedin.com/in/amannarain/,Aman Narain,2012 - 2014,,"Global Head of Digital Banking (Internet, Mobile, ATM, POS & Social Media)",Standard Chartered Bank
https://www.linkedin.com/in/amannarain/,Aman Narain,2008 - 2012,,Global Head of Internet & Mobile Banking,Standard Chartered Bank
https://www.linkedin.com/in/theohdavies/,Theo Davies,Apr 2020 - Present,"Singapore, Singapore",Head of Cloud Sales Enablement JAPAC,Google
https://www.linkedin.com/in/theohdavies/,Theo Davies,Aug 2012 - Present,Singapore,Partner,Southwestern Consulting
https://www.linkedin.com/in/theohdavies/,Theo Davies,Jun 2017 - Apr 2020,Singapore,Director of Sales Enablement APAC,Oracle
https://www.linkedin.com/in/theohdavies/,Theo Davies,Jan 2018 - Dec 2019,Singapore,Co-Founder / Investor,Scoop Crypto Mining
https://www.linkedin.com/in/theohdavies/,Theo Davies,Mar 2009 - Aug 2012,,Sales Director,Cushman & Wakefield Greater China
https://www.linkedin.com/in/lnsadani/,LN Sadani,2015 - Present,"Singapore/Mumbai, India",Founder and CEO,Lensbridge Capital
https://www.linkedin.com/in/lnsadani/,LN Sadani,2015 - Present,Singapore,Managing Partner (Asia Pacific) - Digital Infrastructure Funds,Cisco
https://www.linkedin.com/in/lnsadani/,LN Sadani,2015 - Present,Singapore,Senior Advisor,Upwelling Capital Group
https://www.linkedin.com/in/lnsadani/,LN Sadani,2019 - Present,Emerging Markets Globally,Investor - Cisco | Google Partnership for Public Wifi,Google
https://www.linkedin.com/in/lnsadani/,LN Sadani,2015 - Present,India,Investor,Rebel Foods (Formerly Faasos)
