﻿employee_url,name,duration,location,job_title,company_name
https://www.linkedin.com/in/yuilinh/,Linh Le,Nov 2019 - Present,Singapore,Associate Product Marketing Manager,Google
https://www.linkedin.com/in/yuilinh/,Linh Le,Jan 2018 - Nov 2019,Singapore,Large Customer Marketing,Google
https://www.linkedin.com/in/yuilinh/,Linh Le,Mar 2017 - Jan 2018,"Kuala Lumpur, Malaysia",Digital Marketing Executive,Photobook Worldwide
https://www.linkedin.com/in/yuilinh/,Linh Le,Nov 2014 - Jun 2016,"No. 39, Alley 107A Ton Duc Thang Street, Hanoi, Vietnam",Local Committee President,AIESEC Vietnam
https://www.linkedin.com/in/yuilinh/,Linh Le,Jan 2014 - Dec 2014,"Hanoi, Vietnam",Vice President of Marketing and Communications,AIESEC Vietnam
https://www.linkedin.com/in/palvinder-singh-chahil-a5a3841/,Palvinder Singh Chahil,Aug 2020 - Present,Singapore,"Country Director, Singapore & Malaysia, Google Cloud",Google        Full-time
https://www.linkedin.com/in/palvinder-singh-chahil-a5a3841/,Palvinder Singh Chahil,Aug 2019 - Aug 2020,Singapore,"Director, Smart Nation and Digital Government",Microsoft
https://www.linkedin.com/in/palvinder-singh-chahil-a5a3841/,Palvinder Singh Chahil,Aug 2017 - Aug 2019,Singapore,Director Strategic Engagements - APAC,Microsoft
https://www.linkedin.com/in/palvinder-singh-chahil-a5a3841/,Palvinder Singh Chahil,Sep 2012 - Sep 2016,Singapore,Head of Edge Services - APAC and China - AWS,Amazon Web Services
https://www.linkedin.com/in/palvinder-singh-chahil-a5a3841/,Palvinder Singh Chahil,Mar 2010 - Sep 2012,Singapore and London,Head of Buyside EPS Solutions in APAC & EMEA,Bloomberg LP
https://www.linkedin.com/in/palvinder-singh-chahil-a5a3841/,Palvinder Singh Chahil,Sep 2006 - Feb 2010,London,"Sales & Business Development Director, EMEA & APAC",Panther Express
https://www.linkedin.com/in/amy-nguyen-3476a4b9/,Amy Nguyen,Sep 2019 - Present,Singapore,"Account Strategist, Google Customer Solutions",Google        Full-time
https://www.linkedin.com/in/amy-nguyen-3476a4b9/,Amy Nguyen,Jul 2018 - Aug 2019,Singapore,"Associate, Digital Enablement Consulting",KPMG
https://www.linkedin.com/in/amy-nguyen-3476a4b9/,Amy Nguyen,May 2018 - Jul 2018,Singapore,Intern,McKinsey & Company
https://www.linkedin.com/in/amy-nguyen-3476a4b9/,Amy Nguyen,Jan 2018 - May 2018,Singapore,Digital Business Analyst (Intern),Deloitte
https://www.linkedin.com/in/amy-nguyen-3476a4b9/,Amy Nguyen,Aug 2017 - Nov 2017,Singapore,Global Growth Marketing Communications Specialist (Intern),GE
https://www.linkedin.com/in/lionelgao/,Lionel Gao,Feb 2019 - Present,Singapore,"Head of Account Development, Google Cloud - APAC",Google
https://www.linkedin.com/in/lionelgao/,Lionel Gao,Nov 2016 - Feb 2019,Singapore,"Manager, Sales Development, Google Cloud - JAPAC",Google
https://www.linkedin.com/in/lionelgao/,Lionel Gao,Feb 2016 - Nov 2016,Singapore,"Regional Lead, Corporate Sales - JAPAC",Google
https://www.linkedin.com/in/lionelgao/,Lionel Gao,Aug 2013 - Feb 2016,Singapore,Account Management Lead - APAC,Google
https://www.linkedin.com/in/lionelgao/,Lionel Gao,Apr 2013 - Aug 2013,Singapore,Enterprise Business Representative - ASEAN,salesforce.com
https://www.linkedin.com/in/lionelgao/,Lionel Gao,Dec 2011 - Mar 2013,Singapore,Senior Sales Representative - ASEAN,salesforce.com
https://www.linkedin.com/in/lionelgao/,Lionel Gao,Oct 2010 - Dec 2011,Singapore,Enterprise Sales Manager - Singapore,Hewlett-Packard
https://www.linkedin.com/in/lionelgao/,Lionel Gao,Apr 2009 - Oct 2010,,Business Development Manager - Singapore,Hewlett-Packard
https://www.linkedin.com/in/lionelgao/,Lionel Gao,Apr 2007 - Aug 2007,Singapore,Business Intern - Singapore,Hewlett-Packard
https://www.linkedin.com/in/wagnerthomas/,Thomas Wagner,Jul 2020 - Present,Singapore,Social Marketing Lead (APAC),YouTube        Full-time
https://www.linkedin.com/in/wagnerthomas/,Thomas Wagner,Nov 2018 - Dec 2019,Singapore,Head Of Planning / Strategy,BBH Asia Pacific (Singapore)
https://www.linkedin.com/in/wagnerthomas/,Thomas Wagner,Apr 2017 - Oct 2018,Singapore,Strategy Director,BBH Asia Pacific (Singapore)
https://www.linkedin.com/in/wagnerthomas/,Thomas Wagner,Feb 2018 - Dec 2019,Singapore,Analytics - Co-Chair 2018 and Committee Member 2019,IAB Singapore
https://www.linkedin.com/in/wagnerthomas/,Thomas Wagner,Nov 2012 - Jan 2014,Singapore,Strategy Consultant / Senior Strategy Consultant,FutureBrand
https://www.linkedin.com/in/wagnerthomas/,Thomas Wagner,Feb 2012 - Dec 2013,Vienna,"Co-founder, Strategy and Innovation",Testplus KG
https://www.linkedin.com/in/kelyn-tan/,Kelyn Tan,Sep 2019 - Present,Singapore,Account Strategist,Google
https://www.linkedin.com/in/kelyn-tan/,Kelyn Tan,Sep 2018 - Sep 2019,Singapore,Business Integrity Lead,Facebook
https://www.linkedin.com/in/kelyn-tan/,Kelyn Tan,Apr 2017 - Sep 2018,Singapore,Digital Campaign Manager,eGENTIC Asia Pacific
https://www.linkedin.com/in/kelyn-tan/,Kelyn Tan,Dec 2013 - Apr 2017,Singapore,Founder and Managing Director,Gap Year Guide
https://www.linkedin.com/in/kelyn-tan/,Kelyn Tan,May 2016 - Aug 2016,Singapore,Digital Marketing Intern,TheSmartLocal.com
https://www.linkedin.com/in/nicholetteli/,Nicholette Li,Oct 2019 - Present,Mountain View,Software Engineer,Google        Full-time
https://www.linkedin.com/in/nicholetteli/,Nicholette Li,Mar 2018 - Sep 2019,Singapore,Software Engineer,Nugit        Full-time
https://www.linkedin.com/in/nicholetteli/,Nicholette Li,Aug 2013 - Dec 2017,Singapore,Computer Science Undegraduate,National University of Singapore        Full-time
https://www.linkedin.com/in/nicholetteli/,Nicholette Li,Nov 2016 - Dec 2016,Singapore,Software Engineering Intern,"Ministry of Education, Singapore (MOE)        Internship"
https://www.linkedin.com/in/nicholetteli/,Nicholette Li,Aug 2015 - Aug 2016,"Palo Alto, California",Software Engineer Internship,Emergent Payments        Internship
https://www.linkedin.com/in/dthulinh/,Linh Duong,Feb 2020 - Present,,Corporate Account Manager - Google Cloud,Google
https://www.linkedin.com/in/dthulinh/,Linh Duong,Sep 2019 - Feb 2020,Singapore,Territory Sales - Google Cloud,Google
https://www.linkedin.com/in/dthulinh/,Linh Duong,Feb 2019 - Sep 2019,Singapore,Cloud Security Sales - ASEAN,Palo Alto Networks
https://www.linkedin.com/in/dthulinh/,Linh Duong,Nov 2017 - Jan 2019,Singapore,Senior Business Development - ASEAN,Palo Alto Networks
https://www.linkedin.com/in/dthulinh/,Linh Duong,Jun 2015 - Dec 2015,Singapore,Online Quality Analyst Team Lead / QA Trainer - Google,Wipro Limited
https://www.linkedin.com/in/dthulinh/,Linh Duong,Jun 2014 - Jun 2015,singapore,SEA IM Team Lead - SAP Asia,inCall Systems Pte Ltd
https://www.linkedin.com/in/dthulinh/,Linh Duong,Dec 2012 - May 2014,Singapore,"INS, Inside Marketing - SAP Asia",inCall Systems Pte Ltd
https://www.linkedin.com/in/dthulinh/,Linh Duong,2009 - 2011,Singapore,"Research Engineer, ME",National University of Singapore
https://www.linkedin.com/in/marcusfoon/,Marcus Foon,Apr 2018 - Present,Singapore,Program Manager,Google
https://www.linkedin.com/in/marcusfoon/,Marcus Foon,Sep 2015 - Apr 2018,Singapore,Community Manager - Global,Google
https://www.linkedin.com/in/marcusfoon/,Marcus Foon,Jul 2020 - Present,Indonesia,Advisor,Kumpul
https://www.linkedin.com/in/marcusfoon/,Marcus Foon,Jan 2014 - Sep 2015,"Kuala Lumpur, Malaysia",Project Director / Co-founder,Marcusson Sdn Bhd
https://www.linkedin.com/in/marcusfoon/,Marcus Foon,Jun 2006 - Dec 2013,"Kuala Lumpur, Malaysia",Business Development Director / Co-founder,DM One Sdn Bhd
https://www.linkedin.com/in/marcusfoon/,Marcus Foon,May 2004 - Jul 2006,Kuala Lumpur,Multimedia Designer,Multimedia Designer
